date,interest,keyword,geo
2023-01-01,2,GTA 6,worldwide
2023-01-08,2,GTA 6,worldwide
2023-01-15,2,GTA 6,worldwide
2023-01-22,2,GTA 6,worldwide
2023-01-29,2,GTA 6,worldwide
2023-02-05,2,GTA 6,worldwide
2023-02-12,2,GTA 6,worldwide
2023-02-19,2,GTA 6,worldwide
2023-02-26,3,GTA 6,worldwide
2023-03-05,3,GTA 6,worldwide
2023-03-12,2,GTA 6,worldwide
2023-03-19,3,GTA 6,worldwide
2023-03-26,3,GTA 6,worldwide
2023-04-02,3,GTA 6,worldwide
2023-04-09,2,GTA 6,worldwide
2023-04-16,2,GTA 6,worldwide
2023-04-23,3,GTA 6,worldwide
2023-04-30,3,GTA 6,worldwide
2023-05-07,4,GTA 6,worldwide
2023-05-14,4,GTA 6,worldwide
2023-05-21,4,GTA 6,worldwide
2023-05-28,3,GTA 6,worldwide
2023-06-04,3,GTA 6,worldwide
2023-06-11,3,GTA 6,worldwide
2023-06-18,2,GTA 6,worldwide
2023-06-25,3,GTA 6,worldwide
2023-07-02,3,GTA 6,worldwide
2023-07-09,2,GTA 6,worldwide
2023-07-16,4,GTA 6,worldwide
2023-07-23,3,GTA 6,worldwide
2023-07-30,3,GTA 6,worldwide
2023-08-06,5,GTA 6,worldwide
2023-08-13,4,GTA 6,worldwide
2023-08-20,4,GTA 6,worldwide
2023-08-27,4,GTA 6,worldwide
2023-09-03,5,GTA 6,worldwide
2023-09-10,3,GTA 6,worldwide
2023-09-17,5,GTA 6,worldwide
2023-09-24,4,GTA 6,worldwide
2023-10-01,5,GTA 6,worldwide
2023-10-08,3,GTA 6,worldwide
2023-10-15,6,GTA 6,worldwide
2023-10-22,17,GTA 6,worldwide
2023-10-29,5,GTA 6,worldwide
2023-11-05,16,GTA 6,worldwide
2023-11-12,9,GTA 6,worldwide
2023-11-19,8,GTA 6,worldwide
2023-11-26,12,GTA 6,worldwide
2023-12-03,64,GTA 6,worldwide
2023-12-10,13,GTA 6,worldwide
2023-12-17,8,GTA 6,worldwide
2023-12-24,7,GTA 6,worldwide
2023-12-31,5,GTA 6,worldwide
2024-01-07,4,GTA 6,worldwide
2024-01-14,4,GTA 6,worldwide
2024-01-21,3,GTA 6,worldwide
2024-01-28,3,GTA 6,worldwide
2024-02-04,3,GTA 6,worldwide
2024-02-11,3,GTA 6,worldwide
2024-02-18,3,GTA 6,worldwide
2024-02-25,3,GTA 6,worldwide
2024-03-03,3,GTA 6,worldwide
2024-03-10,3,GTA 6,worldwide
2024-03-17,3,GTA 6,worldwide
2024-03-24,3,GTA 6,worldwide
2024-03-31,3,GTA 6,worldwide
2024-04-07,3,GTA 6,worldwide
2024-04-14,3,GTA 6,worldwide
2024-04-21,3,GTA 6,worldwide
2024-04-28,3,GTA 6,worldwide
2024-05-05,3,GTA 6,worldwide
2024-05-12,4,GTA 6,worldwide
2024-05-19,3,GTA 6,worldwide
2024-05-26,3,GTA 6,worldwide
2024-06-02,3,GTA 6,worldwide
2024-06-09,3,GTA 6,worldwide
2024-06-16,3,GTA 6,worldwide
2024-06-23,3,GTA 6,worldwide
2024-06-30,3,GTA 6,worldwide
2024-07-07,3,GTA 6,worldwide
2024-07-14,4,GTA 6,worldwide
2024-07-21,4,GTA 6,worldwide
2024-07-28,3,GTA 6,worldwide
2024-08-04,4,GTA 6,worldwide
2024-08-11,4,GTA 6,worldwide
2024-08-18,4,GTA 6,worldwide
2024-08-25,3,GTA 6,worldwide
2024-09-01,4,GTA 6,worldwide
2024-09-08,5,GTA 6,worldwide
2024-09-15,3,GTA 6,worldwide
2024-09-22,3,GTA 6,worldwide
2024-09-29,3,GTA 6,worldwide
2024-10-06,3,GTA 6,worldwide
2024-10-13,3,GTA 6,worldwide
2024-10-20,4,GTA 6,worldwide
2024-10-27,4,GTA 6,worldwide
2024-11-03,4,GTA 6,worldwide
2024-11-10,4,GTA 6,worldwide
2024-11-17,5,GTA 6,worldwide
2024-11-24,6,GTA 6,worldwide
2024-12-01,7,GTA 6,worldwide
2024-12-08,6,GTA 6,worldwide
2024-12-15,6,GTA 6,worldwide
2024-12-22,9,GTA 6,worldwide
2024-12-29,12,GTA 6,worldwide
2025-01-05,9,GTA 6,worldwide
2025-01-12,7,GTA 6,worldwide
2025-01-19,7,GTA 6,worldwide
2025-01-26,8,GTA 6,worldwide
2025-02-02,9,GTA 6,worldwide
2025-02-09,8,GTA 6,worldwide
2025-02-16,7,GTA 6,worldwide
2025-02-23,9,GTA 6,worldwide
2025-03-02,8,GTA 6,worldwide
2025-03-09,6,GTA 6,worldwide
2025-03-16,8,GTA 6,worldwide
2025-03-23,6,GTA 6,worldwide
2025-03-30,7,GTA 6,worldwide
2025-04-06,5,GTA 6,worldwide
2025-04-13,5,GTA 6,worldwide
2025-04-20,6,GTA 6,worldwide
2025-04-27,16,GTA 6,worldwide
2025-05-04,34,GTA 6,worldwide
2025-05-11,18,GTA 6,worldwide
2025-05-18,9,GTA 6,worldwide
2025-05-25,8,GTA 6,worldwide
2025-06-01,5,GTA 6,worldwide
2025-06-08,5,GTA 6,worldwide
2025-06-15,4,GTA 6,worldwide
2025-06-22,5,GTA 6,worldwide
2025-06-29,4,GTA 6,worldwide
2025-07-06,4,GTA 6,worldwide
2025-07-13,4,GTA 6,worldwide
2025-07-20,5,GTA 6,worldwide
2025-07-27,6,GTA 6,worldwide
2025-08-03,7,GTA 6,worldwide
2025-08-10,6,GTA 6,worldwide
2025-08-17,6,GTA 6,worldwide
2025-08-24,5,GTA 6,worldwide
2025-08-31,6,GTA 6,worldwide
2025-09-07,6,GTA 6,worldwide
2025-09-14,7,GTA 6,worldwide
2025-09-21,6,GTA 6,worldwide
2025-09-28,5,GTA 6,worldwide
2025-10-05,5,GTA 6,worldwide
2025-10-12,6,GTA 6,worldwide
2025-10-19,6,GTA 6,worldwide
2025-10-26,6,GTA 6,worldwide
2025-11-02,19,GTA 6,worldwide
2025-11-09,9,GTA 6,worldwide
2025-11-16,6,GTA 6,worldwide
2025-11-23,5,GTA 6,worldwide
2025-11-30,7,GTA 6,worldwide
2025-12-07,5,GTA 6,worldwide
2025-12-14,5,GTA 6,worldwide
2025-12-21,6,GTA 6,worldwide
2025-12-28,12,GTA 6,worldwide
2026-01-04,8,GTA 6,worldwide
2026-01-11,6,GTA 6,worldwide
2026-01-18,7,GTA 6,worldwide
2026-01-25,7,GTA 6,worldwide
2026-02-01,7,GTA 6,worldwide
2026-02-08,6,GTA 6,worldwide
2026-02-15,6,GTA 6,worldwide
2026-02-22,6,GTA 6,worldwide
2026-03-01,6,GTA 6,worldwide
2026-03-08,6,GTA 6,worldwide
2026-03-15,6,GTA 6,worldwide
2026-03-22,7,GTA 6,worldwide
2026-03-29,8,GTA 6,worldwide
2026-04-05,8,GTA 6,worldwide
2026-04-12,7,GTA 6,worldwide
2026-04-19,7,GTA 6,worldwide
2026-04-26,9,GTA 6,worldwide
2026-05-03,11,GTA 6,worldwide
2026-05-10,15,GTA 6,worldwide
2026-05-17,22,GTA 6,worldwide
2026-05-24,14,GTA 6,worldwide
2026-05-31,10,GTA 6,worldwide
2026-06-07,9,GTA 6,worldwide
2026-06-14,23,GTA 6,worldwide
2026-06-21,100,GTA 6,worldwide
2026-06-28,43,GTA 6,worldwide
2026-07-05,20,GTA 6,worldwide
2026-07-12,13,GTA 6,worldwide
2026-07-19,12,GTA 6,worldwide
2026-07-26,12,GTA 6,worldwide
2026-08-02,15,GTA 6,worldwide
2026-08-09,14,GTA 6,worldwide
2026-08-16,36,GTA 6,worldwide
2026-08-23,79,GTA 6,worldwide
2026-08-30,44,GTA 6,worldwide
2026-09-06,31,GTA 6,worldwide
2023-01-01,2,GTA 6,US
2023-01-08,2,GTA 6,US
2023-01-15,2,GTA 6,US
2023-01-22,2,GTA 6,US
2023-01-29,1,GTA 6,US
2023-02-05,2,GTA 6,US
2023-02-12,1,GTA 6,US
2023-02-19,1,GTA 6,US
2023-02-26,2,GTA 6,US
2023-03-05,2,GTA 6,US
2023-03-12,2,GTA 6,US
2023-03-19,2,GTA 6,US
2023-03-26,2,GTA 6,US
2023-04-02,3,GTA 6,US
2023-04-09,2,GTA 6,US
2023-04-16,2,GTA 6,US
2023-04-23,2,GTA 6,US
2023-04-30,2,GTA 6,US
2023-05-07,3,GTA 6,US
2023-05-14,3,GTA 6,US
2023-05-21,3,GTA 6,US
2023-05-28,3,GTA 6,US
2023-06-04,2,GTA 6,US
2023-06-11,2,GTA 6,US
2023-06-18,2,GTA 6,US
2023-06-25,4,GTA 6,US
2023-07-02,2,GTA 6,US
2023-07-09,3,GTA 6,US
2023-07-16,4,GTA 6,US
2023-07-23,3,GTA 6,US
2023-07-30,2,GTA 6,US
2023-08-06,6,GTA 6,US
2023-08-13,5,GTA 6,US
2023-08-20,3,GTA 6,US
2023-08-27,3,GTA 6,US
2023-09-03,6,GTA 6,US
2023-09-10,3,GTA 6,US
2023-09-17,4,GTA 6,US
2023-09-24,3,GTA 6,US
2023-10-01,5,GTA 6,US
2023-10-08,3,GTA 6,US
2023-10-15,6,GTA 6,US
2023-10-22,13,GTA 6,US
2023-10-29,4,GTA 6,US
2023-11-05,15,GTA 6,US
2023-11-12,10,GTA 6,US
2023-11-19,9,GTA 6,US
2023-11-26,12,GTA 6,US
2023-12-03,58,GTA 6,US
2023-12-10,13,GTA 6,US
2023-12-17,8,GTA 6,US
2023-12-24,6,GTA 6,US
2023-12-31,4,GTA 6,US
2024-01-07,3,GTA 6,US
2024-01-14,3,GTA 6,US
2024-01-21,3,GTA 6,US
2024-01-28,2,GTA 6,US
2024-02-04,2,GTA 6,US
2024-02-11,3,GTA 6,US
2024-02-18,2,GTA 6,US
2024-02-25,2,GTA 6,US
2024-03-03,2,GTA 6,US
2024-03-10,2,GTA 6,US
2024-03-17,3,GTA 6,US
2024-03-24,2,GTA 6,US
2024-03-31,2,GTA 6,US
2024-04-07,2,GTA 6,US
2024-04-14,2,GTA 6,US
2024-04-21,2,GTA 6,US
2024-04-28,2,GTA 6,US
2024-05-05,2,GTA 6,US
2024-05-12,3,GTA 6,US
2024-05-19,2,GTA 6,US
2024-05-26,2,GTA 6,US
2024-06-02,3,GTA 6,US
2024-06-09,3,GTA 6,US
2024-06-16,3,GTA 6,US
2024-06-23,3,GTA 6,US
2024-06-30,3,GTA 6,US
2024-07-07,3,GTA 6,US
2024-07-14,3,GTA 6,US
2024-07-21,3,GTA 6,US
2024-07-28,3,GTA 6,US
2024-08-04,3,GTA 6,US
2024-08-11,3,GTA 6,US
2024-08-18,3,GTA 6,US
2024-08-25,3,GTA 6,US
2024-09-01,3,GTA 6,US
2024-09-08,3,GTA 6,US
2024-09-15,3,GTA 6,US
2024-09-22,2,GTA 6,US
2024-09-29,3,GTA 6,US
2024-10-06,3,GTA 6,US
2024-10-13,3,GTA 6,US
2024-10-20,3,GTA 6,US
2024-10-27,3,GTA 6,US
2024-11-03,3,GTA 6,US
2024-11-10,3,GTA 6,US
2024-11-17,4,GTA 6,US
2024-11-24,5,GTA 6,US
2024-12-01,5,GTA 6,US
2024-12-08,6,GTA 6,US
2024-12-15,5,GTA 6,US
2024-12-22,7,GTA 6,US
2024-12-29,11,GTA 6,US
2025-01-05,9,GTA 6,US
2025-01-12,6,GTA 6,US
2025-01-19,7,GTA 6,US
2025-01-26,7,GTA 6,US
2025-02-02,8,GTA 6,US
2025-02-09,7,GTA 6,US
2025-02-16,7,GTA 6,US
2025-02-23,10,GTA 6,US
2025-03-02,9,GTA 6,US
2025-03-09,6,GTA 6,US
2025-03-16,7,GTA 6,US
2025-03-23,6,GTA 6,US
2025-03-30,6,GTA 6,US
2025-04-06,5,GTA 6,US
2025-04-13,5,GTA 6,US
2025-04-20,5,GTA 6,US
2025-04-27,15,GTA 6,US
2025-05-04,31,GTA 6,US
2025-05-11,14,GTA 6,US
2025-05-18,8,GTA 6,US
2025-05-25,6,GTA 6,US
2025-06-01,4,GTA 6,US
2025-06-08,5,GTA 6,US
2025-06-15,3,GTA 6,US
2025-06-22,4,GTA 6,US
2025-06-29,3,GTA 6,US
2025-07-06,4,GTA 6,US
2025-07-13,3,GTA 6,US
2025-07-20,4,GTA 6,US
2025-07-27,6,GTA 6,US
2025-08-03,5,GTA 6,US
2025-08-10,4,GTA 6,US
2025-08-17,3,GTA 6,US
2025-08-24,3,GTA 6,US
2025-08-31,3,GTA 6,US
2025-09-07,3,GTA 6,US
2025-09-14,6,GTA 6,US
2025-09-21,4,GTA 6,US
2025-09-28,4,GTA 6,US
2025-10-05,3,GTA 6,US
2025-10-12,4,GTA 6,US
2025-10-19,5,GTA 6,US
2025-10-26,4,GTA 6,US
2025-11-02,18,GTA 6,US
2025-11-09,8,GTA 6,US
2025-11-16,5,GTA 6,US
2025-11-23,5,GTA 6,US
2025-11-30,5,GTA 6,US
2025-12-07,4,GTA 6,US
2025-12-14,4,GTA 6,US
2025-12-21,6,GTA 6,US
2025-12-28,14,GTA 6,US
2026-01-04,8,GTA 6,US
2026-01-11,6,GTA 6,US
2026-01-18,7,GTA 6,US
2026-01-25,6,GTA 6,US
2026-02-01,6,GTA 6,US
2026-02-08,6,GTA 6,US
2026-02-15,5,GTA 6,US
2026-02-22,5,GTA 6,US
2026-03-01,6,GTA 6,US
2026-03-08,5,GTA 6,US
2026-03-15,5,GTA 6,US
2026-03-22,6,GTA 6,US
2026-03-29,7,GTA 6,US
2026-04-05,7,GTA 6,US
2026-04-12,6,GTA 6,US
2026-04-19,7,GTA 6,US
2026-04-26,8,GTA 6,US
2026-05-03,11,GTA 6,US
2026-05-10,15,GTA 6,US
2026-05-17,22,GTA 6,US
2026-05-24,14,GTA 6,US
2026-05-31,9,GTA 6,US
2026-06-07,8,GTA 6,US
2026-06-14,25,GTA 6,US
2026-06-21,100,GTA 6,US
2026-06-28,48,GTA 6,US
2026-07-05,19,GTA 6,US
2026-07-12,13,GTA 6,US
2026-07-19,11,GTA 6,US
2026-07-26,10,GTA 6,US
2026-08-02,13,GTA 6,US
2026-08-09,12,GTA 6,US
2026-08-16,38,GTA 6,US
2026-08-23,70,GTA 6,US
2026-08-30,42,GTA 6,US
2026-09-06,33,GTA 6,US
2023-01-01,2,GTA 6,GB
2023-01-08,2,GTA 6,GB
2023-01-15,2,GTA 6,GB
2023-01-22,2,GTA 6,GB
2023-01-29,2,GTA 6,GB
2023-02-05,2,GTA 6,GB
2023-02-12,2,GTA 6,GB
2023-02-19,2,GTA 6,GB
2023-02-26,3,GTA 6,GB
2023-03-05,3,GTA 6,GB
2023-03-12,3,GTA 6,GB
2023-03-19,3,GTA 6,GB
2023-03-26,3,GTA 6,GB
2023-04-02,3,GTA 6,GB
2023-04-09,2,GTA 6,GB
2023-04-16,2,GTA 6,GB
2023-04-23,3,GTA 6,GB
2023-04-30,3,GTA 6,GB
2023-05-07,5,GTA 6,GB
2023-05-14,4,GTA 6,GB
2023-05-21,3,GTA 6,GB
2023-05-28,3,GTA 6,GB
2023-06-04,2,GTA 6,GB
2023-06-11,2,GTA 6,GB
2023-06-18,2,GTA 6,GB
2023-06-25,3,GTA 6,GB
2023-07-02,2,GTA 6,GB
2023-07-09,2,GTA 6,GB
2023-07-16,3,GTA 6,GB
2023-07-23,3,GTA 6,GB
2023-07-30,3,GTA 6,GB
2023-08-06,5,GTA 6,GB
2023-08-13,4,GTA 6,GB
2023-08-20,4,GTA 6,GB
2023-08-27,5,GTA 6,GB
2023-09-03,7,GTA 6,GB
2023-09-10,4,GTA 6,GB
2023-09-17,4,GTA 6,GB
2023-09-24,4,GTA 6,GB
2023-10-01,6,GTA 6,GB
2023-10-08,3,GTA 6,GB
2023-10-15,7,GTA 6,GB
2023-10-22,17,GTA 6,GB
2023-10-29,5,GTA 6,GB
2023-11-05,16,GTA 6,GB
2023-11-12,8,GTA 6,GB
2023-11-19,8,GTA 6,GB
2023-11-26,11,GTA 6,GB
2023-12-03,56,GTA 6,GB
2023-12-10,9,GTA 6,GB
2023-12-17,6,GTA 6,GB
2023-12-24,5,GTA 6,GB
2023-12-31,3,GTA 6,GB
2024-01-07,2,GTA 6,GB
2024-01-14,2,GTA 6,GB
2024-01-21,2,GTA 6,GB
2024-01-28,2,GTA 6,GB
2024-02-04,2,GTA 6,GB
2024-02-11,2,GTA 6,GB
2024-02-18,2,GTA 6,GB
2024-02-25,2,GTA 6,GB
2024-03-03,2,GTA 6,GB
2024-03-10,2,GTA 6,GB
2024-03-17,2,GTA 6,GB
2024-03-24,2,GTA 6,GB
2024-03-31,2,GTA 6,GB
2024-04-07,2,GTA 6,GB
2024-04-14,2,GTA 6,GB
2024-04-21,2,GTA 6,GB
2024-04-28,2,GTA 6,GB
2024-05-05,2,GTA 6,GB
2024-05-12,3,GTA 6,GB
2024-05-19,2,GTA 6,GB
2024-05-26,2,GTA 6,GB
2024-06-02,2,GTA 6,GB
2024-06-09,2,GTA 6,GB
2024-06-16,2,GTA 6,GB
2024-06-23,2,GTA 6,GB
2024-06-30,2,GTA 6,GB
2024-07-07,2,GTA 6,GB
2024-07-14,2,GTA 6,GB
2024-07-21,3,GTA 6,GB
2024-07-28,2,GTA 6,GB
2024-08-04,3,GTA 6,GB
2024-08-11,3,GTA 6,GB
2024-08-18,4,GTA 6,GB
2024-08-25,3,GTA 6,GB
2024-09-01,3,GTA 6,GB
2024-09-08,4,GTA 6,GB
2024-09-15,3,GTA 6,GB
2024-09-22,3,GTA 6,GB
2024-09-29,3,GTA 6,GB
2024-10-06,3,GTA 6,GB
2024-10-13,3,GTA 6,GB
2024-10-20,3,GTA 6,GB
2024-10-27,3,GTA 6,GB
2024-11-03,4,GTA 6,GB
2024-11-10,4,GTA 6,GB
2024-11-17,4,GTA 6,GB
2024-11-24,5,GTA 6,GB
2024-12-01,6,GTA 6,GB
2024-12-08,6,GTA 6,GB
2024-12-15,5,GTA 6,GB
2024-12-22,9,GTA 6,GB
2024-12-29,10,GTA 6,GB
2025-01-05,9,GTA 6,GB
2025-01-12,7,GTA 6,GB
2025-01-19,8,GTA 6,GB
2025-01-26,7,GTA 6,GB
2025-02-02,8,GTA 6,GB
2025-02-09,7,GTA 6,GB
2025-02-16,6,GTA 6,GB
2025-02-23,9,GTA 6,GB
2025-03-02,8,GTA 6,GB
2025-03-09,6,GTA 6,GB
2025-03-16,8,GTA 6,GB
2025-03-23,6,GTA 6,GB
2025-03-30,6,GTA 6,GB
2025-04-06,5,GTA 6,GB
2025-04-13,5,GTA 6,GB
2025-04-20,6,GTA 6,GB
2025-04-27,13,GTA 6,GB
2025-05-04,30,GTA 6,GB
2025-05-11,12,GTA 6,GB
2025-05-18,6,GTA 6,GB
2025-05-25,5,GTA 6,GB
2025-06-01,4,GTA 6,GB
2025-06-08,4,GTA 6,GB
2025-06-15,3,GTA 6,GB
2025-06-22,5,GTA 6,GB
2025-06-29,3,GTA 6,GB
2025-07-06,2,GTA 6,GB
2025-07-13,3,GTA 6,GB
2025-07-20,4,GTA 6,GB
2025-07-27,4,GTA 6,GB
2025-08-03,5,GTA 6,GB
2025-08-10,4,GTA 6,GB
2025-08-17,4,GTA 6,GB
2025-08-24,4,GTA 6,GB
2025-08-31,4,GTA 6,GB
2025-09-07,4,GTA 6,GB
2025-09-14,5,GTA 6,GB
2025-09-21,5,GTA 6,GB
2025-09-28,4,GTA 6,GB
2025-10-05,4,GTA 6,GB
2025-10-12,4,GTA 6,GB
2025-10-19,5,GTA 6,GB
2025-10-26,5,GTA 6,GB
2025-11-02,18,GTA 6,GB
2025-11-09,7,GTA 6,GB
2025-11-16,4,GTA 6,GB
2025-11-23,4,GTA 6,GB
2025-11-30,5,GTA 6,GB
2025-12-07,4,GTA 6,GB
2025-12-14,4,GTA 6,GB
2025-12-21,6,GTA 6,GB
2025-12-28,9,GTA 6,GB
2026-01-04,6,GTA 6,GB
2026-01-11,5,GTA 6,GB
2026-01-18,6,GTA 6,GB
2026-01-25,5,GTA 6,GB
2026-02-01,5,GTA 6,GB
2026-02-08,5,GTA 6,GB
2026-02-15,4,GTA 6,GB
2026-02-22,5,GTA 6,GB
2026-03-01,5,GTA 6,GB
2026-03-08,5,GTA 6,GB
2026-03-15,5,GTA 6,GB
2026-03-22,5,GTA 6,GB
2026-03-29,7,GTA 6,GB
2026-04-05,6,GTA 6,GB
2026-04-12,6,GTA 6,GB
2026-04-19,5,GTA 6,GB
2026-04-26,7,GTA 6,GB
2026-05-03,10,GTA 6,GB
2026-05-10,14,GTA 6,GB
2026-05-17,22,GTA 6,GB
2026-05-24,10,GTA 6,GB
2026-05-31,8,GTA 6,GB
2026-06-07,7,GTA 6,GB
2026-06-14,21,GTA 6,GB
2026-06-21,100,GTA 6,GB
2026-06-28,45,GTA 6,GB
2026-07-05,15,GTA 6,GB
2026-07-12,11,GTA 6,GB
2026-07-19,12,GTA 6,GB
2026-07-26,11,GTA 6,GB
2026-08-02,16,GTA 6,GB
2026-08-09,18,GTA 6,GB
2026-08-16,34,GTA 6,GB
2026-08-23,77,GTA 6,GB
2026-08-30,50,GTA 6,GB
2026-09-06,36,GTA 6,GB
2023-01-01,2,GTA 6,IN
2023-01-08,2,GTA 6,IN
2023-01-15,2,GTA 6,IN
2023-01-22,2,GTA 6,IN
2023-01-29,2,GTA 6,IN
2023-02-05,2,GTA 6,IN
2023-02-12,2,GTA 6,IN
2023-02-19,2,GTA 6,IN
2023-02-26,3,GTA 6,IN
2023-03-05,3,GTA 6,IN
2023-03-12,2,GTA 6,IN
2023-03-19,3,GTA 6,IN
2023-03-26,2,GTA 6,IN
2023-04-02,3,GTA 6,IN
2023-04-09,2,GTA 6,IN
2023-04-16,2,GTA 6,IN
2023-04-23,12,GTA 6,IN
2023-04-30,3,GTA 6,IN
2023-05-07,5,GTA 6,IN
2023-05-14,5,GTA 6,IN
2023-05-21,4,GTA 6,IN
2023-05-28,4,GTA 6,IN
2023-06-04,3,GTA 6,IN
2023-06-11,3,GTA 6,IN
2023-06-18,2,GTA 6,IN
2023-06-25,2,GTA 6,IN
2023-07-02,2,GTA 6,IN
2023-07-09,2,GTA 6,IN
2023-07-16,4,GTA 6,IN
2023-07-23,2,GTA 6,IN
2023-07-30,2,GTA 6,IN
2023-08-06,5,GTA 6,IN
2023-08-13,5,GTA 6,IN
2023-08-20,3,GTA 6,IN
2023-08-27,4,GTA 6,IN
2023-09-03,7,GTA 6,IN
2023-09-10,3,GTA 6,IN
2023-09-17,6,GTA 6,IN
2023-09-24,8,GTA 6,IN
2023-10-01,11,GTA 6,IN
2023-10-08,4,GTA 6,IN
2023-10-15,9,GTA 6,IN
2023-10-22,12,GTA 6,IN
2023-10-29,7,GTA 6,IN
2023-11-05,20,GTA 6,IN
2023-11-12,12,GTA 6,IN
2023-11-19,9,GTA 6,IN
2023-11-26,15,GTA 6,IN
2023-12-03,78,GTA 6,IN
2023-12-10,22,GTA 6,IN
2023-12-17,13,GTA 6,IN
2023-12-24,11,GTA 6,IN
2023-12-31,7,GTA 6,IN
2024-01-07,6,GTA 6,IN
2024-01-14,6,GTA 6,IN
2024-01-21,5,GTA 6,IN
2024-01-28,4,GTA 6,IN
2024-02-04,4,GTA 6,IN
2024-02-11,5,GTA 6,IN
2024-02-18,4,GTA 6,IN
2024-02-25,5,GTA 6,IN
2024-03-03,5,GTA 6,IN
2024-03-10,4,GTA 6,IN
2024-03-17,4,GTA 6,IN
2024-03-24,4,GTA 6,IN
2024-03-31,4,GTA 6,IN
2024-04-07,4,GTA 6,IN
2024-04-14,3,GTA 6,IN
2024-04-21,4,GTA 6,IN
2024-04-28,3,GTA 6,IN
2024-05-05,4,GTA 6,IN
2024-05-12,6,GTA 6,IN
2024-05-19,4,GTA 6,IN
2024-05-26,5,GTA 6,IN
2024-06-02,4,GTA 6,IN
2024-06-09,4,GTA 6,IN
2024-06-16,5,GTA 6,IN
2024-06-23,4,GTA 6,IN
2024-06-30,4,GTA 6,IN
2024-07-07,4,GTA 6,IN
2024-07-14,5,GTA 6,IN
2024-07-21,5,GTA 6,IN
2024-07-28,5,GTA 6,IN
2024-08-04,4,GTA 6,IN
2024-08-11,4,GTA 6,IN
2024-08-18,4,GTA 6,IN
2024-08-25,4,GTA 6,IN
2024-09-01,4,GTA 6,IN
2024-09-08,4,GTA 6,IN
2024-09-15,4,GTA 6,IN
2024-09-22,4,GTA 6,IN
2024-09-29,4,GTA 6,IN
2024-10-06,4,GTA 6,IN
2024-10-13,4,GTA 6,IN
2024-10-20,4,GTA 6,IN
2024-10-27,4,GTA 6,IN
2024-11-03,5,GTA 6,IN
2024-11-10,4,GTA 6,IN
2024-11-17,5,GTA 6,IN
2024-11-24,6,GTA 6,IN
2024-12-01,7,GTA 6,IN
2024-12-08,6,GTA 6,IN
2024-12-15,6,GTA 6,IN
2024-12-22,8,GTA 6,IN
2024-12-29,10,GTA 6,IN
2025-01-05,8,GTA 6,IN
2025-01-12,6,GTA 6,IN
2025-01-19,6,GTA 6,IN
2025-01-26,7,GTA 6,IN
2025-02-02,8,GTA 6,IN
2025-02-09,7,GTA 6,IN
2025-02-16,5,GTA 6,IN
2025-02-23,6,GTA 6,IN
2025-03-02,7,GTA 6,IN
2025-03-09,8,GTA 6,IN
2025-03-16,7,GTA 6,IN
2025-03-23,6,GTA 6,IN
2025-03-30,7,GTA 6,IN
2025-04-06,6,GTA 6,IN
2025-04-13,6,GTA 6,IN
2025-04-20,6,GTA 6,IN
2025-04-27,16,GTA 6,IN
2025-05-04,38,GTA 6,IN
2025-05-11,23,GTA 6,IN
2025-05-18,13,GTA 6,IN
2025-05-25,19,GTA 6,IN
2025-06-01,10,GTA 6,IN
2025-06-08,12,GTA 6,IN
2025-06-15,9,GTA 6,IN
2025-06-22,13,GTA 6,IN
2025-06-29,8,GTA 6,IN
2025-07-06,5,GTA 6,IN
2025-07-13,7,GTA 6,IN
2025-07-20,5,GTA 6,IN
2025-07-27,7,GTA 6,IN
2025-08-03,14,GTA 6,IN
2025-08-10,11,GTA 6,IN
2025-08-17,5,GTA 6,IN
2025-08-24,6,GTA 6,IN
2025-08-31,7,GTA 6,IN
2025-09-07,8,GTA 6,IN
2025-09-14,8,GTA 6,IN
2025-09-21,6,GTA 6,IN
2025-09-28,5,GTA 6,IN
2025-10-05,5,GTA 6,IN
2025-10-12,6,GTA 6,IN
2025-10-19,13,GTA 6,IN
2025-10-26,12,GTA 6,IN
2025-11-02,19,GTA 6,IN
2025-11-09,19,GTA 6,IN
2025-11-16,8,GTA 6,IN
2025-11-23,8,GTA 6,IN
2025-11-30,16,GTA 6,IN
2025-12-07,7,GTA 6,IN
2025-12-14,6,GTA 6,IN
2025-12-21,7,GTA 6,IN
2025-12-28,15,GTA 6,IN
2026-01-04,8,GTA 6,IN
2026-01-11,7,GTA 6,IN
2026-01-18,8,GTA 6,IN
2026-01-25,7,GTA 6,IN
2026-02-01,7,GTA 6,IN
2026-02-08,6,GTA 6,IN
2026-02-15,7,GTA 6,IN
2026-02-22,7,GTA 6,IN
2026-03-01,8,GTA 6,IN
2026-03-08,7,GTA 6,IN
2026-03-15,8,GTA 6,IN
2026-03-22,8,GTA 6,IN
2026-03-29,9,GTA 6,IN
2026-04-05,8,GTA 6,IN
2026-04-12,8,GTA 6,IN
2026-04-19,8,GTA 6,IN
2026-04-26,10,GTA 6,IN
2026-05-03,9,GTA 6,IN
2026-05-10,12,GTA 6,IN
2026-05-17,14,GTA 6,IN
2026-05-24,13,GTA 6,IN
2026-05-31,10,GTA 6,IN
2026-06-07,9,GTA 6,IN
2026-06-14,26,GTA 6,IN
2026-06-21,100,GTA 6,IN
2026-06-28,50,GTA 6,IN
2026-07-05,22,GTA 6,IN
2026-07-12,15,GTA 6,IN
2026-07-19,11,GTA 6,IN
2026-07-26,11,GTA 6,IN
2026-08-02,13,GTA 6,IN
2026-08-09,12,GTA 6,IN
2026-08-16,32,GTA 6,IN
2026-08-23,72,GTA 6,IN
2026-08-30,35,GTA 6,IN
2026-09-06,26,GTA 6,IN
2023-01-01,1,GTA 6,BR
2023-01-08,1,GTA 6,BR
2023-01-15,1,GTA 6,BR
2023-01-22,1,GTA 6,BR
2023-01-29,1,GTA 6,BR
2023-02-05,1,GTA 6,BR
2023-02-12,1,GTA 6,BR
2023-02-19,1,GTA 6,BR
2023-02-26,1,GTA 6,BR
2023-03-05,1,GTA 6,BR
2023-03-12,2,GTA 6,BR
2023-03-19,1,GTA 6,BR
2023-03-26,2,GTA 6,BR
2023-04-02,2,GTA 6,BR
2023-04-09,1,GTA 6,BR
2023-04-16,1,GTA 6,BR
2023-04-23,1,GTA 6,BR
2023-04-30,1,GTA 6,BR
2023-05-07,3,GTA 6,BR
2023-05-14,3,GTA 6,BR
2023-05-21,2,GTA 6,BR
2023-05-28,2,GTA 6,BR
2023-06-04,2,GTA 6,BR
2023-06-11,1,GTA 6,BR
2023-06-18,1,GTA 6,BR
2023-06-25,1,GTA 6,BR
2023-07-02,1,GTA 6,BR
2023-07-09,2,GTA 6,BR
2023-07-16,2,GTA 6,BR
2023-07-23,2,GTA 6,BR
2023-07-30,1,GTA 6,BR
2023-08-06,2,GTA 6,BR
2023-08-13,2,GTA 6,BR
2023-08-20,2,GTA 6,BR
2023-08-27,2,GTA 6,BR
2023-09-03,2,GTA 6,BR
2023-09-10,3,GTA 6,BR
2023-09-17,2,GTA 6,BR
2023-09-24,2,GTA 6,BR
2023-10-01,3,GTA 6,BR
2023-10-08,2,GTA 6,BR
2023-10-15,2,GTA 6,BR
2023-10-22,15,GTA 6,BR
2023-10-29,5,GTA 6,BR
2023-11-05,11,GTA 6,BR
2023-11-12,6,GTA 6,BR
2023-11-19,6,GTA 6,BR
2023-11-26,11,GTA 6,BR
2023-12-03,54,GTA 6,BR
2023-12-10,11,GTA 6,BR
2023-12-17,7,GTA 6,BR
2023-12-24,6,GTA 6,BR
2023-12-31,4,GTA 6,BR
2024-01-07,3,GTA 6,BR
2024-01-14,3,GTA 6,BR
2024-01-21,3,GTA 6,BR
2024-01-28,2,GTA 6,BR
2024-02-04,2,GTA 6,BR
2024-02-11,3,GTA 6,BR
2024-02-18,2,GTA 6,BR
2024-02-25,2,GTA 6,BR
2024-03-03,2,GTA 6,BR
2024-03-10,3,GTA 6,BR
2024-03-17,2,GTA 6,BR
2024-03-24,2,GTA 6,BR
2024-03-31,2,GTA 6,BR
2024-04-07,2,GTA 6,BR
2024-04-14,2,GTA 6,BR
2024-04-21,2,GTA 6,BR
2024-04-28,2,GTA 6,BR
2024-05-05,2,GTA 6,BR
2024-05-12,3,GTA 6,BR
2024-05-19,2,GTA 6,BR
2024-05-26,2,GTA 6,BR
2024-06-02,2,GTA 6,BR
2024-06-09,2,GTA 6,BR
2024-06-16,2,GTA 6,BR
2024-06-23,2,GTA 6,BR
2024-06-30,2,GTA 6,BR
2024-07-07,3,GTA 6,BR
2024-07-14,3,GTA 6,BR
2024-07-21,3,GTA 6,BR
2024-07-28,2,GTA 6,BR
2024-08-04,2,GTA 6,BR
2024-08-11,2,GTA 6,BR
2024-08-18,2,GTA 6,BR
2024-08-25,2,GTA 6,BR
2024-09-01,3,GTA 6,BR
2024-09-08,4,GTA 6,BR
2024-09-15,3,GTA 6,BR
2024-09-22,3,GTA 6,BR
2024-09-29,3,GTA 6,BR
2024-10-06,2,GTA 6,BR
2024-10-13,3,GTA 6,BR
2024-10-20,2,GTA 6,BR
2024-10-27,3,GTA 6,BR
2024-11-03,4,GTA 6,BR
2024-11-10,4,GTA 6,BR
2024-11-17,5,GTA 6,BR
2024-11-24,4,GTA 6,BR
2024-12-01,5,GTA 6,BR
2024-12-08,6,GTA 6,BR
2024-12-15,4,GTA 6,BR
2024-12-22,8,GTA 6,BR
2024-12-29,12,GTA 6,BR
2025-01-05,7,GTA 6,BR
2025-01-12,6,GTA 6,BR
2025-01-19,8,GTA 6,BR
2025-01-26,6,GTA 6,BR
2025-02-02,7,GTA 6,BR
2025-02-09,6,GTA 6,BR
2025-02-16,4,GTA 6,BR
2025-02-23,5,GTA 6,BR
2025-03-02,4,GTA 6,BR
2025-03-09,4,GTA 6,BR
2025-03-16,4,GTA 6,BR
2025-03-23,4,GTA 6,BR
2025-03-30,5,GTA 6,BR
2025-04-06,4,GTA 6,BR
2025-04-13,4,GTA 6,BR
2025-04-20,5,GTA 6,BR
2025-04-27,11,GTA 6,BR
2025-05-04,32,GTA 6,BR
2025-05-11,16,GTA 6,BR
2025-05-18,9,GTA 6,BR
2025-05-25,6,GTA 6,BR
2025-06-01,5,GTA 6,BR
2025-06-08,5,GTA 6,BR
2025-06-15,3,GTA 6,BR
2025-06-22,3,GTA 6,BR
2025-06-29,3,GTA 6,BR
2025-07-06,4,GTA 6,BR
2025-07-13,3,GTA 6,BR
2025-07-20,3,GTA 6,BR
2025-07-27,5,GTA 6,BR
2025-08-03,3,GTA 6,BR
2025-08-10,3,GTA 6,BR
2025-08-17,3,GTA 6,BR
2025-08-24,3,GTA 6,BR
2025-08-31,4,GTA 6,BR
2025-09-07,4,GTA 6,BR
2025-09-14,4,GTA 6,BR
2025-09-21,3,GTA 6,BR
2025-09-28,3,GTA 6,BR
2025-10-05,4,GTA 6,BR
2025-10-12,3,GTA 6,BR
2025-10-19,4,GTA 6,BR
2025-10-26,4,GTA 6,BR
2025-11-02,11,GTA 6,BR
2025-11-09,6,GTA 6,BR
2025-11-16,4,GTA 6,BR
2025-11-23,4,GTA 6,BR
2025-11-30,5,GTA 6,BR
2025-12-07,4,GTA 6,BR
2025-12-14,4,GTA 6,BR
2025-12-21,5,GTA 6,BR
2025-12-28,6,GTA 6,BR
2026-01-04,7,GTA 6,BR
2026-01-11,6,GTA 6,BR
2026-01-18,6,GTA 6,BR
2026-01-25,5,GTA 6,BR
2026-02-01,5,GTA 6,BR
2026-02-08,5,GTA 6,BR
2026-02-15,5,GTA 6,BR
2026-02-22,7,GTA 6,BR
2026-03-01,6,GTA 6,BR
2026-03-08,5,GTA 6,BR
2026-03-15,7,GTA 6,BR
2026-03-22,5,GTA 6,BR
2026-03-29,6,GTA 6,BR
2026-04-05,5,GTA 6,BR
2026-04-12,6,GTA 6,BR
2026-04-19,5,GTA 6,BR
2026-04-26,5,GTA 6,BR
2026-05-03,6,GTA 6,BR
2026-05-10,10,GTA 6,BR
2026-05-17,24,GTA 6,BR
2026-05-24,9,GTA 6,BR
2026-05-31,6,GTA 6,BR
2026-06-07,6,GTA 6,BR
2026-06-14,21,GTA 6,BR
2026-06-21,100,GTA 6,BR
2026-06-28,33,GTA 6,BR
2026-07-05,17,GTA 6,BR
2026-07-12,13,GTA 6,BR
2026-07-19,10,GTA 6,BR
2026-07-26,10,GTA 6,BR
2026-08-02,13,GTA 6,BR
2026-08-09,11,GTA 6,BR
2026-08-16,46,GTA 6,BR
2026-08-23,81,GTA 6,BR
2026-08-30,38,GTA 6,BR
2026-09-06,24,GTA 6,BR
2023-01-01,2,GTA 6,MX
2023-01-08,1,GTA 6,MX
2023-01-15,2,GTA 6,MX
2023-01-22,1,GTA 6,MX
2023-01-29,1,GTA 6,MX
2023-02-05,1,GTA 6,MX
2023-02-12,1,GTA 6,MX
2023-02-19,1,GTA 6,MX
2023-02-26,2,GTA 6,MX
2023-03-05,3,GTA 6,MX
2023-03-12,2,GTA 6,MX
2023-03-19,2,GTA 6,MX
2023-03-26,3,GTA 6,MX
2023-04-02,3,GTA 6,MX
2023-04-09,2,GTA 6,MX
2023-04-16,1,GTA 6,MX
2023-04-23,2,GTA 6,MX
2023-04-30,2,GTA 6,MX
2023-05-07,3,GTA 6,MX
2023-05-14,3,GTA 6,MX
2023-05-21,2,GTA 6,MX
2023-05-28,2,GTA 6,MX
2023-06-04,2,GTA 6,MX
2023-06-11,2,GTA 6,MX
2023-06-18,2,GTA 6,MX
2023-06-25,1,GTA 6,MX
2023-07-02,2,GTA 6,MX
2023-07-09,1,GTA 6,MX
2023-07-16,2,GTA 6,MX
2023-07-23,1,GTA 6,MX
2023-07-30,2,GTA 6,MX
2023-08-06,2,GTA 6,MX
2023-08-13,2,GTA 6,MX
2023-08-20,3,GTA 6,MX
2023-08-27,2,GTA 6,MX
2023-09-03,2,GTA 6,MX
2023-09-10,1,GTA 6,MX
2023-09-17,2,GTA 6,MX
2023-09-24,2,GTA 6,MX
2023-10-01,2,GTA 6,MX
2023-10-08,2,GTA 6,MX
2023-10-15,5,GTA 6,MX
2023-10-22,16,GTA 6,MX
2023-10-29,5,GTA 6,MX
2023-11-05,12,GTA 6,MX
2023-11-12,7,GTA 6,MX
2023-11-19,5,GTA 6,MX
2023-11-26,8,GTA 6,MX
2023-12-03,43,GTA 6,MX
2023-12-10,12,GTA 6,MX
2023-12-17,7,GTA 6,MX
2023-12-24,8,GTA 6,MX
2023-12-31,6,GTA 6,MX
2024-01-07,4,GTA 6,MX
2024-01-14,3,GTA 6,MX
2024-01-21,4,GTA 6,MX
2024-01-28,3,GTA 6,MX
2024-02-04,3,GTA 6,MX
2024-02-11,3,GTA 6,MX
2024-02-18,2,GTA 6,MX
2024-02-25,2,GTA 6,MX
2024-03-03,2,GTA 6,MX
2024-03-10,2,GTA 6,MX
2024-03-17,3,GTA 6,MX
2024-03-24,3,GTA 6,MX
2024-03-31,3,GTA 6,MX
2024-04-07,2,GTA 6,MX
2024-04-14,2,GTA 6,MX
2024-04-21,2,GTA 6,MX
2024-04-28,2,GTA 6,MX
2024-05-05,2,GTA 6,MX
2024-05-12,3,GTA 6,MX
2024-05-19,2,GTA 6,MX
2024-05-26,2,GTA 6,MX
2024-06-02,2,GTA 6,MX
2024-06-09,2,GTA 6,MX
2024-06-16,2,GTA 6,MX
2024-06-23,2,GTA 6,MX
2024-06-30,2,GTA 6,MX
2024-07-07,3,GTA 6,MX
2024-07-14,3,GTA 6,MX
2024-07-21,3,GTA 6,MX
2024-07-28,3,GTA 6,MX
2024-08-04,2,GTA 6,MX
2024-08-11,3,GTA 6,MX
2024-08-18,3,GTA 6,MX
2024-08-25,2,GTA 6,MX
2024-09-01,2,GTA 6,MX
2024-09-08,3,GTA 6,MX
2024-09-15,3,GTA 6,MX
2024-09-22,2,GTA 6,MX
2024-09-29,2,GTA 6,MX
2024-10-06,2,GTA 6,MX
2024-10-13,3,GTA 6,MX
2024-10-20,2,GTA 6,MX
2024-10-27,2,GTA 6,MX
2024-11-03,4,GTA 6,MX
2024-11-10,4,GTA 6,MX
2024-11-17,6,GTA 6,MX
2024-11-24,4,GTA 6,MX
2024-12-01,5,GTA 6,MX
2024-12-08,5,GTA 6,MX
2024-12-15,5,GTA 6,MX
2024-12-22,7,GTA 6,MX
2024-12-29,10,GTA 6,MX
2025-01-05,7,GTA 6,MX
2025-01-12,4,GTA 6,MX
2025-01-19,5,GTA 6,MX
2025-01-26,7,GTA 6,MX
2025-02-02,7,GTA 6,MX
2025-02-09,5,GTA 6,MX
2025-02-16,5,GTA 6,MX
2025-02-23,7,GTA 6,MX
2025-03-02,7,GTA 6,MX
2025-03-09,5,GTA 6,MX
2025-03-16,5,GTA 6,MX
2025-03-23,4,GTA 6,MX
2025-03-30,5,GTA 6,MX
2025-04-06,4,GTA 6,MX
2025-04-13,4,GTA 6,MX
2025-04-20,6,GTA 6,MX
2025-04-27,15,GTA 6,MX
2025-05-04,30,GTA 6,MX
2025-05-11,21,GTA 6,MX
2025-05-18,8,GTA 6,MX
2025-05-25,7,GTA 6,MX
2025-06-01,5,GTA 6,MX
2025-06-08,4,GTA 6,MX
2025-06-15,3,GTA 6,MX
2025-06-22,5,GTA 6,MX
2025-06-29,4,GTA 6,MX
2025-07-06,5,GTA 6,MX
2025-07-13,4,GTA 6,MX
2025-07-20,4,GTA 6,MX
2025-07-27,4,GTA 6,MX
2025-08-03,5,GTA 6,MX
2025-08-10,4,GTA 6,MX
2025-08-17,3,GTA 6,MX
2025-08-24,3,GTA 6,MX
2025-08-31,4,GTA 6,MX
2025-09-07,4,GTA 6,MX
2025-09-14,4,GTA 6,MX
2025-09-21,3,GTA 6,MX
2025-09-28,3,GTA 6,MX
2025-10-05,4,GTA 6,MX
2025-10-12,4,GTA 6,MX
2025-10-19,3,GTA 6,MX
2025-10-26,5,GTA 6,MX
2025-11-02,15,GTA 6,MX
2025-11-09,7,GTA 6,MX
2025-11-16,5,GTA 6,MX
2025-11-23,5,GTA 6,MX
2025-11-30,4,GTA 6,MX
2025-12-07,5,GTA 6,MX
2025-12-14,5,GTA 6,MX
2025-12-21,7,GTA 6,MX
2025-12-28,17,GTA 6,MX
2026-01-04,9,GTA 6,MX
2026-01-11,6,GTA 6,MX
2026-01-18,8,GTA 6,MX
2026-01-25,6,GTA 6,MX
2026-02-01,7,GTA 6,MX
2026-02-08,6,GTA 6,MX
2026-02-15,6,GTA 6,MX
2026-02-22,5,GTA 6,MX
2026-03-01,5,GTA 6,MX
2026-03-08,5,GTA 6,MX
2026-03-15,6,GTA 6,MX
2026-03-22,5,GTA 6,MX
2026-03-29,7,GTA 6,MX
2026-04-05,6,GTA 6,MX
2026-04-12,6,GTA 6,MX
2026-04-19,5,GTA 6,MX
2026-04-26,8,GTA 6,MX
2026-05-03,9,GTA 6,MX
2026-05-10,10,GTA 6,MX
2026-05-17,17,GTA 6,MX
2026-05-24,18,GTA 6,MX
2026-05-31,9,GTA 6,MX
2026-06-07,8,GTA 6,MX
2026-06-14,20,GTA 6,MX
2026-06-21,80,GTA 6,MX
2026-06-28,32,GTA 6,MX
2026-07-05,16,GTA 6,MX
2026-07-12,14,GTA 6,MX
2026-07-19,14,GTA 6,MX
2026-07-26,14,GTA 6,MX
2026-08-02,15,GTA 6,MX
2026-08-09,15,GTA 6,MX
2026-08-16,34,GTA 6,MX
2026-08-23,100,GTA 6,MX
2026-08-30,52,GTA 6,MX
2026-09-06,33,GTA 6,MX
2023-01-01,2,GTA 6,CA
2023-01-08,3,GTA 6,CA
2023-01-15,3,GTA 6,CA
2023-01-22,2,GTA 6,CA
2023-01-29,2,GTA 6,CA
2023-02-05,2,GTA 6,CA
2023-02-12,2,GTA 6,CA
2023-02-19,3,GTA 6,CA
2023-02-26,4,GTA 6,CA
2023-03-05,4,GTA 6,CA
2023-03-12,3,GTA 6,CA
2023-03-19,4,GTA 6,CA
2023-03-26,2,GTA 6,CA
2023-04-02,5,GTA 6,CA
2023-04-09,2,GTA 6,CA
2023-04-16,3,GTA 6,CA
2023-04-23,3,GTA 6,CA
2023-04-30,4,GTA 6,CA
2023-05-07,5,GTA 6,CA
2023-05-14,5,GTA 6,CA
2023-05-21,5,GTA 6,CA
2023-05-28,4,GTA 6,CA
2023-06-04,3,GTA 6,CA
2023-06-11,4,GTA 6,CA
2023-06-18,3,GTA 6,CA
2023-06-25,4,GTA 6,CA
2023-07-02,3,GTA 6,CA
2023-07-09,3,GTA 6,CA
2023-07-16,5,GTA 6,CA
2023-07-23,3,GTA 6,CA
2023-07-30,3,GTA 6,CA
2023-08-06,7,GTA 6,CA
2023-08-13,6,GTA 6,CA
2023-08-20,6,GTA 6,CA
2023-08-27,4,GTA 6,CA
2023-09-03,7,GTA 6,CA
2023-09-10,5,GTA 6,CA
2023-09-17,8,GTA 6,CA
2023-09-24,5,GTA 6,CA
2023-10-01,7,GTA 6,CA
2023-10-08,4,GTA 6,CA
2023-10-15,9,GTA 6,CA
2023-10-22,21,GTA 6,CA
2023-10-29,6,GTA 6,CA
2023-11-05,18,GTA 6,CA
2023-11-12,11,GTA 6,CA
2023-11-19,9,GTA 6,CA
2023-11-26,14,GTA 6,CA
2023-12-03,69,GTA 6,CA
2023-12-10,15,GTA 6,CA
2023-12-17,9,GTA 6,CA
2023-12-24,8,GTA 6,CA
2023-12-31,5,GTA 6,CA
2024-01-07,4,GTA 6,CA
2024-01-14,4,GTA 6,CA
2024-01-21,3,GTA 6,CA
2024-01-28,3,GTA 6,CA
2024-02-04,3,GTA 6,CA
2024-02-11,3,GTA 6,CA
2024-02-18,3,GTA 6,CA
2024-02-25,3,GTA 6,CA
2024-03-03,3,GTA 6,CA
2024-03-10,3,GTA 6,CA
2024-03-17,4,GTA 6,CA
2024-03-24,3,GTA 6,CA
2024-03-31,3,GTA 6,CA
2024-04-07,3,GTA 6,CA
2024-04-14,3,GTA 6,CA
2024-04-21,3,GTA 6,CA
2024-04-28,3,GTA 6,CA
2024-05-05,3,GTA 6,CA
2024-05-12,4,GTA 6,CA
2024-05-19,3,GTA 6,CA
2024-05-26,3,GTA 6,CA
2024-06-02,3,GTA 6,CA
2024-06-09,3,GTA 6,CA
2024-06-16,3,GTA 6,CA
2024-06-23,3,GTA 6,CA
2024-06-30,3,GTA 6,CA
2024-07-07,4,GTA 6,CA
2024-07-14,3,GTA 6,CA
2024-07-21,4,GTA 6,CA
2024-07-28,3,GTA 6,CA
2024-08-04,4,GTA 6,CA
2024-08-11,4,GTA 6,CA
2024-08-18,5,GTA 6,CA
2024-08-25,4,GTA 6,CA
2024-09-01,4,GTA 6,CA
2024-09-08,5,GTA 6,CA
2024-09-15,4,GTA 6,CA
2024-09-22,4,GTA 6,CA
2024-09-29,4,GTA 6,CA
2024-10-06,4,GTA 6,CA
2024-10-13,4,GTA 6,CA
2024-10-20,4,GTA 6,CA
2024-10-27,4,GTA 6,CA
2024-11-03,5,GTA 6,CA
2024-11-10,5,GTA 6,CA
2024-11-17,5,GTA 6,CA
2024-11-24,6,GTA 6,CA
2024-12-01,7,GTA 6,CA
2024-12-08,8,GTA 6,CA
2024-12-15,6,GTA 6,CA
2024-12-22,10,GTA 6,CA
2024-12-29,13,GTA 6,CA
2025-01-05,10,GTA 6,CA
2025-01-12,8,GTA 6,CA
2025-01-19,8,GTA 6,CA
2025-01-26,8,GTA 6,CA
2025-02-02,9,GTA 6,CA
2025-02-09,8,GTA 6,CA
2025-02-16,7,GTA 6,CA
2025-02-23,12,GTA 6,CA
2025-03-02,10,GTA 6,CA
2025-03-09,8,GTA 6,CA
2025-03-16,9,GTA 6,CA
2025-03-23,8,GTA 6,CA
2025-03-30,9,GTA 6,CA
2025-04-06,6,GTA 6,CA
2025-04-13,6,GTA 6,CA
2025-04-20,6,GTA 6,CA
2025-04-27,16,GTA 6,CA
2025-05-04,37,GTA 6,CA
2025-05-11,19,GTA 6,CA
2025-05-18,12,GTA 6,CA
2025-05-25,8,GTA 6,CA
2025-06-01,5,GTA 6,CA
2025-06-08,5,GTA 6,CA
2025-06-15,4,GTA 6,CA
2025-06-22,5,GTA 6,CA
2025-06-29,4,GTA 6,CA
2025-07-06,4,GTA 6,CA
2025-07-13,4,GTA 6,CA
2025-07-20,5,GTA 6,CA
2025-07-27,5,GTA 6,CA
2025-08-03,6,GTA 6,CA
2025-08-10,5,GTA 6,CA
2025-08-17,4,GTA 6,CA
2025-08-24,4,GTA 6,CA
2025-08-31,5,GTA 6,CA
2025-09-07,4,GTA 6,CA
2025-09-14,6,GTA 6,CA
2025-09-21,6,GTA 6,CA
2025-09-28,5,GTA 6,CA
2025-10-05,5,GTA 6,CA
2025-10-12,6,GTA 6,CA
2025-10-19,6,GTA 6,CA
2025-10-26,6,GTA 6,CA
2025-11-02,22,GTA 6,CA
2025-11-09,10,GTA 6,CA
2025-11-16,6,GTA 6,CA
2025-11-23,5,GTA 6,CA
2025-11-30,7,GTA 6,CA
2025-12-07,6,GTA 6,CA
2025-12-14,5,GTA 6,CA
2025-12-21,7,GTA 6,CA
2025-12-28,12,GTA 6,CA
2026-01-04,9,GTA 6,CA
2026-01-11,6,GTA 6,CA
2026-01-18,7,GTA 6,CA
2026-01-25,7,GTA 6,CA
2026-02-01,7,GTA 6,CA
2026-02-08,7,GTA 6,CA
2026-02-15,7,GTA 6,CA
2026-02-22,6,GTA 6,CA
2026-03-01,7,GTA 6,CA
2026-03-08,6,GTA 6,CA
2026-03-15,7,GTA 6,CA
2026-03-22,7,GTA 6,CA
2026-03-29,8,GTA 6,CA
2026-04-05,8,GTA 6,CA
2026-04-12,7,GTA 6,CA
2026-04-19,6,GTA 6,CA
2026-04-26,9,GTA 6,CA
2026-05-03,11,GTA 6,CA
2026-05-10,14,GTA 6,CA
2026-05-17,21,GTA 6,CA
2026-05-24,15,GTA 6,CA
2026-05-31,10,GTA 6,CA
2026-06-07,9,GTA 6,CA
2026-06-14,26,GTA 6,CA
2026-06-21,100,GTA 6,CA
2026-06-28,43,GTA 6,CA
2026-07-05,20,GTA 6,CA
2026-07-12,15,GTA 6,CA
2026-07-19,12,GTA 6,CA
2026-07-26,12,GTA 6,CA
2026-08-02,14,GTA 6,CA
2026-08-09,15,GTA 6,CA
2026-08-16,38,GTA 6,CA
2026-08-23,94,GTA 6,CA
2026-08-30,51,GTA 6,CA
2026-09-06,34,GTA 6,CA
2023-01-01,2,GTA 6,AU
2023-01-08,2,GTA 6,AU
2023-01-15,2,GTA 6,AU
2023-01-22,2,GTA 6,AU
2023-01-29,2,GTA 6,AU
2023-02-05,2,GTA 6,AU
2023-02-12,2,GTA 6,AU
2023-02-19,2,GTA 6,AU
2023-02-26,2,GTA 6,AU
2023-03-05,3,GTA 6,AU
2023-03-12,2,GTA 6,AU
2023-03-19,3,GTA 6,AU
2023-03-26,3,GTA 6,AU
2023-04-02,4,GTA 6,AU
2023-04-09,3,GTA 6,AU
2023-04-16,2,GTA 6,AU
2023-04-23,3,GTA 6,AU
2023-04-30,3,GTA 6,AU
2023-05-07,3,GTA 6,AU
2023-05-14,3,GTA 6,AU
2023-05-21,3,GTA 6,AU
2023-05-28,3,GTA 6,AU
2023-06-04,3,GTA 6,AU
2023-06-11,3,GTA 6,AU
2023-06-18,3,GTA 6,AU
2023-06-25,5,GTA 6,AU
2023-07-02,3,GTA 6,AU
2023-07-09,2,GTA 6,AU
2023-07-16,3,GTA 6,AU
2023-07-23,2,GTA 6,AU
2023-07-30,3,GTA 6,AU
2023-08-06,6,GTA 6,AU
2023-08-13,4,GTA 6,AU
2023-08-20,4,GTA 6,AU
2023-08-27,3,GTA 6,AU
2023-09-03,5,GTA 6,AU
2023-09-10,4,GTA 6,AU
2023-09-17,4,GTA 6,AU
2023-09-24,4,GTA 6,AU
2023-10-01,6,GTA 6,AU
2023-10-08,4,GTA 6,AU
2023-10-15,8,GTA 6,AU
2023-10-22,20,GTA 6,AU
2023-10-29,5,GTA 6,AU
2023-11-05,15,GTA 6,AU
2023-11-12,8,GTA 6,AU
2023-11-19,7,GTA 6,AU
2023-11-26,11,GTA 6,AU
2023-12-03,71,GTA 6,AU
2023-12-10,13,GTA 6,AU
2023-12-17,8,GTA 6,AU
2023-12-24,6,GTA 6,AU
2023-12-31,4,GTA 6,AU
2024-01-07,4,GTA 6,AU
2024-01-14,3,GTA 6,AU
2024-01-21,3,GTA 6,AU
2024-01-28,2,GTA 6,AU
2024-02-04,3,GTA 6,AU
2024-02-11,2,GTA 6,AU
2024-02-18,2,GTA 6,AU
2024-02-25,2,GTA 6,AU
2024-03-03,2,GTA 6,AU
2024-03-10,3,GTA 6,AU
2024-03-17,2,GTA 6,AU
2024-03-24,2,GTA 6,AU
2024-03-31,3,GTA 6,AU
2024-04-07,3,GTA 6,AU
2024-04-14,3,GTA 6,AU
2024-04-21,3,GTA 6,AU
2024-04-28,3,GTA 6,AU
2024-05-05,2,GTA 6,AU
2024-05-12,4,GTA 6,AU
2024-05-19,3,GTA 6,AU
2024-05-26,3,GTA 6,AU
2024-06-02,3,GTA 6,AU
2024-06-09,3,GTA 6,AU
2024-06-16,3,GTA 6,AU
2024-06-23,3,GTA 6,AU
2024-06-30,3,GTA 6,AU
2024-07-07,3,GTA 6,AU
2024-07-14,3,GTA 6,AU
2024-07-21,3,GTA 6,AU
2024-07-28,3,GTA 6,AU
2024-08-04,3,GTA 6,AU
2024-08-11,3,GTA 6,AU
2024-08-18,4,GTA 6,AU
2024-08-25,3,GTA 6,AU
2024-09-01,3,GTA 6,AU
2024-09-08,4,GTA 6,AU
2024-09-15,3,GTA 6,AU
2024-09-22,3,GTA 6,AU
2024-09-29,4,GTA 6,AU
2024-10-06,3,GTA 6,AU
2024-10-13,3,GTA 6,AU
2024-10-20,4,GTA 6,AU
2024-10-27,3,GTA 6,AU
2024-11-03,4,GTA 6,AU
2024-11-10,4,GTA 6,AU
2024-11-17,5,GTA 6,AU
2024-11-24,5,GTA 6,AU
2024-12-01,6,GTA 6,AU
2024-12-08,6,GTA 6,AU
2024-12-15,5,GTA 6,AU
2024-12-22,9,GTA 6,AU
2024-12-29,11,GTA 6,AU
2025-01-05,9,GTA 6,AU
2025-01-12,7,GTA 6,AU
2025-01-19,8,GTA 6,AU
2025-01-26,8,GTA 6,AU
2025-02-02,8,GTA 6,AU
2025-02-09,7,GTA 6,AU
2025-02-16,6,GTA 6,AU
2025-02-23,10,GTA 6,AU
2025-03-02,7,GTA 6,AU
2025-03-09,6,GTA 6,AU
2025-03-16,8,GTA 6,AU
2025-03-23,6,GTA 6,AU
2025-03-30,6,GTA 6,AU
2025-04-06,5,GTA 6,AU
2025-04-13,5,GTA 6,AU
2025-04-20,6,GTA 6,AU
2025-04-27,14,GTA 6,AU
2025-05-04,36,GTA 6,AU
2025-05-11,19,GTA 6,AU
2025-05-18,9,GTA 6,AU
2025-05-25,6,GTA 6,AU
2025-06-01,5,GTA 6,AU
2025-06-08,5,GTA 6,AU
2025-06-15,3,GTA 6,AU
2025-06-22,4,GTA 6,AU
2025-06-29,4,GTA 6,AU
2025-07-06,3,GTA 6,AU
2025-07-13,3,GTA 6,AU
2025-07-20,3,GTA 6,AU
2025-07-27,4,GTA 6,AU
2025-08-03,5,GTA 6,AU
2025-08-10,3,GTA 6,AU
2025-08-17,4,GTA 6,AU
2025-08-24,3,GTA 6,AU
2025-08-31,4,GTA 6,AU
2025-09-07,4,GTA 6,AU
2025-09-14,4,GTA 6,AU
2025-09-21,6,GTA 6,AU
2025-09-28,4,GTA 6,AU
2025-10-05,4,GTA 6,AU
2025-10-12,5,GTA 6,AU
2025-10-19,4,GTA 6,AU
2025-10-26,5,GTA 6,AU
2025-11-02,17,GTA 6,AU
2025-11-09,7,GTA 6,AU
2025-11-16,5,GTA 6,AU
2025-11-23,4,GTA 6,AU
2025-11-30,5,GTA 6,AU
2025-12-07,4,GTA 6,AU
2025-12-14,4,GTA 6,AU
2025-12-21,5,GTA 6,AU
2025-12-28,12,GTA 6,AU
2026-01-04,7,GTA 6,AU
2026-01-11,6,GTA 6,AU
2026-01-18,6,GTA 6,AU
2026-01-25,6,GTA 6,AU
2026-02-01,5,GTA 6,AU
2026-02-08,6,GTA 6,AU
2026-02-15,5,GTA 6,AU
2026-02-22,5,GTA 6,AU
2026-03-01,5,GTA 6,AU
2026-03-08,5,GTA 6,AU
2026-03-15,6,GTA 6,AU
2026-03-22,5,GTA 6,AU
2026-03-29,6,GTA 6,AU
2026-04-05,6,GTA 6,AU
2026-04-12,7,GTA 6,AU
2026-04-19,6,GTA 6,AU
2026-04-26,7,GTA 6,AU
2026-05-03,11,GTA 6,AU
2026-05-10,14,GTA 6,AU
2026-05-17,22,GTA 6,AU
2026-05-24,12,GTA 6,AU
2026-05-31,8,GTA 6,AU
2026-06-07,7,GTA 6,AU
2026-06-14,21,GTA 6,AU
2026-06-21,100,GTA 6,AU
2026-06-28,42,GTA 6,AU
2026-07-05,21,GTA 6,AU
2026-07-12,14,GTA 6,AU
2026-07-19,11,GTA 6,AU
2026-07-26,12,GTA 6,AU
2026-08-02,13,GTA 6,AU
2026-08-09,12,GTA 6,AU
2026-08-16,31,GTA 6,AU
2026-08-23,68,GTA 6,AU
2026-08-30,47,GTA 6,AU
2026-09-06,32,GTA 6,AU
2023-01-01,3,GTA 6,DE
2023-01-08,3,GTA 6,DE
2023-01-15,2,GTA 6,DE
2023-01-22,2,GTA 6,DE
2023-01-29,3,GTA 6,DE
2023-02-05,3,GTA 6,DE
2023-02-12,3,GTA 6,DE
2023-02-19,2,GTA 6,DE
2023-02-26,3,GTA 6,DE
2023-03-05,3,GTA 6,DE
2023-03-12,4,GTA 6,DE
2023-03-19,4,GTA 6,DE
2023-03-26,5,GTA 6,DE
2023-04-02,4,GTA 6,DE
2023-04-09,4,GTA 6,DE
2023-04-16,2,GTA 6,DE
2023-04-23,3,GTA 6,DE
2023-04-30,3,GTA 6,DE
2023-05-07,4,GTA 6,DE
2023-05-14,5,GTA 6,DE
2023-05-21,4,GTA 6,DE
2023-05-28,3,GTA 6,DE
2023-06-04,3,GTA 6,DE
2023-06-11,3,GTA 6,DE
2023-06-18,2,GTA 6,DE
2023-06-25,3,GTA 6,DE
2023-07-02,3,GTA 6,DE
2023-07-09,3,GTA 6,DE
2023-07-16,4,GTA 6,DE
2023-07-23,4,GTA 6,DE
2023-07-30,4,GTA 6,DE
2023-08-06,4,GTA 6,DE
2023-08-13,4,GTA 6,DE
2023-08-20,4,GTA 6,DE
2023-08-27,4,GTA 6,DE
2023-09-03,4,GTA 6,DE
2023-09-10,4,GTA 6,DE
2023-09-17,8,GTA 6,DE
2023-09-24,4,GTA 6,DE
2023-10-01,6,GTA 6,DE
2023-10-08,4,GTA 6,DE
2023-10-15,6,GTA 6,DE
2023-10-22,19,GTA 6,DE
2023-10-29,7,GTA 6,DE
2023-11-05,16,GTA 6,DE
2023-11-12,9,GTA 6,DE
2023-11-19,7,GTA 6,DE
2023-11-26,11,GTA 6,DE
2023-12-03,58,GTA 6,DE
2023-12-10,10,GTA 6,DE
2023-12-17,7,GTA 6,DE
2023-12-24,6,GTA 6,DE
2023-12-31,4,GTA 6,DE
2024-01-07,3,GTA 6,DE
2024-01-14,3,GTA 6,DE
2024-01-21,2,GTA 6,DE
2024-01-28,3,GTA 6,DE
2024-02-04,3,GTA 6,DE
2024-02-11,3,GTA 6,DE
2024-02-18,3,GTA 6,DE
2024-02-25,3,GTA 6,DE
2024-03-03,3,GTA 6,DE
2024-03-10,3,GTA 6,DE
2024-03-17,3,GTA 6,DE
2024-03-24,3,GTA 6,DE
2024-03-31,3,GTA 6,DE
2024-04-07,3,GTA 6,DE
2024-04-14,3,GTA 6,DE
2024-04-21,3,GTA 6,DE
2024-04-28,3,GTA 6,DE
2024-05-05,3,GTA 6,DE
2024-05-12,5,GTA 6,DE
2024-05-19,3,GTA 6,DE
2024-05-26,3,GTA 6,DE
2024-06-02,3,GTA 6,DE
2024-06-09,3,GTA 6,DE
2024-06-16,3,GTA 6,DE
2024-06-23,3,GTA 6,DE
2024-06-30,3,GTA 6,DE
2024-07-07,3,GTA 6,DE
2024-07-14,3,GTA 6,DE
2024-07-21,3,GTA 6,DE
2024-07-28,4,GTA 6,DE
2024-08-04,4,GTA 6,DE
2024-08-11,4,GTA 6,DE
2024-08-18,4,GTA 6,DE
2024-08-25,4,GTA 6,DE
2024-09-01,4,GTA 6,DE
2024-09-08,5,GTA 6,DE
2024-09-15,4,GTA 6,DE
2024-09-22,4,GTA 6,DE
2024-09-29,4,GTA 6,DE
2024-10-06,4,GTA 6,DE
2024-10-13,4,GTA 6,DE
2024-10-20,4,GTA 6,DE
2024-10-27,5,GTA 6,DE
2024-11-03,5,GTA 6,DE
2024-11-10,5,GTA 6,DE
2024-11-17,6,GTA 6,DE
2024-11-24,7,GTA 6,DE
2024-12-01,7,GTA 6,DE
2024-12-08,7,GTA 6,DE
2024-12-15,6,GTA 6,DE
2024-12-22,11,GTA 6,DE
2024-12-29,13,GTA 6,DE
2025-01-05,10,GTA 6,DE
2025-01-12,7,GTA 6,DE
2025-01-19,8,GTA 6,DE
2025-01-26,11,GTA 6,DE
2025-02-02,13,GTA 6,DE
2025-02-09,10,GTA 6,DE
2025-02-16,7,GTA 6,DE
2025-02-23,8,GTA 6,DE
2025-03-02,8,GTA 6,DE
2025-03-09,7,GTA 6,DE
2025-03-16,8,GTA 6,DE
2025-03-23,7,GTA 6,DE
2025-03-30,8,GTA 6,DE
2025-04-06,6,GTA 6,DE
2025-04-13,6,GTA 6,DE
2025-04-20,6,GTA 6,DE
2025-04-27,15,GTA 6,DE
2025-05-04,29,GTA 6,DE
2025-05-11,13,GTA 6,DE
2025-05-18,7,GTA 6,DE
2025-05-25,6,GTA 6,DE
2025-06-01,4,GTA 6,DE
2025-06-08,4,GTA 6,DE
2025-06-15,3,GTA 6,DE
2025-06-22,4,GTA 6,DE
2025-06-29,3,GTA 6,DE
2025-07-06,3,GTA 6,DE
2025-07-13,4,GTA 6,DE
2025-07-20,4,GTA 6,DE
2025-07-27,7,GTA 6,DE
2025-08-03,6,GTA 6,DE
2025-08-10,5,GTA 6,DE
2025-08-17,4,GTA 6,DE
2025-08-24,5,GTA 6,DE
2025-08-31,4,GTA 6,DE
2025-09-07,5,GTA 6,DE
2025-09-14,6,GTA 6,DE
2025-09-21,6,GTA 6,DE
2025-09-28,5,GTA 6,DE
2025-10-05,5,GTA 6,DE
2025-10-12,8,GTA 6,DE
2025-10-19,6,GTA 6,DE
2025-10-26,8,GTA 6,DE
2025-11-02,22,GTA 6,DE
2025-11-09,9,GTA 6,DE
2025-11-16,6,GTA 6,DE
2025-11-23,5,GTA 6,DE
2025-11-30,5,GTA 6,DE
2025-12-07,5,GTA 6,DE
2025-12-14,5,GTA 6,DE
2025-12-21,6,GTA 6,DE
2025-12-28,8,GTA 6,DE
2026-01-04,9,GTA 6,DE
2026-01-11,6,GTA 6,DE
2026-01-18,6,GTA 6,DE
2026-01-25,7,GTA 6,DE
2026-02-01,8,GTA 6,DE
2026-02-08,6,GTA 6,DE
2026-02-15,5,GTA 6,DE
2026-02-22,5,GTA 6,DE
2026-03-01,6,GTA 6,DE
2026-03-08,5,GTA 6,DE
2026-03-15,6,GTA 6,DE
2026-03-22,8,GTA 6,DE
2026-03-29,10,GTA 6,DE
2026-04-05,8,GTA 6,DE
2026-04-12,7,GTA 6,DE
2026-04-19,6,GTA 6,DE
2026-04-26,8,GTA 6,DE
2026-05-03,11,GTA 6,DE
2026-05-10,16,GTA 6,DE
2026-05-17,37,GTA 6,DE
2026-05-24,12,GTA 6,DE
2026-05-31,11,GTA 6,DE
2026-06-07,8,GTA 6,DE
2026-06-14,18,GTA 6,DE
2026-06-21,100,GTA 6,DE
2026-06-28,43,GTA 6,DE
2026-07-05,21,GTA 6,DE
2026-07-12,14,GTA 6,DE
2026-07-19,11,GTA 6,DE
2026-07-26,11,GTA 6,DE
2026-08-02,18,GTA 6,DE
2026-08-09,14,GTA 6,DE
2026-08-16,33,GTA 6,DE
2026-08-23,87,GTA 6,DE
2026-08-30,47,GTA 6,DE
2026-09-06,34,GTA 6,DE
2023-01-01,2,GTA 6,FR
2023-01-08,2,GTA 6,FR
2023-01-15,2,GTA 6,FR
2023-01-22,1,GTA 6,FR
2023-01-29,2,GTA 6,FR
2023-02-05,2,GTA 6,FR
2023-02-12,2,GTA 6,FR
2023-02-19,2,GTA 6,FR
2023-02-26,2,GTA 6,FR
2023-03-05,2,GTA 6,FR
2023-03-12,2,GTA 6,FR
2023-03-19,2,GTA 6,FR
2023-03-26,4,GTA 6,FR
2023-04-02,3,GTA 6,FR
2023-04-09,2,GTA 6,FR
2023-04-16,2,GTA 6,FR
2023-04-23,2,GTA 6,FR
2023-04-30,3,GTA 6,FR
2023-05-07,4,GTA 6,FR
2023-05-14,5,GTA 6,FR
2023-05-21,3,GTA 6,FR
2023-05-28,3,GTA 6,FR
2023-06-04,2,GTA 6,FR
2023-06-11,2,GTA 6,FR
2023-06-18,2,GTA 6,FR
2023-06-25,2,GTA 6,FR
2023-07-02,2,GTA 6,FR
2023-07-09,2,GTA 6,FR
2023-07-16,3,GTA 6,FR
2023-07-23,3,GTA 6,FR
2023-07-30,3,GTA 6,FR
2023-08-06,4,GTA 6,FR
2023-08-13,3,GTA 6,FR
2023-08-20,3,GTA 6,FR
2023-08-27,3,GTA 6,FR
2023-09-03,2,GTA 6,FR
2023-09-10,2,GTA 6,FR
2023-09-17,3,GTA 6,FR
2023-09-24,3,GTA 6,FR
2023-10-01,4,GTA 6,FR
2023-10-08,3,GTA 6,FR
2023-10-15,4,GTA 6,FR
2023-10-22,15,GTA 6,FR
2023-10-29,5,GTA 6,FR
2023-11-05,15,GTA 6,FR
2023-11-12,10,GTA 6,FR
2023-11-19,7,GTA 6,FR
2023-11-26,11,GTA 6,FR
2023-12-03,59,GTA 6,FR
2023-12-10,11,GTA 6,FR
2023-12-17,7,GTA 6,FR
2023-12-24,6,GTA 6,FR
2023-12-31,4,GTA 6,FR
2024-01-07,2,GTA 6,FR
2024-01-14,2,GTA 6,FR
2024-01-21,2,GTA 6,FR
2024-01-28,2,GTA 6,FR
2024-02-04,2,GTA 6,FR
2024-02-11,2,GTA 6,FR
2024-02-18,2,GTA 6,FR
2024-02-25,2,GTA 6,FR
2024-03-03,2,GTA 6,FR
2024-03-10,2,GTA 6,FR
2024-03-17,3,GTA 6,FR
2024-03-24,2,GTA 6,FR
2024-03-31,3,GTA 6,FR
2024-04-07,2,GTA 6,FR
2024-04-14,2,GTA 6,FR
2024-04-21,2,GTA 6,FR
2024-04-28,2,GTA 6,FR
2024-05-05,2,GTA 6,FR
2024-05-12,4,GTA 6,FR
2024-05-19,3,GTA 6,FR
2024-05-26,2,GTA 6,FR
2024-06-02,2,GTA 6,FR
2024-06-09,2,GTA 6,FR
2024-06-16,2,GTA 6,FR
2024-06-23,2,GTA 6,FR
2024-06-30,2,GTA 6,FR
2024-07-07,2,GTA 6,FR
2024-07-14,3,GTA 6,FR
2024-07-21,3,GTA 6,FR
2024-07-28,3,GTA 6,FR
2024-08-04,4,GTA 6,FR
2024-08-11,4,GTA 6,FR
2024-08-18,4,GTA 6,FR
2024-08-25,4,GTA 6,FR
2024-09-01,4,GTA 6,FR
2024-09-08,5,GTA 6,FR
2024-09-15,4,GTA 6,FR
2024-09-22,4,GTA 6,FR
2024-09-29,3,GTA 6,FR
2024-10-06,3,GTA 6,FR
2024-10-13,4,GTA 6,FR
2024-10-20,4,GTA 6,FR
2024-10-27,4,GTA 6,FR
2024-11-03,4,GTA 6,FR
2024-11-10,4,GTA 6,FR
2024-11-17,5,GTA 6,FR
2024-11-24,5,GTA 6,FR
2024-12-01,7,GTA 6,FR
2024-12-08,6,GTA 6,FR
2024-12-15,6,GTA 6,FR
2024-12-22,12,GTA 6,FR
2024-12-29,11,GTA 6,FR
2025-01-05,8,GTA 6,FR
2025-01-12,7,GTA 6,FR
2025-01-19,6,GTA 6,FR
2025-01-26,9,GTA 6,FR
2025-02-02,11,GTA 6,FR
2025-02-09,9,GTA 6,FR
2025-02-16,7,GTA 6,FR
2025-02-23,6,GTA 6,FR
2025-03-02,6,GTA 6,FR
2025-03-09,5,GTA 6,FR
2025-03-16,5,GTA 6,FR
2025-03-23,6,GTA 6,FR
2025-03-30,6,GTA 6,FR
2025-04-06,4,GTA 6,FR
2025-04-13,5,GTA 6,FR
2025-04-20,6,GTA 6,FR
2025-04-27,13,GTA 6,FR
2025-05-04,25,GTA 6,FR
2025-05-11,13,GTA 6,FR
2025-05-18,7,GTA 6,FR
2025-05-25,9,GTA 6,FR
2025-06-01,3,GTA 6,FR
2025-06-08,4,GTA 6,FR
2025-06-15,3,GTA 6,FR
2025-06-22,3,GTA 6,FR
2025-06-29,2,GTA 6,FR
2025-07-06,3,GTA 6,FR
2025-07-13,3,GTA 6,FR
2025-07-20,3,GTA 6,FR
2025-07-27,5,GTA 6,FR
2025-08-03,5,GTA 6,FR
2025-08-10,4,GTA 6,FR
2025-08-17,4,GTA 6,FR
2025-08-24,4,GTA 6,FR
2025-08-31,4,GTA 6,FR
2025-09-07,4,GTA 6,FR
2025-09-14,7,GTA 6,FR
2025-09-21,5,GTA 6,FR
2025-09-28,4,GTA 6,FR
2025-10-05,4,GTA 6,FR
2025-10-12,7,GTA 6,FR
2025-10-19,5,GTA 6,FR
2025-10-26,5,GTA 6,FR
2025-11-02,14,GTA 6,FR
2025-11-09,6,GTA 6,FR
2025-11-16,4,GTA 6,FR
2025-11-23,4,GTA 6,FR
2025-11-30,4,GTA 6,FR
2025-12-07,4,GTA 6,FR
2025-12-14,4,GTA 6,FR
2025-12-21,5,GTA 6,FR
2025-12-28,7,GTA 6,FR
2026-01-04,5,GTA 6,FR
2026-01-11,4,GTA 6,FR
2026-01-18,5,GTA 6,FR
2026-01-25,5,GTA 6,FR
2026-02-01,5,GTA 6,FR
2026-02-08,5,GTA 6,FR
2026-02-15,4,GTA 6,FR
2026-02-22,4,GTA 6,FR
2026-03-01,5,GTA 6,FR
2026-03-08,4,GTA 6,FR
2026-03-15,5,GTA 6,FR
2026-03-22,5,GTA 6,FR
2026-03-29,6,GTA 6,FR
2026-04-05,5,GTA 6,FR
2026-04-12,5,GTA 6,FR
2026-04-19,7,GTA 6,FR
2026-04-26,7,GTA 6,FR
2026-05-03,9,GTA 6,FR
2026-05-10,17,GTA 6,FR
2026-05-17,24,GTA 6,FR
2026-05-24,10,GTA 6,FR
2026-05-31,8,GTA 6,FR
2026-06-07,6,GTA 6,FR
2026-06-14,18,GTA 6,FR
2026-06-21,100,GTA 6,FR
2026-06-28,34,GTA 6,FR
2026-07-05,14,GTA 6,FR
2026-07-12,11,GTA 6,FR
2026-07-19,10,GTA 6,FR
2026-07-26,10,GTA 6,FR
2026-08-02,13,GTA 6,FR
2026-08-09,10,GTA 6,FR
2026-08-16,26,GTA 6,FR
2026-08-23,64,GTA 6,FR
2026-08-30,38,GTA 6,FR
2026-09-06,28,GTA 6,FR
2023-01-01,0,GTA 6,JP
2023-01-08,0,GTA 6,JP
2023-01-15,1,GTA 6,JP
2023-01-22,0,GTA 6,JP
2023-01-29,1,GTA 6,JP
2023-02-05,0,GTA 6,JP
2023-02-12,1,GTA 6,JP
2023-02-19,0,GTA 6,JP
2023-02-26,0,GTA 6,JP
2023-03-05,1,GTA 6,JP
2023-03-12,1,GTA 6,JP
2023-03-19,0,GTA 6,JP
2023-03-26,3,GTA 6,JP
2023-04-02,0,GTA 6,JP
2023-04-09,0,GTA 6,JP
2023-04-16,1,GTA 6,JP
2023-04-23,0,GTA 6,JP
2023-04-30,0,GTA 6,JP
2023-05-07,1,GTA 6,JP
2023-05-14,2,GTA 6,JP
2023-05-21,1,GTA 6,JP
2023-05-28,1,GTA 6,JP
2023-06-04,1,GTA 6,JP
2023-06-11,1,GTA 6,JP
2023-06-18,0,GTA 6,JP
2023-06-25,1,GTA 6,JP
2023-07-02,2,GTA 6,JP
2023-07-09,0,GTA 6,JP
2023-07-16,3,GTA 6,JP
2023-07-23,2,GTA 6,JP
2023-07-30,2,GTA 6,JP
2023-08-06,2,GTA 6,JP
2023-08-13,2,GTA 6,JP
2023-08-20,0,GTA 6,JP
2023-08-27,2,GTA 6,JP
2023-09-03,2,GTA 6,JP
2023-09-10,0,GTA 6,JP
2023-09-17,0,GTA 6,JP
2023-09-24,2,GTA 6,JP
2023-10-01,2,GTA 6,JP
2023-10-08,1,GTA 6,JP
2023-10-15,1,GTA 6,JP
2023-10-22,4,GTA 6,JP
2023-10-29,0,GTA 6,JP
2023-11-05,6,GTA 6,JP
2023-11-12,4,GTA 6,JP
2023-11-19,2,GTA 6,JP
2023-11-26,4,GTA 6,JP
2023-12-03,21,GTA 6,JP
2023-12-10,6,GTA 6,JP
2023-12-17,4,GTA 6,JP
2023-12-24,3,GTA 6,JP
2023-12-31,2,GTA 6,JP
2024-01-07,2,GTA 6,JP
2024-01-14,2,GTA 6,JP
2024-01-21,1,GTA 6,JP
2024-01-28,2,GTA 6,JP
2024-02-04,2,GTA 6,JP
2024-02-11,3,GTA 6,JP
2024-02-18,0,GTA 6,JP
2024-02-25,1,GTA 6,JP
2024-03-03,2,GTA 6,JP
2024-03-10,0,GTA 6,JP
2024-03-17,2,GTA 6,JP
2024-03-24,2,GTA 6,JP
2024-03-31,2,GTA 6,JP
2024-04-07,1,GTA 6,JP
2024-04-14,2,GTA 6,JP
2024-04-21,0,GTA 6,JP
2024-04-28,2,GTA 6,JP
2024-05-05,2,GTA 6,JP
2024-05-12,2,GTA 6,JP
2024-05-19,2,GTA 6,JP
2024-05-26,0,GTA 6,JP
2024-06-02,2,GTA 6,JP
2024-06-09,2,GTA 6,JP
2024-06-16,2,GTA 6,JP
2024-06-23,2,GTA 6,JP
2024-06-30,2,GTA 6,JP
2024-07-07,2,GTA 6,JP
2024-07-14,2,GTA 6,JP
2024-07-21,1,GTA 6,JP
2024-07-28,2,GTA 6,JP
2024-08-04,2,GTA 6,JP
2024-08-11,2,GTA 6,JP
2024-08-18,1,GTA 6,JP
2024-08-25,0,GTA 6,JP
2024-09-01,2,GTA 6,JP
2024-09-08,2,GTA 6,JP
2024-09-15,2,GTA 6,JP
2024-09-22,3,GTA 6,JP
2024-09-29,3,GTA 6,JP
2024-10-06,2,GTA 6,JP
2024-10-13,2,GTA 6,JP
2024-10-20,3,GTA 6,JP
2024-10-27,2,GTA 6,JP
2024-11-03,2,GTA 6,JP
2024-11-10,2,GTA 6,JP
2024-11-17,3,GTA 6,JP
2024-11-24,2,GTA 6,JP
2024-12-01,4,GTA 6,JP
2024-12-08,4,GTA 6,JP
2024-12-15,3,GTA 6,JP
2024-12-22,4,GTA 6,JP
2024-12-29,5,GTA 6,JP
2025-01-05,4,GTA 6,JP
2025-01-12,4,GTA 6,JP
2025-01-19,4,GTA 6,JP
2025-01-26,4,GTA 6,JP
2025-02-02,3,GTA 6,JP
2025-02-09,3,GTA 6,JP
2025-02-16,3,GTA 6,JP
2025-02-23,4,GTA 6,JP
2025-03-02,2,GTA 6,JP
2025-03-09,2,GTA 6,JP
2025-03-16,3,GTA 6,JP
2025-03-23,3,GTA 6,JP
2025-03-30,3,GTA 6,JP
2025-04-06,2,GTA 6,JP
2025-04-13,2,GTA 6,JP
2025-04-20,2,GTA 6,JP
2025-04-27,5,GTA 6,JP
2025-05-04,13,GTA 6,JP
2025-05-11,7,GTA 6,JP
2025-05-18,4,GTA 6,JP
2025-05-25,4,GTA 6,JP
2025-06-01,6,GTA 6,JP
2025-06-08,3,GTA 6,JP
2025-06-15,3,GTA 6,JP
2025-06-22,2,GTA 6,JP
2025-06-29,2,GTA 6,JP
2025-07-06,0,GTA 6,JP
2025-07-13,0,GTA 6,JP
2025-07-20,2,GTA 6,JP
2025-07-27,1,GTA 6,JP
2025-08-03,4,GTA 6,JP
2025-08-10,3,GTA 6,JP
2025-08-17,1,GTA 6,JP
2025-08-24,2,GTA 6,JP
2025-08-31,1,GTA 6,JP
2025-09-07,2,GTA 6,JP
2025-09-14,3,GTA 6,JP
2025-09-21,3,GTA 6,JP
2025-09-28,3,GTA 6,JP
2025-10-05,2,GTA 6,JP
2025-10-12,3,GTA 6,JP
2025-10-19,2,GTA 6,JP
2025-10-26,5,GTA 6,JP
2025-11-02,15,GTA 6,JP
2025-11-09,9,GTA 6,JP
2025-11-16,7,GTA 6,JP
2025-11-23,9,GTA 6,JP
2025-11-30,9,GTA 6,JP
2025-12-07,10,GTA 6,JP
2025-12-14,9,GTA 6,JP
2025-12-21,9,GTA 6,JP
2025-12-28,11,GTA 6,JP
2026-01-04,10,GTA 6,JP
2026-01-11,7,GTA 6,JP
2026-01-18,9,GTA 6,JP
2026-01-25,10,GTA 6,JP
2026-02-01,11,GTA 6,JP
2026-02-08,7,GTA 6,JP
2026-02-15,6,GTA 6,JP
2026-02-22,9,GTA 6,JP
2026-03-01,9,GTA 6,JP
2026-03-08,10,GTA 6,JP
2026-03-15,13,GTA 6,JP
2026-03-22,12,GTA 6,JP
2026-03-29,15,GTA 6,JP
2026-04-05,12,GTA 6,JP
2026-04-12,12,GTA 6,JP
2026-04-19,9,GTA 6,JP
2026-04-26,15,GTA 6,JP
2026-05-03,13,GTA 6,JP
2026-05-10,15,GTA 6,JP
2026-05-17,19,GTA 6,JP
2026-05-24,17,GTA 6,JP
2026-05-31,17,GTA 6,JP
2026-06-07,17,GTA 6,JP
2026-06-14,24,GTA 6,JP
2026-06-21,100,GTA 6,JP
2026-06-28,60,GTA 6,JP
2026-07-05,29,GTA 6,JP
2026-07-12,17,GTA 6,JP
2026-07-19,11,GTA 6,JP
2026-07-26,10,GTA 6,JP
2026-08-02,12,GTA 6,JP
2026-08-09,11,GTA 6,JP
2026-08-16,19,GTA 6,JP
2026-08-23,38,GTA 6,JP
2026-08-30,20,GTA 6,JP
2026-09-06,13,GTA 6,JP
2023-01-01,0,GTA 6,KR
2023-01-08,0,GTA 6,KR
2023-01-15,0,GTA 6,KR
2023-01-22,0,GTA 6,KR
2023-01-29,0,GTA 6,KR
2023-02-05,0,GTA 6,KR
2023-02-12,0,GTA 6,KR
2023-02-19,0,GTA 6,KR
2023-02-26,0,GTA 6,KR
2023-03-05,0,GTA 6,KR
2023-03-12,0,GTA 6,KR
2023-03-19,0,GTA 6,KR
2023-03-26,0,GTA 6,KR
2023-04-02,0,GTA 6,KR
2023-04-09,0,GTA 6,KR
2023-04-16,0,GTA 6,KR
2023-04-23,2,GTA 6,KR
2023-04-30,0,GTA 6,KR
2023-05-07,3,GTA 6,KR
2023-05-14,3,GTA 6,KR
2023-05-21,2,GTA 6,KR
2023-05-28,2,GTA 6,KR
2023-06-04,2,GTA 6,KR
2023-06-11,2,GTA 6,KR
2023-06-18,0,GTA 6,KR
2023-06-25,2,GTA 6,KR
2023-07-02,3,GTA 6,KR
2023-07-09,2,GTA 6,KR
2023-07-16,2,GTA 6,KR
2023-07-23,0,GTA 6,KR
2023-07-30,0,GTA 6,KR
2023-08-06,0,GTA 6,KR
2023-08-13,3,GTA 6,KR
2023-08-20,2,GTA 6,KR
2023-08-27,3,GTA 6,KR
2023-09-03,3,GTA 6,KR
2023-09-10,2,GTA 6,KR
2023-09-17,2,GTA 6,KR
2023-09-24,3,GTA 6,KR
2023-10-01,2,GTA 6,KR
2023-10-08,3,GTA 6,KR
2023-10-15,2,GTA 6,KR
2023-10-22,4,GTA 6,KR
2023-10-29,4,GTA 6,KR
2023-11-05,7,GTA 6,KR
2023-11-12,5,GTA 6,KR
2023-11-19,4,GTA 6,KR
2023-11-26,7,GTA 6,KR
2023-12-03,27,GTA 6,KR
2023-12-10,6,GTA 6,KR
2023-12-17,4,GTA 6,KR
2023-12-24,5,GTA 6,KR
2023-12-31,3,GTA 6,KR
2024-01-07,3,GTA 6,KR
2024-01-14,3,GTA 6,KR
2024-01-21,3,GTA 6,KR
2024-01-28,3,GTA 6,KR
2024-02-04,3,GTA 6,KR
2024-02-11,4,GTA 6,KR
2024-02-18,3,GTA 6,KR
2024-02-25,3,GTA 6,KR
2024-03-03,3,GTA 6,KR
2024-03-10,4,GTA 6,KR
2024-03-17,3,GTA 6,KR
2024-03-24,4,GTA 6,KR
2024-03-31,2,GTA 6,KR
2024-04-07,3,GTA 6,KR
2024-04-14,3,GTA 6,KR
2024-04-21,2,GTA 6,KR
2024-04-28,4,GTA 6,KR
2024-05-05,2,GTA 6,KR
2024-05-12,2,GTA 6,KR
2024-05-19,3,GTA 6,KR
2024-05-26,4,GTA 6,KR
2024-06-02,4,GTA 6,KR
2024-06-09,6,GTA 6,KR
2024-06-16,3,GTA 6,KR
2024-06-23,3,GTA 6,KR
2024-06-30,3,GTA 6,KR
2024-07-07,3,GTA 6,KR
2024-07-14,3,GTA 6,KR
2024-07-21,7,GTA 6,KR
2024-07-28,4,GTA 6,KR
2024-08-04,3,GTA 6,KR
2024-08-11,4,GTA 6,KR
2024-08-18,4,GTA 6,KR
2024-08-25,4,GTA 6,KR
2024-09-01,4,GTA 6,KR
2024-09-08,3,GTA 6,KR
2024-09-15,4,GTA 6,KR
2024-09-22,4,GTA 6,KR
2024-09-29,3,GTA 6,KR
2024-10-06,3,GTA 6,KR
2024-10-13,3,GTA 6,KR
2024-10-20,3,GTA 6,KR
2024-10-27,4,GTA 6,KR
2024-11-03,4,GTA 6,KR
2024-11-10,4,GTA 6,KR
2024-11-17,3,GTA 6,KR
2024-11-24,5,GTA 6,KR
2024-12-01,3,GTA 6,KR
2024-12-08,4,GTA 6,KR
2024-12-15,5,GTA 6,KR
2024-12-22,4,GTA 6,KR
2024-12-29,5,GTA 6,KR
2025-01-05,6,GTA 6,KR
2025-01-12,5,GTA 6,KR
2025-01-19,5,GTA 6,KR
2025-01-26,8,GTA 6,KR
2025-02-02,5,GTA 6,KR
2025-02-09,4,GTA 6,KR
2025-02-16,4,GTA 6,KR
2025-02-23,4,GTA 6,KR
2025-03-02,6,GTA 6,KR
2025-03-09,2,GTA 6,KR
2025-03-16,5,GTA 6,KR
2025-03-23,4,GTA 6,KR
2025-03-30,5,GTA 6,KR
2025-04-06,5,GTA 6,KR
2025-04-13,3,GTA 6,KR
2025-04-20,3,GTA 6,KR
2025-04-27,5,GTA 6,KR
2025-05-04,15,GTA 6,KR
2025-05-11,7,GTA 6,KR
2025-05-18,6,GTA 6,KR
2025-05-25,5,GTA 6,KR
2025-06-01,6,GTA 6,KR
2025-06-08,5,GTA 6,KR
2025-06-15,3,GTA 6,KR
2025-06-22,4,GTA 6,KR
2025-06-29,3,GTA 6,KR
2025-07-06,4,GTA 6,KR
2025-07-13,4,GTA 6,KR
2025-07-20,2,GTA 6,KR
2025-07-27,3,GTA 6,KR
2025-08-03,3,GTA 6,KR
2025-08-10,4,GTA 6,KR
2025-08-17,4,GTA 6,KR
2025-08-24,0,GTA 6,KR
2025-08-31,2,GTA 6,KR
2025-09-07,2,GTA 6,KR
2025-09-14,4,GTA 6,KR
2025-09-21,2,GTA 6,KR
2025-09-28,0,GTA 6,KR
2025-10-05,3,GTA 6,KR
2025-10-12,4,GTA 6,KR
2025-10-19,4,GTA 6,KR
2025-10-26,6,GTA 6,KR
2025-11-02,15,GTA 6,KR
2025-11-09,13,GTA 6,KR
2025-11-16,11,GTA 6,KR
2025-11-23,13,GTA 6,KR
2025-11-30,17,GTA 6,KR
2025-12-07,14,GTA 6,KR
2025-12-14,14,GTA 6,KR
2025-12-21,11,GTA 6,KR
2025-12-28,17,GTA 6,KR
2026-01-04,17,GTA 6,KR
2026-01-11,11,GTA 6,KR
2026-01-18,15,GTA 6,KR
2026-01-25,12,GTA 6,KR
2026-02-01,12,GTA 6,KR
2026-02-08,9,GTA 6,KR
2026-02-15,11,GTA 6,KR
2026-02-22,11,GTA 6,KR
2026-03-01,13,GTA 6,KR
2026-03-08,13,GTA 6,KR
2026-03-15,22,GTA 6,KR
2026-03-22,20,GTA 6,KR
2026-03-29,15,GTA 6,KR
2026-04-05,17,GTA 6,KR
2026-04-12,21,GTA 6,KR
2026-04-19,12,GTA 6,KR
2026-04-26,14,GTA 6,KR
2026-05-03,16,GTA 6,KR
2026-05-10,20,GTA 6,KR
2026-05-17,20,GTA 6,KR
2026-05-24,20,GTA 6,KR
2026-05-31,23,GTA 6,KR
2026-06-07,19,GTA 6,KR
2026-06-14,26,GTA 6,KR
2026-06-21,100,GTA 6,KR
2026-06-28,62,GTA 6,KR
2026-07-05,28,GTA 6,KR
2026-07-12,17,GTA 6,KR
2026-07-19,13,GTA 6,KR
2026-07-26,10,GTA 6,KR
2026-08-02,16,GTA 6,KR
2026-08-09,13,GTA 6,KR
2026-08-16,24,GTA 6,KR
2026-08-23,36,GTA 6,KR
2026-08-30,25,GTA 6,KR
2026-09-06,24,GTA 6,KR
2023-01-01,4,GTA 6,ID
2023-01-08,4,GTA 6,ID
2023-01-15,5,GTA 6,ID
2023-01-22,5,GTA 6,ID
2023-01-29,5,GTA 6,ID
2023-02-05,4,GTA 6,ID
2023-02-12,4,GTA 6,ID
2023-02-19,4,GTA 6,ID
2023-02-26,5,GTA 6,ID
2023-03-05,5,GTA 6,ID
2023-03-12,4,GTA 6,ID
2023-03-19,4,GTA 6,ID
2023-03-26,5,GTA 6,ID
2023-04-02,6,GTA 6,ID
2023-04-09,7,GTA 6,ID
2023-04-16,5,GTA 6,ID
2023-04-23,6,GTA 6,ID
2023-04-30,5,GTA 6,ID
2023-05-07,6,GTA 6,ID
2023-05-14,7,GTA 6,ID
2023-05-21,6,GTA 6,ID
2023-05-28,6,GTA 6,ID
2023-06-04,5,GTA 6,ID
2023-06-11,4,GTA 6,ID
2023-06-18,6,GTA 6,ID
2023-06-25,6,GTA 6,ID
2023-07-02,5,GTA 6,ID
2023-07-09,3,GTA 6,ID
2023-07-16,4,GTA 6,ID
2023-07-23,4,GTA 6,ID
2023-07-30,3,GTA 6,ID
2023-08-06,2,GTA 6,ID
2023-08-13,4,GTA 6,ID
2023-08-20,3,GTA 6,ID
2023-08-27,3,GTA 6,ID
2023-09-03,5,GTA 6,ID
2023-09-10,3,GTA 6,ID
2023-09-17,3,GTA 6,ID
2023-09-24,4,GTA 6,ID
2023-10-01,4,GTA 6,ID
2023-10-08,4,GTA 6,ID
2023-10-15,6,GTA 6,ID
2023-10-22,10,GTA 6,ID
2023-10-29,4,GTA 6,ID
2023-11-05,13,GTA 6,ID
2023-11-12,7,GTA 6,ID
2023-11-19,6,GTA 6,ID
2023-11-26,14,GTA 6,ID
2023-12-03,64,GTA 6,ID
2023-12-10,17,GTA 6,ID
2023-12-17,11,GTA 6,ID
2023-12-24,12,GTA 6,ID
2023-12-31,9,GTA 6,ID
2024-01-07,7,GTA 6,ID
2024-01-14,6,GTA 6,ID
2024-01-21,5,GTA 6,ID
2024-01-28,6,GTA 6,ID
2024-02-04,6,GTA 6,ID
2024-02-11,5,GTA 6,ID
2024-02-18,5,GTA 6,ID
2024-02-25,5,GTA 6,ID
2024-03-03,5,GTA 6,ID
2024-03-10,6,GTA 6,ID
2024-03-17,6,GTA 6,ID
2024-03-24,6,GTA 6,ID
2024-03-31,5,GTA 6,ID
2024-04-07,4,GTA 6,ID
2024-04-14,5,GTA 6,ID
2024-04-21,5,GTA 6,ID
2024-04-28,5,GTA 6,ID
2024-05-05,5,GTA 6,ID
2024-05-12,7,GTA 6,ID
2024-05-19,6,GTA 6,ID
2024-05-26,4,GTA 6,ID
2024-06-02,6,GTA 6,ID
2024-06-09,4,GTA 6,ID
2024-06-16,6,GTA 6,ID
2024-06-23,5,GTA 6,ID
2024-06-30,4,GTA 6,ID
2024-07-07,5,GTA 6,ID
2024-07-14,5,GTA 6,ID
2024-07-21,5,GTA 6,ID
2024-07-28,4,GTA 6,ID
2024-08-04,5,GTA 6,ID
2024-08-11,5,GTA 6,ID
2024-08-18,4,GTA 6,ID
2024-08-25,4,GTA 6,ID
2024-09-01,4,GTA 6,ID
2024-09-08,5,GTA 6,ID
2024-09-15,5,GTA 6,ID
2024-09-22,5,GTA 6,ID
2024-09-29,4,GTA 6,ID
2024-10-06,4,GTA 6,ID
2024-10-13,4,GTA 6,ID
2024-10-20,4,GTA 6,ID
2024-10-27,5,GTA 6,ID
2024-11-03,4,GTA 6,ID
2024-11-10,5,GTA 6,ID
2024-11-17,5,GTA 6,ID
2024-11-24,7,GTA 6,ID
2024-12-01,8,GTA 6,ID
2024-12-08,7,GTA 6,ID
2024-12-15,7,GTA 6,ID
2024-12-22,9,GTA 6,ID
2024-12-29,13,GTA 6,ID
2025-01-05,13,GTA 6,ID
2025-01-12,9,GTA 6,ID
2025-01-19,9,GTA 6,ID
2025-01-26,10,GTA 6,ID
2025-02-02,8,GTA 6,ID
2025-02-09,8,GTA 6,ID
2025-02-16,8,GTA 6,ID
2025-02-23,8,GTA 6,ID
2025-03-02,9,GTA 6,ID
2025-03-09,7,GTA 6,ID
2025-03-16,7,GTA 6,ID
2025-03-23,8,GTA 6,ID
2025-03-30,8,GTA 6,ID
2025-04-06,9,GTA 6,ID
2025-04-13,7,GTA 6,ID
2025-04-20,5,GTA 6,ID
2025-04-27,13,GTA 6,ID
2025-05-04,44,GTA 6,ID
2025-05-11,22,GTA 6,ID
2025-05-18,15,GTA 6,ID
2025-05-25,12,GTA 6,ID
2025-06-01,9,GTA 6,ID
2025-06-08,11,GTA 6,ID
2025-06-15,9,GTA 6,ID
2025-06-22,9,GTA 6,ID
2025-06-29,9,GTA 6,ID
2025-07-06,8,GTA 6,ID
2025-07-13,6,GTA 6,ID
2025-07-20,6,GTA 6,ID
2025-07-27,8,GTA 6,ID
2025-08-03,6,GTA 6,ID
2025-08-10,7,GTA 6,ID
2025-08-17,5,GTA 6,ID
2025-08-24,5,GTA 6,ID
2025-08-31,6,GTA 6,ID
2025-09-07,5,GTA 6,ID
2025-09-14,6,GTA 6,ID
2025-09-21,5,GTA 6,ID
2025-09-28,5,GTA 6,ID
2025-10-05,5,GTA 6,ID
2025-10-12,5,GTA 6,ID
2025-10-19,4,GTA 6,ID
2025-10-26,7,GTA 6,ID
2025-11-02,16,GTA 6,ID
2025-11-09,9,GTA 6,ID
2025-11-16,6,GTA 6,ID
2025-11-23,5,GTA 6,ID
2025-11-30,24,GTA 6,ID
2025-12-07,48,GTA 6,ID
2025-12-14,8,GTA 6,ID
2025-12-21,8,GTA 6,ID
2025-12-28,15,GTA 6,ID
2026-01-04,11,GTA 6,ID
2026-01-11,9,GTA 6,ID
2026-01-18,10,GTA 6,ID
2026-01-25,8,GTA 6,ID
2026-02-01,21,GTA 6,ID
2026-02-08,30,GTA 6,ID
2026-02-15,11,GTA 6,ID
2026-02-22,9,GTA 6,ID
2026-03-01,10,GTA 6,ID
2026-03-08,11,GTA 6,ID
2026-03-15,11,GTA 6,ID
2026-03-22,32,GTA 6,ID
2026-03-29,12,GTA 6,ID
2026-04-05,22,GTA 6,ID
2026-04-12,19,GTA 6,ID
2026-04-19,8,GTA 6,ID
2026-04-26,33,GTA 6,ID
2026-05-03,35,GTA 6,ID
2026-05-10,15,GTA 6,ID
2026-05-17,14,GTA 6,ID
2026-05-24,16,GTA 6,ID
2026-05-31,14,GTA 6,ID
2026-06-07,13,GTA 6,ID
2026-06-14,23,GTA 6,ID
2026-06-21,100,GTA 6,ID
2026-06-28,55,GTA 6,ID
2026-07-05,27,GTA 6,ID
2026-07-12,19,GTA 6,ID
2026-07-19,25,GTA 6,ID
2026-07-26,15,GTA 6,ID
2026-08-02,16,GTA 6,ID
2026-08-09,34,GTA 6,ID
2026-08-16,29,GTA 6,ID
2026-08-23,78,GTA 6,ID
2026-08-30,61,GTA 6,ID
2026-09-06,30,GTA 6,ID
2023-01-01,3,GTA 6,PH
2023-01-08,2,GTA 6,PH
2023-01-15,2,GTA 6,PH
2023-01-22,2,GTA 6,PH
2023-01-29,3,GTA 6,PH
2023-02-05,2,GTA 6,PH
2023-02-12,2,GTA 6,PH
2023-02-19,2,GTA 6,PH
2023-02-26,3,GTA 6,PH
2023-03-05,3,GTA 6,PH
2023-03-12,2,GTA 6,PH
2023-03-19,3,GTA 6,PH
2023-03-26,2,GTA 6,PH
2023-04-02,3,GTA 6,PH
2023-04-09,2,GTA 6,PH
2023-04-16,2,GTA 6,PH
2023-04-23,3,GTA 6,PH
2023-04-30,2,GTA 6,PH
2023-05-07,4,GTA 6,PH
2023-05-14,5,GTA 6,PH
2023-05-21,9,GTA 6,PH
2023-05-28,6,GTA 6,PH
2023-06-04,4,GTA 6,PH
2023-06-11,3,GTA 6,PH
2023-06-18,3,GTA 6,PH
2023-06-25,4,GTA 6,PH
2023-07-02,4,GTA 6,PH
2023-07-09,3,GTA 6,PH
2023-07-16,4,GTA 6,PH
2023-07-23,3,GTA 6,PH
2023-07-30,4,GTA 6,PH
2023-08-06,9,GTA 6,PH
2023-08-13,5,GTA 6,PH
2023-08-20,5,GTA 6,PH
2023-08-27,3,GTA 6,PH
2023-09-03,4,GTA 6,PH
2023-09-10,3,GTA 6,PH
2023-09-17,3,GTA 6,PH
2023-09-24,3,GTA 6,PH
2023-10-01,5,GTA 6,PH
2023-10-08,2,GTA 6,PH
2023-10-15,7,GTA 6,PH
2023-10-22,14,GTA 6,PH
2023-10-29,5,GTA 6,PH
2023-11-05,13,GTA 6,PH
2023-11-12,6,GTA 6,PH
2023-11-19,4,GTA 6,PH
2023-11-26,9,GTA 6,PH
2023-12-03,55,GTA 6,PH
2023-12-10,18,GTA 6,PH
2023-12-17,14,GTA 6,PH
2023-12-24,10,GTA 6,PH
2023-12-31,9,GTA 6,PH
2024-01-07,6,GTA 6,PH
2024-01-14,6,GTA 6,PH
2024-01-21,6,GTA 6,PH
2024-01-28,5,GTA 6,PH
2024-02-04,5,GTA 6,PH
2024-02-11,5,GTA 6,PH
2024-02-18,3,GTA 6,PH
2024-02-25,4,GTA 6,PH
2024-03-03,5,GTA 6,PH
2024-03-10,4,GTA 6,PH
2024-03-17,4,GTA 6,PH
2024-03-24,5,GTA 6,PH
2024-03-31,4,GTA 6,PH
2024-04-07,3,GTA 6,PH
2024-04-14,3,GTA 6,PH
2024-04-21,4,GTA 6,PH
2024-04-28,3,GTA 6,PH
2024-05-05,4,GTA 6,PH
2024-05-12,4,GTA 6,PH
2024-05-19,4,GTA 6,PH
2024-05-26,4,GTA 6,PH
2024-06-02,5,GTA 6,PH
2024-06-09,5,GTA 6,PH
2024-06-16,5,GTA 6,PH
2024-06-23,4,GTA 6,PH
2024-06-30,5,GTA 6,PH
2024-07-07,5,GTA 6,PH
2024-07-14,3,GTA 6,PH
2024-07-21,6,GTA 6,PH
2024-07-28,5,GTA 6,PH
2024-08-04,3,GTA 6,PH
2024-08-11,4,GTA 6,PH
2024-08-18,4,GTA 6,PH
2024-08-25,4,GTA 6,PH
2024-09-01,4,GTA 6,PH
2024-09-08,4,GTA 6,PH
2024-09-15,4,GTA 6,PH
2024-09-22,3,GTA 6,PH
2024-09-29,4,GTA 6,PH
2024-10-06,4,GTA 6,PH
2024-10-13,3,GTA 6,PH
2024-10-20,4,GTA 6,PH
2024-10-27,4,GTA 6,PH
2024-11-03,4,GTA 6,PH
2024-11-10,3,GTA 6,PH
2024-11-17,4,GTA 6,PH
2024-11-24,5,GTA 6,PH
2024-12-01,7,GTA 6,PH
2024-12-08,5,GTA 6,PH
2024-12-15,7,GTA 6,PH
2024-12-22,8,GTA 6,PH
2024-12-29,13,GTA 6,PH
2025-01-05,9,GTA 6,PH
2025-01-12,7,GTA 6,PH
2025-01-19,7,GTA 6,PH
2025-01-26,6,GTA 6,PH
2025-02-02,6,GTA 6,PH
2025-02-09,7,GTA 6,PH
2025-02-16,6,GTA 6,PH
2025-02-23,9,GTA 6,PH
2025-03-02,7,GTA 6,PH
2025-03-09,7,GTA 6,PH
2025-03-16,9,GTA 6,PH
2025-03-23,7,GTA 6,PH
2025-03-30,6,GTA 6,PH
2025-04-06,6,GTA 6,PH
2025-04-13,6,GTA 6,PH
2025-04-20,6,GTA 6,PH
2025-04-27,19,GTA 6,PH
2025-05-04,44,GTA 6,PH
2025-05-11,25,GTA 6,PH
2025-05-18,12,GTA 6,PH
2025-05-25,11,GTA 6,PH
2025-06-01,8,GTA 6,PH
2025-06-08,8,GTA 6,PH
2025-06-15,6,GTA 6,PH
2025-06-22,8,GTA 6,PH
2025-06-29,5,GTA 6,PH
2025-07-06,5,GTA 6,PH
2025-07-13,6,GTA 6,PH
2025-07-20,5,GTA 6,PH
2025-07-27,6,GTA 6,PH
2025-08-03,6,GTA 6,PH
2025-08-10,5,GTA 6,PH
2025-08-17,4,GTA 6,PH
2025-08-24,5,GTA 6,PH
2025-08-31,6,GTA 6,PH
2025-09-07,5,GTA 6,PH
2025-09-14,5,GTA 6,PH
2025-09-21,4,GTA 6,PH
2025-09-28,4,GTA 6,PH
2025-10-05,4,GTA 6,PH
2025-10-12,5,GTA 6,PH
2025-10-19,5,GTA 6,PH
2025-10-26,8,GTA 6,PH
2025-11-02,19,GTA 6,PH
2025-11-09,13,GTA 6,PH
2025-11-16,8,GTA 6,PH
2025-11-23,6,GTA 6,PH
2025-11-30,10,GTA 6,PH
2025-12-07,7,GTA 6,PH
2025-12-14,7,GTA 6,PH
2025-12-21,8,GTA 6,PH
2025-12-28,15,GTA 6,PH
2026-01-04,10,GTA 6,PH
2026-01-11,6,GTA 6,PH
2026-01-18,9,GTA 6,PH
2026-01-25,8,GTA 6,PH
2026-02-01,7,GTA 6,PH
2026-02-08,6,GTA 6,PH
2026-02-15,6,GTA 6,PH
2026-02-22,6,GTA 6,PH
2026-03-01,7,GTA 6,PH
2026-03-08,6,GTA 6,PH
2026-03-15,7,GTA 6,PH
2026-03-22,7,GTA 6,PH
2026-03-29,11,GTA 6,PH
2026-04-05,8,GTA 6,PH
2026-04-12,8,GTA 6,PH
2026-04-19,7,GTA 6,PH
2026-04-26,9,GTA 6,PH
2026-05-03,11,GTA 6,PH
2026-05-10,12,GTA 6,PH
2026-05-17,14,GTA 6,PH
2026-05-24,15,GTA 6,PH
2026-05-31,10,GTA 6,PH
2026-06-07,10,GTA 6,PH
2026-06-14,20,GTA 6,PH
2026-06-21,64,GTA 6,PH
2026-06-28,49,GTA 6,PH
2026-07-05,21,GTA 6,PH
2026-07-12,16,GTA 6,PH
2026-07-19,10,GTA 6,PH
2026-07-26,10,GTA 6,PH
2026-08-02,11,GTA 6,PH
2026-08-09,11,GTA 6,PH
2026-08-16,27,GTA 6,PH
2026-08-23,100,GTA 6,PH
2026-08-30,57,GTA 6,PH
2026-09-06,29,GTA 6,PH
2023-01-01,2,GTA 6,IT
2023-01-08,2,GTA 6,IT
2023-01-15,2,GTA 6,IT
2023-01-22,2,GTA 6,IT
2023-01-29,2,GTA 6,IT
2023-02-05,2,GTA 6,IT
2023-02-12,2,GTA 6,IT
2023-02-19,2,GTA 6,IT
2023-02-26,3,GTA 6,IT
2023-03-05,2,GTA 6,IT
2023-03-12,2,GTA 6,IT
2023-03-19,4,GTA 6,IT
2023-03-26,5,GTA 6,IT
2023-04-02,4,GTA 6,IT
2023-04-09,2,GTA 6,IT
2023-04-16,2,GTA 6,IT
2023-04-23,2,GTA 6,IT
2023-04-30,2,GTA 6,IT
2023-05-07,3,GTA 6,IT
2023-05-14,3,GTA 6,IT
2023-05-21,3,GTA 6,IT
2023-05-28,3,GTA 6,IT
2023-06-04,3,GTA 6,IT
2023-06-11,3,GTA 6,IT
2023-06-18,3,GTA 6,IT
2023-06-25,3,GTA 6,IT
2023-07-02,2,GTA 6,IT
2023-07-09,2,GTA 6,IT
2023-07-16,3,GTA 6,IT
2023-07-23,3,GTA 6,IT
2023-07-30,3,GTA 6,IT
2023-08-06,4,GTA 6,IT
2023-08-13,4,GTA 6,IT
2023-08-20,3,GTA 6,IT
2023-08-27,4,GTA 6,IT
2023-09-03,4,GTA 6,IT
2023-09-10,4,GTA 6,IT
2023-09-17,4,GTA 6,IT
2023-09-24,4,GTA 6,IT
2023-10-01,5,GTA 6,IT
2023-10-08,5,GTA 6,IT
2023-10-15,6,GTA 6,IT
2023-10-22,25,GTA 6,IT
2023-10-29,6,GTA 6,IT
2023-11-05,16,GTA 6,IT
2023-11-12,9,GTA 6,IT
2023-11-19,8,GTA 6,IT
2023-11-26,12,GTA 6,IT
2023-12-03,59,GTA 6,IT
2023-12-10,9,GTA 6,IT
2023-12-17,6,GTA 6,IT
2023-12-24,6,GTA 6,IT
2023-12-31,4,GTA 6,IT
2024-01-07,3,GTA 6,IT
2024-01-14,3,GTA 6,IT
2024-01-21,3,GTA 6,IT
2024-01-28,3,GTA 6,IT
2024-02-04,2,GTA 6,IT
2024-02-11,2,GTA 6,IT
2024-02-18,2,GTA 6,IT
2024-02-25,3,GTA 6,IT
2024-03-03,2,GTA 6,IT
2024-03-10,3,GTA 6,IT
2024-03-17,3,GTA 6,IT
2024-03-24,3,GTA 6,IT
2024-03-31,3,GTA 6,IT
2024-04-07,2,GTA 6,IT
2024-04-14,3,GTA 6,IT
2024-04-21,3,GTA 6,IT
2024-04-28,3,GTA 6,IT
2024-05-05,2,GTA 6,IT
2024-05-12,4,GTA 6,IT
2024-05-19,3,GTA 6,IT
2024-05-26,3,GTA 6,IT
2024-06-02,3,GTA 6,IT
2024-06-09,3,GTA 6,IT
2024-06-16,3,GTA 6,IT
2024-06-23,3,GTA 6,IT
2024-06-30,3,GTA 6,IT
2024-07-07,3,GTA 6,IT
2024-07-14,3,GTA 6,IT
2024-07-21,3,GTA 6,IT
2024-07-28,4,GTA 6,IT
2024-08-04,4,GTA 6,IT
2024-08-11,3,GTA 6,IT
2024-08-18,4,GTA 6,IT
2024-08-25,4,GTA 6,IT
2024-09-01,4,GTA 6,IT
2024-09-08,5,GTA 6,IT
2024-09-15,3,GTA 6,IT
2024-09-22,3,GTA 6,IT
2024-09-29,3,GTA 6,IT
2024-10-06,3,GTA 6,IT
2024-10-13,3,GTA 6,IT
2024-10-20,3,GTA 6,IT
2024-10-27,4,GTA 6,IT
2024-11-03,5,GTA 6,IT
2024-11-10,4,GTA 6,IT
2024-11-17,4,GTA 6,IT
2024-11-24,5,GTA 6,IT
2024-12-01,6,GTA 6,IT
2024-12-08,6,GTA 6,IT
2024-12-15,5,GTA 6,IT
2024-12-22,9,GTA 6,IT
2024-12-29,10,GTA 6,IT
2025-01-05,8,GTA 6,IT
2025-01-12,6,GTA 6,IT
2025-01-19,6,GTA 6,IT
2025-01-26,7,GTA 6,IT
2025-02-02,7,GTA 6,IT
2025-02-09,6,GTA 6,IT
2025-02-16,5,GTA 6,IT
2025-02-23,7,GTA 6,IT
2025-03-02,7,GTA 6,IT
2025-03-09,5,GTA 6,IT
2025-03-16,6,GTA 6,IT
2025-03-23,6,GTA 6,IT
2025-03-30,8,GTA 6,IT
2025-04-06,5,GTA 6,IT
2025-04-13,6,GTA 6,IT
2025-04-20,5,GTA 6,IT
2025-04-27,13,GTA 6,IT
2025-05-04,21,GTA 6,IT
2025-05-11,11,GTA 6,IT
2025-05-18,5,GTA 6,IT
2025-05-25,4,GTA 6,IT
2025-06-01,3,GTA 6,IT
2025-06-08,3,GTA 6,IT
2025-06-15,3,GTA 6,IT
2025-06-22,3,GTA 6,IT
2025-06-29,3,GTA 6,IT
2025-07-06,3,GTA 6,IT
2025-07-13,3,GTA 6,IT
2025-07-20,3,GTA 6,IT
2025-07-27,4,GTA 6,IT
2025-08-03,5,GTA 6,IT
2025-08-10,5,GTA 6,IT
2025-08-17,5,GTA 6,IT
2025-08-24,4,GTA 6,IT
2025-08-31,4,GTA 6,IT
2025-09-07,5,GTA 6,IT
2025-09-14,4,GTA 6,IT
2025-09-21,4,GTA 6,IT
2025-09-28,4,GTA 6,IT
2025-10-05,4,GTA 6,IT
2025-10-12,4,GTA 6,IT
2025-10-19,4,GTA 6,IT
2025-10-26,4,GTA 6,IT
2025-11-02,17,GTA 6,IT
2025-11-09,6,GTA 6,IT
2025-11-16,4,GTA 6,IT
2025-11-23,4,GTA 6,IT
2025-11-30,4,GTA 6,IT
2025-12-07,4,GTA 6,IT
2025-12-14,4,GTA 6,IT
2025-12-21,6,GTA 6,IT
2025-12-28,7,GTA 6,IT
2026-01-04,6,GTA 6,IT
2026-01-11,4,GTA 6,IT
2026-01-18,5,GTA 6,IT
2026-01-25,4,GTA 6,IT
2026-02-01,5,GTA 6,IT
2026-02-08,5,GTA 6,IT
2026-02-15,4,GTA 6,IT
2026-02-22,4,GTA 6,IT
2026-03-01,5,GTA 6,IT
2026-03-08,5,GTA 6,IT
2026-03-15,5,GTA 6,IT
2026-03-22,5,GTA 6,IT
2026-03-29,6,GTA 6,IT
2026-04-05,5,GTA 6,IT
2026-04-12,5,GTA 6,IT
2026-04-19,5,GTA 6,IT
2026-04-26,6,GTA 6,IT
2026-05-03,8,GTA 6,IT
2026-05-10,18,GTA 6,IT
2026-05-17,24,GTA 6,IT
2026-05-24,9,GTA 6,IT
2026-05-31,7,GTA 6,IT
2026-06-07,6,GTA 6,IT
2026-06-14,20,GTA 6,IT
2026-06-21,100,GTA 6,IT
2026-06-28,33,GTA 6,IT
2026-07-05,14,GTA 6,IT
2026-07-12,9,GTA 6,IT
2026-07-19,9,GTA 6,IT
2026-07-26,8,GTA 6,IT
2026-08-02,12,GTA 6,IT
2026-08-09,9,GTA 6,IT
2026-08-16,27,GTA 6,IT
2026-08-23,74,GTA 6,IT
2026-08-30,47,GTA 6,IT
2026-09-06,28,GTA 6,IT
2023-01-01,2,GTA 6,ES
2023-01-08,2,GTA 6,ES
2023-01-15,2,GTA 6,ES
2023-01-22,1,GTA 6,ES
2023-01-29,2,GTA 6,ES
2023-02-05,1,GTA 6,ES
2023-02-12,1,GTA 6,ES
2023-02-19,2,GTA 6,ES
2023-02-26,2,GTA 6,ES
2023-03-05,3,GTA 6,ES
2023-03-12,2,GTA 6,ES
2023-03-19,2,GTA 6,ES
2023-03-26,3,GTA 6,ES
2023-04-02,2,GTA 6,ES
2023-04-09,2,GTA 6,ES
2023-04-16,2,GTA 6,ES
2023-04-23,2,GTA 6,ES
2023-04-30,2,GTA 6,ES
2023-05-07,4,GTA 6,ES
2023-05-14,3,GTA 6,ES
2023-05-21,3,GTA 6,ES
2023-05-28,2,GTA 6,ES
2023-06-04,2,GTA 6,ES
2023-06-11,2,GTA 6,ES
2023-06-18,2,GTA 6,ES
2023-06-25,2,GTA 6,ES
2023-07-02,2,GTA 6,ES
2023-07-09,2,GTA 6,ES
2023-07-16,3,GTA 6,ES
2023-07-23,2,GTA 6,ES
2023-07-30,3,GTA 6,ES
2023-08-06,3,GTA 6,ES
2023-08-13,3,GTA 6,ES
2023-08-20,3,GTA 6,ES
2023-08-27,2,GTA 6,ES
2023-09-03,3,GTA 6,ES
2023-09-10,2,GTA 6,ES
2023-09-17,3,GTA 6,ES
2023-09-24,3,GTA 6,ES
2023-10-01,3,GTA 6,ES
2023-10-08,3,GTA 6,ES
2023-10-15,6,GTA 6,ES
2023-10-22,17,GTA 6,ES
2023-10-29,6,GTA 6,ES
2023-11-05,12,GTA 6,ES
2023-11-12,7,GTA 6,ES
2023-11-19,6,GTA 6,ES
2023-11-26,10,GTA 6,ES
2023-12-03,54,GTA 6,ES
2023-12-10,10,GTA 6,ES
2023-12-17,6,GTA 6,ES
2023-12-24,5,GTA 6,ES
2023-12-31,5,GTA 6,ES
2024-01-07,3,GTA 6,ES
2024-01-14,3,GTA 6,ES
2024-01-21,3,GTA 6,ES
2024-01-28,2,GTA 6,ES
2024-02-04,2,GTA 6,ES
2024-02-11,2,GTA 6,ES
2024-02-18,2,GTA 6,ES
2024-02-25,2,GTA 6,ES
2024-03-03,2,GTA 6,ES
2024-03-10,2,GTA 6,ES
2024-03-17,2,GTA 6,ES
2024-03-24,3,GTA 6,ES
2024-03-31,3,GTA 6,ES
2024-04-07,2,GTA 6,ES
2024-04-14,2,GTA 6,ES
2024-04-21,2,GTA 6,ES
2024-04-28,2,GTA 6,ES
2024-05-05,3,GTA 6,ES
2024-05-12,5,GTA 6,ES
2024-05-19,3,GTA 6,ES
2024-05-26,2,GTA 6,ES
2024-06-02,3,GTA 6,ES
2024-06-09,3,GTA 6,ES
2024-06-16,2,GTA 6,ES
2024-06-23,3,GTA 6,ES
2024-06-30,3,GTA 6,ES
2024-07-07,3,GTA 6,ES
2024-07-14,3,GTA 6,ES
2024-07-21,3,GTA 6,ES
2024-07-28,4,GTA 6,ES
2024-08-04,3,GTA 6,ES
2024-08-11,3,GTA 6,ES
2024-08-18,4,GTA 6,ES
2024-08-25,3,GTA 6,ES
2024-09-01,4,GTA 6,ES
2024-09-08,4,GTA 6,ES
2024-09-15,3,GTA 6,ES
2024-09-22,3,GTA 6,ES
2024-09-29,3,GTA 6,ES
2024-10-06,3,GTA 6,ES
2024-10-13,3,GTA 6,ES
2024-10-20,3,GTA 6,ES
2024-10-27,3,GTA 6,ES
2024-11-03,4,GTA 6,ES
2024-11-10,4,GTA 6,ES
2024-11-17,5,GTA 6,ES
2024-11-24,5,GTA 6,ES
2024-12-01,6,GTA 6,ES
2024-12-08,5,GTA 6,ES
2024-12-15,5,GTA 6,ES
2024-12-22,8,GTA 6,ES
2024-12-29,9,GTA 6,ES
2025-01-05,6,GTA 6,ES
2025-01-12,5,GTA 6,ES
2025-01-19,5,GTA 6,ES
2025-01-26,5,GTA 6,ES
2025-02-02,6,GTA 6,ES
2025-02-09,4,GTA 6,ES
2025-02-16,6,GTA 6,ES
2025-02-23,6,GTA 6,ES
2025-03-02,5,GTA 6,ES
2025-03-09,4,GTA 6,ES
2025-03-16,5,GTA 6,ES
2025-03-23,5,GTA 6,ES
2025-03-30,6,GTA 6,ES
2025-04-06,4,GTA 6,ES
2025-04-13,4,GTA 6,ES
2025-04-20,6,GTA 6,ES
2025-04-27,12,GTA 6,ES
2025-05-04,30,GTA 6,ES
2025-05-11,15,GTA 6,ES
2025-05-18,8,GTA 6,ES
2025-05-25,7,GTA 6,ES
2025-06-01,5,GTA 6,ES
2025-06-08,4,GTA 6,ES
2025-06-15,4,GTA 6,ES
2025-06-22,4,GTA 6,ES
2025-06-29,3,GTA 6,ES
2025-07-06,3,GTA 6,ES
2025-07-13,3,GTA 6,ES
2025-07-20,3,GTA 6,ES
2025-07-27,4,GTA 6,ES
2025-08-03,5,GTA 6,ES
2025-08-10,4,GTA 6,ES
2025-08-17,4,GTA 6,ES
2025-08-24,4,GTA 6,ES
2025-08-31,5,GTA 6,ES
2025-09-07,4,GTA 6,ES
2025-09-14,5,GTA 6,ES
2025-09-21,5,GTA 6,ES
2025-09-28,4,GTA 6,ES
2025-10-05,5,GTA 6,ES
2025-10-12,4,GTA 6,ES
2025-10-19,4,GTA 6,ES
2025-10-26,5,GTA 6,ES
2025-11-02,15,GTA 6,ES
2025-11-09,7,GTA 6,ES
2025-11-16,5,GTA 6,ES
2025-11-23,5,GTA 6,ES
2025-11-30,5,GTA 6,ES
2025-12-07,5,GTA 6,ES
2025-12-14,4,GTA 6,ES
2025-12-21,7,GTA 6,ES
2025-12-28,9,GTA 6,ES
2026-01-04,8,GTA 6,ES
2026-01-11,6,GTA 6,ES
2026-01-18,8,GTA 6,ES
2026-01-25,5,GTA 6,ES
2026-02-01,6,GTA 6,ES
2026-02-08,5,GTA 6,ES
2026-02-15,5,GTA 6,ES
2026-02-22,6,GTA 6,ES
2026-03-01,7,GTA 6,ES
2026-03-08,5,GTA 6,ES
2026-03-15,6,GTA 6,ES
2026-03-22,6,GTA 6,ES
2026-03-29,8,GTA 6,ES
2026-04-05,6,GTA 6,ES
2026-04-12,7,GTA 6,ES
2026-04-19,7,GTA 6,ES
2026-04-26,8,GTA 6,ES
2026-05-03,9,GTA 6,ES
2026-05-10,16,GTA 6,ES
2026-05-17,24,GTA 6,ES
2026-05-24,12,GTA 6,ES
2026-05-31,7,GTA 6,ES
2026-06-07,8,GTA 6,ES
2026-06-14,20,GTA 6,ES
2026-06-21,100,GTA 6,ES
2026-06-28,34,GTA 6,ES
2026-07-05,16,GTA 6,ES
2026-07-12,10,GTA 6,ES
2026-07-19,9,GTA 6,ES
2026-07-26,9,GTA 6,ES
2026-08-02,13,GTA 6,ES
2026-08-09,13,GTA 6,ES
2026-08-16,37,GTA 6,ES
2026-08-23,81,GTA 6,ES
2026-08-30,47,GTA 6,ES
2026-09-06,27,GTA 6,ES
2023-01-01,2,GTA 6,NL
2023-01-08,2,GTA 6,NL
2023-01-15,2,GTA 6,NL
2023-01-22,1,GTA 6,NL
2023-01-29,1,GTA 6,NL
2023-02-05,2,GTA 6,NL
2023-02-12,1,GTA 6,NL
2023-02-19,1,GTA 6,NL
2023-02-26,2,GTA 6,NL
2023-03-05,3,GTA 6,NL
2023-03-12,3,GTA 6,NL
2023-03-19,2,GTA 6,NL
2023-03-26,2,GTA 6,NL
2023-04-02,2,GTA 6,NL
2023-04-09,2,GTA 6,NL
2023-04-16,1,GTA 6,NL
2023-04-23,2,GTA 6,NL
2023-04-30,2,GTA 6,NL
2023-05-07,3,GTA 6,NL
2023-05-14,4,GTA 6,NL
2023-05-21,3,GTA 6,NL
2023-05-28,2,GTA 6,NL
2023-06-04,2,GTA 6,NL
2023-06-11,2,GTA 6,NL
2023-06-18,2,GTA 6,NL
2023-06-25,3,GTA 6,NL
2023-07-02,2,GTA 6,NL
2023-07-09,2,GTA 6,NL
2023-07-16,3,GTA 6,NL
2023-07-23,2,GTA 6,NL
2023-07-30,3,GTA 6,NL
2023-08-06,3,GTA 6,NL
2023-08-13,3,GTA 6,NL
2023-08-20,3,GTA 6,NL
2023-08-27,3,GTA 6,NL
2023-09-03,4,GTA 6,NL
2023-09-10,3,GTA 6,NL
2023-09-17,3,GTA 6,NL
2023-09-24,3,GTA 6,NL
2023-10-01,4,GTA 6,NL
2023-10-08,3,GTA 6,NL
2023-10-15,4,GTA 6,NL
2023-10-22,12,GTA 6,NL
2023-10-29,4,GTA 6,NL
2023-11-05,11,GTA 6,NL
2023-11-12,6,GTA 6,NL
2023-11-19,6,GTA 6,NL
2023-11-26,9,GTA 6,NL
2023-12-03,46,GTA 6,NL
2023-12-10,7,GTA 6,NL
2023-12-17,4,GTA 6,NL
2023-12-24,4,GTA 6,NL
2023-12-31,3,GTA 6,NL
2024-01-07,2,GTA 6,NL
2024-01-14,2,GTA 6,NL
2024-01-21,2,GTA 6,NL
2024-01-28,2,GTA 6,NL
2024-02-04,2,GTA 6,NL
2024-02-11,2,GTA 6,NL
2024-02-18,2,GTA 6,NL
2024-02-25,2,GTA 6,NL
2024-03-03,2,GTA 6,NL
2024-03-10,2,GTA 6,NL
2024-03-17,2,GTA 6,NL
2024-03-24,2,GTA 6,NL
2024-03-31,2,GTA 6,NL
2024-04-07,2,GTA 6,NL
2024-04-14,2,GTA 6,NL
2024-04-21,2,GTA 6,NL
2024-04-28,2,GTA 6,NL
2024-05-05,2,GTA 6,NL
2024-05-12,3,GTA 6,NL
2024-05-19,2,GTA 6,NL
2024-05-26,2,GTA 6,NL
2024-06-02,2,GTA 6,NL
2024-06-09,2,GTA 6,NL
2024-06-16,2,GTA 6,NL
2024-06-23,2,GTA 6,NL
2024-06-30,2,GTA 6,NL
2024-07-07,2,GTA 6,NL
2024-07-14,2,GTA 6,NL
2024-07-21,3,GTA 6,NL
2024-07-28,2,GTA 6,NL
2024-08-04,3,GTA 6,NL
2024-08-11,3,GTA 6,NL
2024-08-18,3,GTA 6,NL
2024-08-25,3,GTA 6,NL
2024-09-01,3,GTA 6,NL
2024-09-08,4,GTA 6,NL
2024-09-15,3,GTA 6,NL
2024-09-22,3,GTA 6,NL
2024-09-29,3,GTA 6,NL
2024-10-06,3,GTA 6,NL
2024-10-13,3,GTA 6,NL
2024-10-20,3,GTA 6,NL
2024-10-27,3,GTA 6,NL
2024-11-03,3,GTA 6,NL
2024-11-10,3,GTA 6,NL
2024-11-17,4,GTA 6,NL
2024-11-24,4,GTA 6,NL
2024-12-01,5,GTA 6,NL
2024-12-08,5,GTA 6,NL
2024-12-15,4,GTA 6,NL
2024-12-22,6,GTA 6,NL
2024-12-29,8,GTA 6,NL
2025-01-05,7,GTA 6,NL
2025-01-12,6,GTA 6,NL
2025-01-19,6,GTA 6,NL
2025-01-26,6,GTA 6,NL
2025-02-02,6,GTA 6,NL
2025-02-09,5,GTA 6,NL
2025-02-16,6,GTA 6,NL
2025-02-23,6,GTA 6,NL
2025-03-02,5,GTA 6,NL
2025-03-09,5,GTA 6,NL
2025-03-16,5,GTA 6,NL
2025-03-23,5,GTA 6,NL
2025-03-30,5,GTA 6,NL
2025-04-06,4,GTA 6,NL
2025-04-13,3,GTA 6,NL
2025-04-20,4,GTA 6,NL
2025-04-27,11,GTA 6,NL
2025-05-04,21,GTA 6,NL
2025-05-11,8,GTA 6,NL
2025-05-18,4,GTA 6,NL
2025-05-25,4,GTA 6,NL
2025-06-01,3,GTA 6,NL
2025-06-08,3,GTA 6,NL
2025-06-15,2,GTA 6,NL
2025-06-22,2,GTA 6,NL
2025-06-29,2,GTA 6,NL
2025-07-06,3,GTA 6,NL
2025-07-13,2,GTA 6,NL
2025-07-20,3,GTA 6,NL
2025-07-27,4,GTA 6,NL
2025-08-03,4,GTA 6,NL
2025-08-10,3,GTA 6,NL
2025-08-17,4,GTA 6,NL
2025-08-24,3,GTA 6,NL
2025-08-31,3,GTA 6,NL
2025-09-07,3,GTA 6,NL
2025-09-14,4,GTA 6,NL
2025-09-21,4,GTA 6,NL
2025-09-28,4,GTA 6,NL
2025-10-05,3,GTA 6,NL
2025-10-12,4,GTA 6,NL
2025-10-19,4,GTA 6,NL
2025-10-26,4,GTA 6,NL
2025-11-02,12,GTA 6,NL
2025-11-09,5,GTA 6,NL
2025-11-16,3,GTA 6,NL
2025-11-23,3,GTA 6,NL
2025-11-30,4,GTA 6,NL
2025-12-07,3,GTA 6,NL
2025-12-14,3,GTA 6,NL
2025-12-21,4,GTA 6,NL
2025-12-28,5,GTA 6,NL
2026-01-04,5,GTA 6,NL
2026-01-11,4,GTA 6,NL
2026-01-18,5,GTA 6,NL
2026-01-25,5,GTA 6,NL
2026-02-01,5,GTA 6,NL
2026-02-08,4,GTA 6,NL
2026-02-15,4,GTA 6,NL
2026-02-22,4,GTA 6,NL
2026-03-01,4,GTA 6,NL
2026-03-08,4,GTA 6,NL
2026-03-15,4,GTA 6,NL
2026-03-22,4,GTA 6,NL
2026-03-29,5,GTA 6,NL
2026-04-05,5,GTA 6,NL
2026-04-12,4,GTA 6,NL
2026-04-19,5,GTA 6,NL
2026-04-26,6,GTA 6,NL
2026-05-03,8,GTA 6,NL
2026-05-10,13,GTA 6,NL
2026-05-17,21,GTA 6,NL
2026-05-24,11,GTA 6,NL
2026-05-31,10,GTA 6,NL
2026-06-07,7,GTA 6,NL
2026-06-14,19,GTA 6,NL
2026-06-21,100,GTA 6,NL
2026-06-28,47,GTA 6,NL
2026-07-05,26,GTA 6,NL
2026-07-12,14,GTA 6,NL
2026-07-19,11,GTA 6,NL
2026-07-26,11,GTA 6,NL
2026-08-02,16,GTA 6,NL
2026-08-09,16,GTA 6,NL
2026-08-16,26,GTA 6,NL
2026-08-23,73,GTA 6,NL
2026-08-30,38,GTA 6,NL
2026-09-06,28,GTA 6,NL
2023-01-01,2,GTA 6,PL
2023-01-08,2,GTA 6,PL
2023-01-15,2,GTA 6,PL
2023-01-22,2,GTA 6,PL
2023-01-29,2,GTA 6,PL
2023-02-05,2,GTA 6,PL
2023-02-12,2,GTA 6,PL
2023-02-19,2,GTA 6,PL
2023-02-26,3,GTA 6,PL
2023-03-05,3,GTA 6,PL
2023-03-12,2,GTA 6,PL
2023-03-19,3,GTA 6,PL
2023-03-26,3,GTA 6,PL
2023-04-02,2,GTA 6,PL
2023-04-09,3,GTA 6,PL
2023-04-16,2,GTA 6,PL
2023-04-23,2,GTA 6,PL
2023-04-30,2,GTA 6,PL
2023-05-07,3,GTA 6,PL
2023-05-14,3,GTA 6,PL
2023-05-21,3,GTA 6,PL
2023-05-28,2,GTA 6,PL
2023-06-04,3,GTA 6,PL
2023-06-11,2,GTA 6,PL
2023-06-18,2,GTA 6,PL
2023-06-25,2,GTA 6,PL
2023-07-02,2,GTA 6,PL
2023-07-09,2,GTA 6,PL
2023-07-16,3,GTA 6,PL
2023-07-23,3,GTA 6,PL
2023-07-30,3,GTA 6,PL
2023-08-06,4,GTA 6,PL
2023-08-13,3,GTA 6,PL
2023-08-20,3,GTA 6,PL
2023-08-27,3,GTA 6,PL
2023-09-03,3,GTA 6,PL
2023-09-10,3,GTA 6,PL
2023-09-17,6,GTA 6,PL
2023-09-24,3,GTA 6,PL
2023-10-01,3,GTA 6,PL
2023-10-08,3,GTA 6,PL
2023-10-15,6,GTA 6,PL
2023-10-22,25,GTA 6,PL
2023-10-29,7,GTA 6,PL
2023-11-05,13,GTA 6,PL
2023-11-12,7,GTA 6,PL
2023-11-19,5,GTA 6,PL
2023-11-26,10,GTA 6,PL
2023-12-03,50,GTA 6,PL
2023-12-10,9,GTA 6,PL
2023-12-17,6,GTA 6,PL
2023-12-24,6,GTA 6,PL
2023-12-31,4,GTA 6,PL
2024-01-07,4,GTA 6,PL
2024-01-14,3,GTA 6,PL
2024-01-21,3,GTA 6,PL
2024-01-28,3,GTA 6,PL
2024-02-04,3,GTA 6,PL
2024-02-11,2,GTA 6,PL
2024-02-18,2,GTA 6,PL
2024-02-25,3,GTA 6,PL
2024-03-03,3,GTA 6,PL
2024-03-10,3,GTA 6,PL
2024-03-17,4,GTA 6,PL
2024-03-24,3,GTA 6,PL
2024-03-31,3,GTA 6,PL
2024-04-07,2,GTA 6,PL
2024-04-14,3,GTA 6,PL
2024-04-21,3,GTA 6,PL
2024-04-28,3,GTA 6,PL
2024-05-05,3,GTA 6,PL
2024-05-12,5,GTA 6,PL
2024-05-19,3,GTA 6,PL
2024-05-26,3,GTA 6,PL
2024-06-02,3,GTA 6,PL
2024-06-09,3,GTA 6,PL
2024-06-16,2,GTA 6,PL
2024-06-23,3,GTA 6,PL
2024-06-30,3,GTA 6,PL
2024-07-07,3,GTA 6,PL
2024-07-14,4,GTA 6,PL
2024-07-21,3,GTA 6,PL
2024-07-28,3,GTA 6,PL
2024-08-04,3,GTA 6,PL
2024-08-11,3,GTA 6,PL
2024-08-18,3,GTA 6,PL
2024-08-25,3,GTA 6,PL
2024-09-01,3,GTA 6,PL
2024-09-08,5,GTA 6,PL
2024-09-15,3,GTA 6,PL
2024-09-22,3,GTA 6,PL
2024-09-29,3,GTA 6,PL
2024-10-06,3,GTA 6,PL
2024-10-13,3,GTA 6,PL
2024-10-20,3,GTA 6,PL
2024-10-27,4,GTA 6,PL
2024-11-03,4,GTA 6,PL
2024-11-10,4,GTA 6,PL
2024-11-17,4,GTA 6,PL
2024-11-24,5,GTA 6,PL
2024-12-01,6,GTA 6,PL
2024-12-08,6,GTA 6,PL
2024-12-15,5,GTA 6,PL
2024-12-22,9,GTA 6,PL
2024-12-29,9,GTA 6,PL
2025-01-05,7,GTA 6,PL
2025-01-12,6,GTA 6,PL
2025-01-19,6,GTA 6,PL
2025-01-26,6,GTA 6,PL
2025-02-02,6,GTA 6,PL
2025-02-09,6,GTA 6,PL
2025-02-16,5,GTA 6,PL
2025-02-23,6,GTA 6,PL
2025-03-02,6,GTA 6,PL
2025-03-09,5,GTA 6,PL
2025-03-16,5,GTA 6,PL
2025-03-23,5,GTA 6,PL
2025-03-30,5,GTA 6,PL
2025-04-06,4,GTA 6,PL
2025-04-13,4,GTA 6,PL
2025-04-20,4,GTA 6,PL
2025-04-27,10,GTA 6,PL
2025-05-04,24,GTA 6,PL
2025-05-11,11,GTA 6,PL
2025-05-18,5,GTA 6,PL
2025-05-25,4,GTA 6,PL
2025-06-01,4,GTA 6,PL
2025-06-08,3,GTA 6,PL
2025-06-15,4,GTA 6,PL
2025-06-22,3,GTA 6,PL
2025-06-29,3,GTA 6,PL
2025-07-06,3,GTA 6,PL
2025-07-13,3,GTA 6,PL
2025-07-20,4,GTA 6,PL
2025-07-27,4,GTA 6,PL
2025-08-03,5,GTA 6,PL
2025-08-10,4,GTA 6,PL
2025-08-17,3,GTA 6,PL
2025-08-24,4,GTA 6,PL
2025-08-31,3,GTA 6,PL
2025-09-07,4,GTA 6,PL
2025-09-14,4,GTA 6,PL
2025-09-21,4,GTA 6,PL
2025-09-28,4,GTA 6,PL
2025-10-05,4,GTA 6,PL
2025-10-12,5,GTA 6,PL
2025-10-19,4,GTA 6,PL
2025-10-26,5,GTA 6,PL
2025-11-02,13,GTA 6,PL
2025-11-09,9,GTA 6,PL
2025-11-16,4,GTA 6,PL
2025-11-23,4,GTA 6,PL
2025-11-30,5,GTA 6,PL
2025-12-07,4,GTA 6,PL
2025-12-14,4,GTA 6,PL
2025-12-21,6,GTA 6,PL
2025-12-28,7,GTA 6,PL
2026-01-04,5,GTA 6,PL
2026-01-11,5,GTA 6,PL
2026-01-18,6,GTA 6,PL
2026-01-25,6,GTA 6,PL
2026-02-01,7,GTA 6,PL
2026-02-08,5,GTA 6,PL
2026-02-15,5,GTA 6,PL
2026-02-22,4,GTA 6,PL
2026-03-01,4,GTA 6,PL
2026-03-08,4,GTA 6,PL
2026-03-15,5,GTA 6,PL
2026-03-22,5,GTA 6,PL
2026-03-29,7,GTA 6,PL
2026-04-05,6,GTA 6,PL
2026-04-12,6,GTA 6,PL
2026-04-19,5,GTA 6,PL
2026-04-26,7,GTA 6,PL
2026-05-03,10,GTA 6,PL
2026-05-10,14,GTA 6,PL
2026-05-17,22,GTA 6,PL
2026-05-24,11,GTA 6,PL
2026-05-31,8,GTA 6,PL
2026-06-07,6,GTA 6,PL
2026-06-14,18,GTA 6,PL
2026-06-21,100,GTA 6,PL
2026-06-28,31,GTA 6,PL
2026-07-05,17,GTA 6,PL
2026-07-12,12,GTA 6,PL
2026-07-19,11,GTA 6,PL
2026-07-26,10,GTA 6,PL
2026-08-02,12,GTA 6,PL
2026-08-09,11,GTA 6,PL
2026-08-16,36,GTA 6,PL
2026-08-23,79,GTA 6,PL
2026-08-30,41,GTA 6,PL
2026-09-06,27,GTA 6,PL
2023-01-01,1,GTA 6,TR
2023-01-08,1,GTA 6,TR
2023-01-15,2,GTA 6,TR
2023-01-22,2,GTA 6,TR
2023-01-29,2,GTA 6,TR
2023-02-05,2,GTA 6,TR
2023-02-12,2,GTA 6,TR
2023-02-19,2,GTA 6,TR
2023-02-26,2,GTA 6,TR
2023-03-05,2,GTA 6,TR
2023-03-12,2,GTA 6,TR
2023-03-19,1,GTA 6,TR
2023-03-26,2,GTA 6,TR
2023-04-02,2,GTA 6,TR
2023-04-09,2,GTA 6,TR
2023-04-16,2,GTA 6,TR
2023-04-23,2,GTA 6,TR
2023-04-30,2,GTA 6,TR
2023-05-07,3,GTA 6,TR
2023-05-14,3,GTA 6,TR
2023-05-21,3,GTA 6,TR
2023-05-28,2,GTA 6,TR
2023-06-04,2,GTA 6,TR
2023-06-11,2,GTA 6,TR
2023-06-18,2,GTA 6,TR
2023-06-25,2,GTA 6,TR
2023-07-02,2,GTA 6,TR
2023-07-09,2,GTA 6,TR
2023-07-16,4,GTA 6,TR
2023-07-23,3,GTA 6,TR
2023-07-30,2,GTA 6,TR
2023-08-06,3,GTA 6,TR
2023-08-13,3,GTA 6,TR
2023-08-20,3,GTA 6,TR
2023-08-27,4,GTA 6,TR
2023-09-03,3,GTA 6,TR
2023-09-10,2,GTA 6,TR
2023-09-17,3,GTA 6,TR
2023-09-24,2,GTA 6,TR
2023-10-01,4,GTA 6,TR
2023-10-08,3,GTA 6,TR
2023-10-15,5,GTA 6,TR
2023-10-22,17,GTA 6,TR
2023-10-29,6,GTA 6,TR
2023-11-05,13,GTA 6,TR
2023-11-12,7,GTA 6,TR
2023-11-19,7,GTA 6,TR
2023-11-26,12,GTA 6,TR
2023-12-03,72,GTA 6,TR
2023-12-10,14,GTA 6,TR
2023-12-17,9,GTA 6,TR
2023-12-24,6,GTA 6,TR
2023-12-31,5,GTA 6,TR
2024-01-07,4,GTA 6,TR
2024-01-14,4,GTA 6,TR
2024-01-21,4,GTA 6,TR
2024-01-28,5,GTA 6,TR
2024-02-04,4,GTA 6,TR
2024-02-11,5,GTA 6,TR
2024-02-18,3,GTA 6,TR
2024-02-25,4,GTA 6,TR
2024-03-03,4,GTA 6,TR
2024-03-10,4,GTA 6,TR
2024-03-17,4,GTA 6,TR
2024-03-24,5,GTA 6,TR
2024-03-31,4,GTA 6,TR
2024-04-07,5,GTA 6,TR
2024-04-14,3,GTA 6,TR
2024-04-21,3,GTA 6,TR
2024-04-28,4,GTA 6,TR
2024-05-05,4,GTA 6,TR
2024-05-12,4,GTA 6,TR
2024-05-19,4,GTA 6,TR
2024-05-26,3,GTA 6,TR
2024-06-02,3,GTA 6,TR
2024-06-09,4,GTA 6,TR
2024-06-16,4,GTA 6,TR
2024-06-23,3,GTA 6,TR
2024-06-30,3,GTA 6,TR
2024-07-07,4,GTA 6,TR
2024-07-14,4,GTA 6,TR
2024-07-21,4,GTA 6,TR
2024-07-28,4,GTA 6,TR
2024-08-04,4,GTA 6,TR
2024-08-11,4,GTA 6,TR
2024-08-18,4,GTA 6,TR
2024-08-25,3,GTA 6,TR
2024-09-01,5,GTA 6,TR
2024-09-08,4,GTA 6,TR
2024-09-15,3,GTA 6,TR
2024-09-22,5,GTA 6,TR
2024-09-29,3,GTA 6,TR
2024-10-06,3,GTA 6,TR
2024-10-13,3,GTA 6,TR
2024-10-20,3,GTA 6,TR
2024-10-27,4,GTA 6,TR
2024-11-03,4,GTA 6,TR
2024-11-10,5,GTA 6,TR
2024-11-17,5,GTA 6,TR
2024-11-24,5,GTA 6,TR
2024-12-01,6,GTA 6,TR
2024-12-08,6,GTA 6,TR
2024-12-15,6,GTA 6,TR
2024-12-22,7,GTA 6,TR
2024-12-29,7,GTA 6,TR
2025-01-05,5,GTA 6,TR
2025-01-12,5,GTA 6,TR
2025-01-19,6,GTA 6,TR
2025-01-26,6,GTA 6,TR
2025-02-02,6,GTA 6,TR
2025-02-09,6,GTA 6,TR
2025-02-16,6,GTA 6,TR
2025-02-23,5,GTA 6,TR
2025-03-02,6,GTA 6,TR
2025-03-09,5,GTA 6,TR
2025-03-16,5,GTA 6,TR
2025-03-23,4,GTA 6,TR
2025-03-30,6,GTA 6,TR
2025-04-06,4,GTA 6,TR
2025-04-13,4,GTA 6,TR
2025-04-20,4,GTA 6,TR
2025-04-27,9,GTA 6,TR
2025-05-04,33,GTA 6,TR
2025-05-11,16,GTA 6,TR
2025-05-18,8,GTA 6,TR
2025-05-25,6,GTA 6,TR
2025-06-01,6,GTA 6,TR
2025-06-08,6,GTA 6,TR
2025-06-15,5,GTA 6,TR
2025-06-22,5,GTA 6,TR
2025-06-29,5,GTA 6,TR
2025-07-06,4,GTA 6,TR
2025-07-13,4,GTA 6,TR
2025-07-20,6,GTA 6,TR
2025-07-27,5,GTA 6,TR
2025-08-03,5,GTA 6,TR
2025-08-10,4,GTA 6,TR
2025-08-17,4,GTA 6,TR
2025-08-24,4,GTA 6,TR
2025-08-31,4,GTA 6,TR
2025-09-07,4,GTA 6,TR
2025-09-14,5,GTA 6,TR
2025-09-21,4,GTA 6,TR
2025-09-28,4,GTA 6,TR
2025-10-05,4,GTA 6,TR
2025-10-12,5,GTA 6,TR
2025-10-19,4,GTA 6,TR
2025-10-26,5,GTA 6,TR
2025-11-02,9,GTA 6,TR
2025-11-09,6,GTA 6,TR
2025-11-16,5,GTA 6,TR
2025-11-23,4,GTA 6,TR
2025-11-30,5,GTA 6,TR
2025-12-07,5,GTA 6,TR
2025-12-14,5,GTA 6,TR
2025-12-21,5,GTA 6,TR
2025-12-28,6,GTA 6,TR
2026-01-04,6,GTA 6,TR
2026-01-11,4,GTA 6,TR
2026-01-18,6,GTA 6,TR
2026-01-25,5,GTA 6,TR
2026-02-01,7,GTA 6,TR
2026-02-08,6,GTA 6,TR
2026-02-15,6,GTA 6,TR
2026-02-22,5,GTA 6,TR
2026-03-01,5,GTA 6,TR
2026-03-08,5,GTA 6,TR
2026-03-15,6,GTA 6,TR
2026-03-22,6,GTA 6,TR
2026-03-29,9,GTA 6,TR
2026-04-05,7,GTA 6,TR
2026-04-12,6,GTA 6,TR
2026-04-19,7,GTA 6,TR
2026-04-26,9,GTA 6,TR
2026-05-03,7,GTA 6,TR
2026-05-10,17,GTA 6,TR
2026-05-17,19,GTA 6,TR
2026-05-24,11,GTA 6,TR
2026-05-31,7,GTA 6,TR
2026-06-07,7,GTA 6,TR
2026-06-14,17,GTA 6,TR
2026-06-21,100,GTA 6,TR
2026-06-28,35,GTA 6,TR
2026-07-05,17,GTA 6,TR
2026-07-12,13,GTA 6,TR
2026-07-19,11,GTA 6,TR
2026-07-26,12,GTA 6,TR
2026-08-02,14,GTA 6,TR
2026-08-09,10,GTA 6,TR
2026-08-16,39,GTA 6,TR
2026-08-23,89,GTA 6,TR
2026-08-30,35,GTA 6,TR
2026-09-06,22,GTA 6,TR
2023-01-01,1,GTA 6,AR
2023-01-08,1,GTA 6,AR
2023-01-15,1,GTA 6,AR
2023-01-22,1,GTA 6,AR
2023-01-29,2,GTA 6,AR
2023-02-05,1,GTA 6,AR
2023-02-12,1,GTA 6,AR
2023-02-19,2,GTA 6,AR
2023-02-26,1,GTA 6,AR
2023-03-05,2,GTA 6,AR
2023-03-12,1,GTA 6,AR
2023-03-19,1,GTA 6,AR
2023-03-26,2,GTA 6,AR
2023-04-02,2,GTA 6,AR
2023-04-09,2,GTA 6,AR
2023-04-16,1,GTA 6,AR
2023-04-23,1,GTA 6,AR
2023-04-30,2,GTA 6,AR
2023-05-07,4,GTA 6,AR
2023-05-14,2,GTA 6,AR
2023-05-21,3,GTA 6,AR
2023-05-28,2,GTA 6,AR
2023-06-04,2,GTA 6,AR
2023-06-11,1,GTA 6,AR
2023-06-18,2,GTA 6,AR
2023-06-25,1,GTA 6,AR
2023-07-02,2,GTA 6,AR
2023-07-09,2,GTA 6,AR
2023-07-16,2,GTA 6,AR
2023-07-23,2,GTA 6,AR
2023-07-30,1,GTA 6,AR
2023-08-06,1,GTA 6,AR
2023-08-13,1,GTA 6,AR
2023-08-20,2,GTA 6,AR
2023-08-27,1,GTA 6,AR
2023-09-03,2,GTA 6,AR
2023-09-10,2,GTA 6,AR
2023-09-17,2,GTA 6,AR
2023-09-24,2,GTA 6,AR
2023-10-01,2,GTA 6,AR
2023-10-08,2,GTA 6,AR
2023-10-15,4,GTA 6,AR
2023-10-22,9,GTA 6,AR
2023-10-29,3,GTA 6,AR
2023-11-05,8,GTA 6,AR
2023-11-12,4,GTA 6,AR
2023-11-19,3,GTA 6,AR
2023-11-26,8,GTA 6,AR
2023-12-03,51,GTA 6,AR
2023-12-10,8,GTA 6,AR
2023-12-17,5,GTA 6,AR
2023-12-24,5,GTA 6,AR
2023-12-31,4,GTA 6,AR
2024-01-07,3,GTA 6,AR
2024-01-14,3,GTA 6,AR
2024-01-21,4,GTA 6,AR
2024-01-28,3,GTA 6,AR
2024-02-04,3,GTA 6,AR
2024-02-11,3,GTA 6,AR
2024-02-18,3,GTA 6,AR
2024-02-25,3,GTA 6,AR
2024-03-03,2,GTA 6,AR
2024-03-10,2,GTA 6,AR
2024-03-17,2,GTA 6,AR
2024-03-24,2,GTA 6,AR
2024-03-31,2,GTA 6,AR
2024-04-07,2,GTA 6,AR
2024-04-14,3,GTA 6,AR
2024-04-21,2,GTA 6,AR
2024-04-28,2,GTA 6,AR
2024-05-05,2,GTA 6,AR
2024-05-12,3,GTA 6,AR
2024-05-19,2,GTA 6,AR
2024-05-26,2,GTA 6,AR
2024-06-02,2,GTA 6,AR
2024-06-09,2,GTA 6,AR
2024-06-16,2,GTA 6,AR
2024-06-23,2,GTA 6,AR
2024-06-30,2,GTA 6,AR
2024-07-07,3,GTA 6,AR
2024-07-14,2,GTA 6,AR
2024-07-21,3,GTA 6,AR
2024-07-28,2,GTA 6,AR
2024-08-04,2,GTA 6,AR
2024-08-11,2,GTA 6,AR
2024-08-18,3,GTA 6,AR
2024-08-25,2,GTA 6,AR
2024-09-01,2,GTA 6,AR
2024-09-08,3,GTA 6,AR
2024-09-15,3,GTA 6,AR
2024-09-22,2,GTA 6,AR
2024-09-29,2,GTA 6,AR
2024-10-06,2,GTA 6,AR
2024-10-13,2,GTA 6,AR
2024-10-20,3,GTA 6,AR
2024-10-27,2,GTA 6,AR
2024-11-03,2,GTA 6,AR
2024-11-10,4,GTA 6,AR
2024-11-17,4,GTA 6,AR
2024-11-24,3,GTA 6,AR
2024-12-01,4,GTA 6,AR
2024-12-08,5,GTA 6,AR
2024-12-15,4,GTA 6,AR
2024-12-22,6,GTA 6,AR
2024-12-29,8,GTA 6,AR
2025-01-05,6,GTA 6,AR
2025-01-12,5,GTA 6,AR
2025-01-19,6,GTA 6,AR
2025-01-26,7,GTA 6,AR
2025-02-02,6,GTA 6,AR
2025-02-09,6,GTA 6,AR
2025-02-16,5,GTA 6,AR
2025-02-23,6,GTA 6,AR
2025-03-02,5,GTA 6,AR
2025-03-09,4,GTA 6,AR
2025-03-16,5,GTA 6,AR
2025-03-23,4,GTA 6,AR
2025-03-30,6,GTA 6,AR
2025-04-06,4,GTA 6,AR
2025-04-13,4,GTA 6,AR
2025-04-20,4,GTA 6,AR
2025-04-27,11,GTA 6,AR
2025-05-04,27,GTA 6,AR
2025-05-11,15,GTA 6,AR
2025-05-18,8,GTA 6,AR
2025-05-25,6,GTA 6,AR
2025-06-01,5,GTA 6,AR
2025-06-08,4,GTA 6,AR
2025-06-15,4,GTA 6,AR
2025-06-22,4,GTA 6,AR
2025-06-29,3,GTA 6,AR
2025-07-06,5,GTA 6,AR
2025-07-13,4,GTA 6,AR
2025-07-20,4,GTA 6,AR
2025-07-27,4,GTA 6,AR
2025-08-03,4,GTA 6,AR
2025-08-10,3,GTA 6,AR
2025-08-17,3,GTA 6,AR
2025-08-24,3,GTA 6,AR
2025-08-31,4,GTA 6,AR
2025-09-07,3,GTA 6,AR
2025-09-14,3,GTA 6,AR
2025-09-21,4,GTA 6,AR
2025-09-28,3,GTA 6,AR
2025-10-05,4,GTA 6,AR
2025-10-12,4,GTA 6,AR
2025-10-19,3,GTA 6,AR
2025-10-26,4,GTA 6,AR
2025-11-02,13,GTA 6,AR
2025-11-09,6,GTA 6,AR
2025-11-16,4,GTA 6,AR
2025-11-23,4,GTA 6,AR
2025-11-30,4,GTA 6,AR
2025-12-07,5,GTA 6,AR
2025-12-14,4,GTA 6,AR
2025-12-21,7,GTA 6,AR
2025-12-28,14,GTA 6,AR
2026-01-04,9,GTA 6,AR
2026-01-11,6,GTA 6,AR
2026-01-18,10,GTA 6,AR
2026-01-25,8,GTA 6,AR
2026-02-01,8,GTA 6,AR
2026-02-08,6,GTA 6,AR
2026-02-15,7,GTA 6,AR
2026-02-22,7,GTA 6,AR
2026-03-01,7,GTA 6,AR
2026-03-08,5,GTA 6,AR
2026-03-15,6,GTA 6,AR
2026-03-22,7,GTA 6,AR
2026-03-29,6,GTA 6,AR
2026-04-05,5,GTA 6,AR
2026-04-12,6,GTA 6,AR
2026-04-19,6,GTA 6,AR
2026-04-26,7,GTA 6,AR
2026-05-03,8,GTA 6,AR
2026-05-10,12,GTA 6,AR
2026-05-17,13,GTA 6,AR
2026-05-24,11,GTA 6,AR
2026-05-31,7,GTA 6,AR
2026-06-07,7,GTA 6,AR
2026-06-14,17,GTA 6,AR
2026-06-21,61,GTA 6,AR
2026-06-28,23,GTA 6,AR
2026-07-05,13,GTA 6,AR
2026-07-12,9,GTA 6,AR
2026-07-19,9,GTA 6,AR
2026-07-26,10,GTA 6,AR
2026-08-02,13,GTA 6,AR
2026-08-09,17,GTA 6,AR
2026-08-16,41,GTA 6,AR
2026-08-23,100,GTA 6,AR
2026-08-30,45,GTA 6,AR
2026-09-06,28,GTA 6,AR
2023-01-01,4,GTA 6,ZA
2023-01-08,3,GTA 6,ZA
2023-01-15,2,GTA 6,ZA
2023-01-22,2,GTA 6,ZA
2023-01-29,2,GTA 6,ZA
2023-02-05,3,GTA 6,ZA
2023-02-12,1,GTA 6,ZA
2023-02-19,2,GTA 6,ZA
2023-02-26,3,GTA 6,ZA
2023-03-05,3,GTA 6,ZA
2023-03-12,3,GTA 6,ZA
2023-03-19,4,GTA 6,ZA
2023-03-26,3,GTA 6,ZA
2023-04-02,6,GTA 6,ZA
2023-04-09,3,GTA 6,ZA
2023-04-16,3,GTA 6,ZA
2023-04-23,4,GTA 6,ZA
2023-04-30,3,GTA 6,ZA
2023-05-07,4,GTA 6,ZA
2023-05-14,5,GTA 6,ZA
2023-05-21,5,GTA 6,ZA
2023-05-28,3,GTA 6,ZA
2023-06-04,3,GTA 6,ZA
2023-06-11,3,GTA 6,ZA
2023-06-18,3,GTA 6,ZA
2023-06-25,5,GTA 6,ZA
2023-07-02,4,GTA 6,ZA
2023-07-09,3,GTA 6,ZA
2023-07-16,3,GTA 6,ZA
2023-07-23,3,GTA 6,ZA
2023-07-30,3,GTA 6,ZA
2023-08-06,6,GTA 6,ZA
2023-08-13,4,GTA 6,ZA
2023-08-20,4,GTA 6,ZA
2023-08-27,4,GTA 6,ZA
2023-09-03,4,GTA 6,ZA
2023-09-10,3,GTA 6,ZA
2023-09-17,5,GTA 6,ZA
2023-09-24,4,GTA 6,ZA
2023-10-01,8,GTA 6,ZA
2023-10-08,4,GTA 6,ZA
2023-10-15,7,GTA 6,ZA
2023-10-22,17,GTA 6,ZA
2023-10-29,6,GTA 6,ZA
2023-11-05,15,GTA 6,ZA
2023-11-12,7,GTA 6,ZA
2023-11-19,7,GTA 6,ZA
2023-11-26,10,GTA 6,ZA
2023-12-03,58,GTA 6,ZA
2023-12-10,16,GTA 6,ZA
2023-12-17,9,GTA 6,ZA
2023-12-24,10,GTA 6,ZA
2023-12-31,8,GTA 6,ZA
2024-01-07,6,GTA 6,ZA
2024-01-14,6,GTA 6,ZA
2024-01-21,4,GTA 6,ZA
2024-01-28,4,GTA 6,ZA
2024-02-04,4,GTA 6,ZA
2024-02-11,4,GTA 6,ZA
2024-02-18,3,GTA 6,ZA
2024-02-25,4,GTA 6,ZA
2024-03-03,4,GTA 6,ZA
2024-03-10,4,GTA 6,ZA
2024-03-17,5,GTA 6,ZA
2024-03-24,5,GTA 6,ZA
2024-03-31,4,GTA 6,ZA
2024-04-07,4,GTA 6,ZA
2024-04-14,4,GTA 6,ZA
2024-04-21,4,GTA 6,ZA
2024-04-28,4,GTA 6,ZA
2024-05-05,3,GTA 6,ZA
2024-05-12,4,GTA 6,ZA
2024-05-19,3,GTA 6,ZA
2024-05-26,4,GTA 6,ZA
2024-06-02,4,GTA 6,ZA
2024-06-09,3,GTA 6,ZA
2024-06-16,4,GTA 6,ZA
2024-06-23,4,GTA 6,ZA
2024-06-30,4,GTA 6,ZA
2024-07-07,4,GTA 6,ZA
2024-07-14,4,GTA 6,ZA
2024-07-21,4,GTA 6,ZA
2024-07-28,3,GTA 6,ZA
2024-08-04,3,GTA 6,ZA
2024-08-11,4,GTA 6,ZA
2024-08-18,3,GTA 6,ZA
2024-08-25,4,GTA 6,ZA
2024-09-01,4,GTA 6,ZA
2024-09-08,4,GTA 6,ZA
2024-09-15,4,GTA 6,ZA
2024-09-22,3,GTA 6,ZA
2024-09-29,4,GTA 6,ZA
2024-10-06,3,GTA 6,ZA
2024-10-13,4,GTA 6,ZA
2024-10-20,3,GTA 6,ZA
2024-10-27,4,GTA 6,ZA
2024-11-03,4,GTA 6,ZA
2024-11-10,5,GTA 6,ZA
2024-11-17,6,GTA 6,ZA
2024-11-24,7,GTA 6,ZA
2024-12-01,7,GTA 6,ZA
2024-12-08,7,GTA 6,ZA
2024-12-15,6,GTA 6,ZA
2024-12-22,9,GTA 6,ZA
2024-12-29,14,GTA 6,ZA
2025-01-05,11,GTA 6,ZA
2025-01-12,7,GTA 6,ZA
2025-01-19,7,GTA 6,ZA
2025-01-26,7,GTA 6,ZA
2025-02-02,8,GTA 6,ZA
2025-02-09,6,GTA 6,ZA
2025-02-16,6,GTA 6,ZA
2025-02-23,9,GTA 6,ZA
2025-03-02,7,GTA 6,ZA
2025-03-09,7,GTA 6,ZA
2025-03-16,8,GTA 6,ZA
2025-03-23,6,GTA 6,ZA
2025-03-30,8,GTA 6,ZA
2025-04-06,6,GTA 6,ZA
2025-04-13,8,GTA 6,ZA
2025-04-20,6,GTA 6,ZA
2025-04-27,19,GTA 6,ZA
2025-05-04,33,GTA 6,ZA
2025-05-11,18,GTA 6,ZA
2025-05-18,9,GTA 6,ZA
2025-05-25,8,GTA 6,ZA
2025-06-01,5,GTA 6,ZA
2025-06-08,6,GTA 6,ZA
2025-06-15,6,GTA 6,ZA
2025-06-22,6,GTA 6,ZA
2025-06-29,6,GTA 6,ZA
2025-07-06,5,GTA 6,ZA
2025-07-13,6,GTA 6,ZA
2025-07-20,6,GTA 6,ZA
2025-07-27,10,GTA 6,ZA
2025-08-03,7,GTA 6,ZA
2025-08-10,4,GTA 6,ZA
2025-08-17,4,GTA 6,ZA
2025-08-24,4,GTA 6,ZA
2025-08-31,5,GTA 6,ZA
2025-09-07,4,GTA 6,ZA
2025-09-14,5,GTA 6,ZA
2025-09-21,6,GTA 6,ZA
2025-09-28,4,GTA 6,ZA
2025-10-05,6,GTA 6,ZA
2025-10-12,5,GTA 6,ZA
2025-10-19,6,GTA 6,ZA
2025-10-26,6,GTA 6,ZA
2025-11-02,16,GTA 6,ZA
2025-11-09,16,GTA 6,ZA
2025-11-16,7,GTA 6,ZA
2025-11-23,6,GTA 6,ZA
2025-11-30,7,GTA 6,ZA
2025-12-07,7,GTA 6,ZA
2025-12-14,6,GTA 6,ZA
2025-12-21,7,GTA 6,ZA
2025-12-28,12,GTA 6,ZA
2026-01-04,9,GTA 6,ZA
2026-01-11,6,GTA 6,ZA
2026-01-18,6,GTA 6,ZA
2026-01-25,6,GTA 6,ZA
2026-02-01,7,GTA 6,ZA
2026-02-08,6,GTA 6,ZA
2026-02-15,7,GTA 6,ZA
2026-02-22,6,GTA 6,ZA
2026-03-01,6,GTA 6,ZA
2026-03-08,5,GTA 6,ZA
2026-03-15,5,GTA 6,ZA
2026-03-22,7,GTA 6,ZA
2026-03-29,9,GTA 6,ZA
2026-04-05,7,GTA 6,ZA
2026-04-12,7,GTA 6,ZA
2026-04-19,6,GTA 6,ZA
2026-04-26,8,GTA 6,ZA
2026-05-03,8,GTA 6,ZA
2026-05-10,10,GTA 6,ZA
2026-05-17,13,GTA 6,ZA
2026-05-24,12,GTA 6,ZA
2026-05-31,8,GTA 6,ZA
2026-06-07,6,GTA 6,ZA
2026-06-14,19,GTA 6,ZA
2026-06-21,100,GTA 6,ZA
2026-06-28,42,GTA 6,ZA
2026-07-05,20,GTA 6,ZA
2026-07-12,15,GTA 6,ZA
2026-07-19,11,GTA 6,ZA
2026-07-26,9,GTA 6,ZA
2026-08-02,11,GTA 6,ZA
2026-08-09,10,GTA 6,ZA
2026-08-16,23,GTA 6,ZA
2026-08-23,59,GTA 6,ZA
2026-08-30,36,GTA 6,ZA
2026-09-06,24,GTA 6,ZA
2023-01-01,0,GTA 6,SA
2023-01-08,0,GTA 6,SA
2023-01-15,2,GTA 6,SA
2023-01-22,0,GTA 6,SA
2023-01-29,1,GTA 6,SA
2023-02-05,2,GTA 6,SA
2023-02-12,1,GTA 6,SA
2023-02-19,2,GTA 6,SA
2023-02-26,2,GTA 6,SA
2023-03-05,2,GTA 6,SA
2023-03-12,2,GTA 6,SA
2023-03-19,1,GTA 6,SA
2023-03-26,0,GTA 6,SA
2023-04-02,2,GTA 6,SA
2023-04-09,1,GTA 6,SA
2023-04-16,1,GTA 6,SA
2023-04-23,3,GTA 6,SA
2023-04-30,2,GTA 6,SA
2023-05-07,3,GTA 6,SA
2023-05-14,5,GTA 6,SA
2023-05-21,3,GTA 6,SA
2023-05-28,3,GTA 6,SA
2023-06-04,3,GTA 6,SA
2023-06-11,2,GTA 6,SA
2023-06-18,2,GTA 6,SA
2023-06-25,4,GTA 6,SA
2023-07-02,3,GTA 6,SA
2023-07-09,2,GTA 6,SA
2023-07-16,2,GTA 6,SA
2023-07-23,2,GTA 6,SA
2023-07-30,3,GTA 6,SA
2023-08-06,2,GTA 6,SA
2023-08-13,0,GTA 6,SA
2023-08-20,3,GTA 6,SA
2023-08-27,2,GTA 6,SA
2023-09-03,3,GTA 6,SA
2023-09-10,3,GTA 6,SA
2023-09-17,2,GTA 6,SA
2023-09-24,2,GTA 6,SA
2023-10-01,4,GTA 6,SA
2023-10-08,1,GTA 6,SA
2023-10-15,4,GTA 6,SA
2023-10-22,12,GTA 6,SA
2023-10-29,4,GTA 6,SA
2023-11-05,11,GTA 6,SA
2023-11-12,7,GTA 6,SA
2023-11-19,7,GTA 6,SA
2023-11-26,11,GTA 6,SA
2023-12-03,52,GTA 6,SA
2023-12-10,10,GTA 6,SA
2023-12-17,6,GTA 6,SA
2023-12-24,5,GTA 6,SA
2023-12-31,4,GTA 6,SA
2024-01-07,3,GTA 6,SA
2024-01-14,3,GTA 6,SA
2024-01-21,3,GTA 6,SA
2024-01-28,0,GTA 6,SA
2024-02-04,4,GTA 6,SA
2024-02-11,2,GTA 6,SA
2024-02-18,3,GTA 6,SA
2024-02-25,3,GTA 6,SA
2024-03-03,3,GTA 6,SA
2024-03-10,3,GTA 6,SA
2024-03-17,2,GTA 6,SA
2024-03-24,3,GTA 6,SA
2024-03-31,3,GTA 6,SA
2024-04-07,2,GTA 6,SA
2024-04-14,3,GTA 6,SA
2024-04-21,3,GTA 6,SA
2024-04-28,3,GTA 6,SA
2024-05-05,3,GTA 6,SA
2024-05-12,4,GTA 6,SA
2024-05-19,3,GTA 6,SA
2024-05-26,4,GTA 6,SA
2024-06-02,2,GTA 6,SA
2024-06-09,5,GTA 6,SA
2024-06-16,6,GTA 6,SA
2024-06-23,4,GTA 6,SA
2024-06-30,4,GTA 6,SA
2024-07-07,5,GTA 6,SA
2024-07-14,5,GTA 6,SA
2024-07-21,4,GTA 6,SA
2024-07-28,3,GTA 6,SA
2024-08-04,4,GTA 6,SA
2024-08-11,3,GTA 6,SA
2024-08-18,4,GTA 6,SA
2024-08-25,2,GTA 6,SA
2024-09-01,4,GTA 6,SA
2024-09-08,4,GTA 6,SA
2024-09-15,4,GTA 6,SA
2024-09-22,3,GTA 6,SA
2024-09-29,2,GTA 6,SA
2024-10-06,3,GTA 6,SA
2024-10-13,4,GTA 6,SA
2024-10-20,2,GTA 6,SA
2024-10-27,4,GTA 6,SA
2024-11-03,4,GTA 6,SA
2024-11-10,3,GTA 6,SA
2024-11-17,4,GTA 6,SA
2024-11-24,6,GTA 6,SA
2024-12-01,4,GTA 6,SA
2024-12-08,4,GTA 6,SA
2024-12-15,3,GTA 6,SA
2024-12-22,8,GTA 6,SA
2024-12-29,7,GTA 6,SA
2025-01-05,7,GTA 6,SA
2025-01-12,6,GTA 6,SA
2025-01-19,7,GTA 6,SA
2025-01-26,6,GTA 6,SA
2025-02-02,6,GTA 6,SA
2025-02-09,6,GTA 6,SA
2025-02-16,4,GTA 6,SA
2025-02-23,8,GTA 6,SA
2025-03-02,5,GTA 6,SA
2025-03-09,5,GTA 6,SA
2025-03-16,7,GTA 6,SA
2025-03-23,7,GTA 6,SA
2025-03-30,8,GTA 6,SA
2025-04-06,6,GTA 6,SA
2025-04-13,6,GTA 6,SA
2025-04-20,6,GTA 6,SA
2025-04-27,10,GTA 6,SA
2025-05-04,30,GTA 6,SA
2025-05-11,17,GTA 6,SA
2025-05-18,7,GTA 6,SA
2025-05-25,7,GTA 6,SA
2025-06-01,4,GTA 6,SA
2025-06-08,6,GTA 6,SA
2025-06-15,5,GTA 6,SA
2025-06-22,6,GTA 6,SA
2025-06-29,5,GTA 6,SA
2025-07-06,7,GTA 6,SA
2025-07-13,5,GTA 6,SA
2025-07-20,5,GTA 6,SA
2025-07-27,6,GTA 6,SA
2025-08-03,4,GTA 6,SA
2025-08-10,4,GTA 6,SA
2025-08-17,5,GTA 6,SA
2025-08-24,4,GTA 6,SA
2025-08-31,5,GTA 6,SA
2025-09-07,3,GTA 6,SA
2025-09-14,5,GTA 6,SA
2025-09-21,4,GTA 6,SA
2025-09-28,3,GTA 6,SA
2025-10-05,4,GTA 6,SA
2025-10-12,3,GTA 6,SA
2025-10-19,4,GTA 6,SA
2025-10-26,5,GTA 6,SA
2025-11-02,14,GTA 6,SA
2025-11-09,12,GTA 6,SA
2025-11-16,5,GTA 6,SA
2025-11-23,6,GTA 6,SA
2025-11-30,7,GTA 6,SA
2025-12-07,7,GTA 6,SA
2025-12-14,5,GTA 6,SA
2025-12-21,6,GTA 6,SA
2025-12-28,9,GTA 6,SA
2026-01-04,7,GTA 6,SA
2026-01-11,3,GTA 6,SA
2026-01-18,5,GTA 6,SA
2026-01-25,6,GTA 6,SA
2026-02-01,6,GTA 6,SA
2026-02-08,6,GTA 6,SA
2026-02-15,7,GTA 6,SA
2026-02-22,6,GTA 6,SA
2026-03-01,7,GTA 6,SA
2026-03-08,8,GTA 6,SA
2026-03-15,8,GTA 6,SA
2026-03-22,11,GTA 6,SA
2026-03-29,12,GTA 6,SA
2026-04-05,11,GTA 6,SA
2026-04-12,9,GTA 6,SA
2026-04-19,7,GTA 6,SA
2026-04-26,9,GTA 6,SA
2026-05-03,12,GTA 6,SA
2026-05-10,18,GTA 6,SA
2026-05-17,20,GTA 6,SA
2026-05-24,15,GTA 6,SA
2026-05-31,12,GTA 6,SA
2026-06-07,10,GTA 6,SA
2026-06-14,23,GTA 6,SA
2026-06-21,100,GTA 6,SA
2026-06-28,44,GTA 6,SA
2026-07-05,18,GTA 6,SA
2026-07-12,16,GTA 6,SA
2026-07-19,14,GTA 6,SA
2026-07-26,10,GTA 6,SA
2026-08-02,15,GTA 6,SA
2026-08-09,11,GTA 6,SA
2026-08-16,30,GTA 6,SA
2026-08-23,73,GTA 6,SA
2026-08-30,35,GTA 6,SA
2026-09-06,20,GTA 6,SA
2023-01-01,0,GTA 6,TH
2023-01-08,2,GTA 6,TH
2023-01-15,3,GTA 6,TH
2023-01-22,2,GTA 6,TH
2023-01-29,2,GTA 6,TH
2023-02-05,2,GTA 6,TH
2023-02-12,2,GTA 6,TH
2023-02-19,3,GTA 6,TH
2023-02-26,0,GTA 6,TH
2023-03-05,3,GTA 6,TH
2023-03-12,2,GTA 6,TH
2023-03-19,2,GTA 6,TH
2023-03-26,3,GTA 6,TH
2023-04-02,4,GTA 6,TH
2023-04-09,0,GTA 6,TH
2023-04-16,0,GTA 6,TH
2023-04-23,2,GTA 6,TH
2023-04-30,3,GTA 6,TH
2023-05-07,3,GTA 6,TH
2023-05-14,4,GTA 6,TH
2023-05-21,3,GTA 6,TH
2023-05-28,2,GTA 6,TH
2023-06-04,3,GTA 6,TH
2023-06-11,2,GTA 6,TH
2023-06-18,2,GTA 6,TH
2023-06-25,0,GTA 6,TH
2023-07-02,2,GTA 6,TH
2023-07-09,2,GTA 6,TH
2023-07-16,3,GTA 6,TH
2023-07-23,3,GTA 6,TH
2023-07-30,3,GTA 6,TH
2023-08-06,4,GTA 6,TH
2023-08-13,0,GTA 6,TH
2023-08-20,3,GTA 6,TH
2023-08-27,0,GTA 6,TH
2023-09-03,4,GTA 6,TH
2023-09-10,5,GTA 6,TH
2023-09-17,4,GTA 6,TH
2023-09-24,3,GTA 6,TH
2023-10-01,2,GTA 6,TH
2023-10-08,2,GTA 6,TH
2023-10-15,4,GTA 6,TH
2023-10-22,8,GTA 6,TH
2023-10-29,4,GTA 6,TH
2023-11-05,26,GTA 6,TH
2023-11-12,9,GTA 6,TH
2023-11-19,6,GTA 6,TH
2023-11-26,12,GTA 6,TH
2023-12-03,65,GTA 6,TH
2023-12-10,13,GTA 6,TH
2023-12-17,9,GTA 6,TH
2023-12-24,6,GTA 6,TH
2023-12-31,6,GTA 6,TH
2024-01-07,6,GTA 6,TH
2024-01-14,4,GTA 6,TH
2024-01-21,3,GTA 6,TH
2024-01-28,5,GTA 6,TH
2024-02-04,3,GTA 6,TH
2024-02-11,4,GTA 6,TH
2024-02-18,3,GTA 6,TH
2024-02-25,4,GTA 6,TH
2024-03-03,4,GTA 6,TH
2024-03-10,4,GTA 6,TH
2024-03-17,5,GTA 6,TH
2024-03-24,3,GTA 6,TH
2024-03-31,4,GTA 6,TH
2024-04-07,3,GTA 6,TH
2024-04-14,4,GTA 6,TH
2024-04-21,4,GTA 6,TH
2024-04-28,4,GTA 6,TH
2024-05-05,3,GTA 6,TH
2024-05-12,6,GTA 6,TH
2024-05-19,3,GTA 6,TH
2024-05-26,5,GTA 6,TH
2024-06-02,4,GTA 6,TH
2024-06-09,3,GTA 6,TH
2024-06-16,4,GTA 6,TH
2024-06-23,3,GTA 6,TH
2024-06-30,5,GTA 6,TH
2024-07-07,4,GTA 6,TH
2024-07-14,3,GTA 6,TH
2024-07-21,4,GTA 6,TH
2024-07-28,3,GTA 6,TH
2024-08-04,0,GTA 6,TH
2024-08-11,5,GTA 6,TH
2024-08-18,4,GTA 6,TH
2024-08-25,2,GTA 6,TH
2024-09-01,2,GTA 6,TH
2024-09-08,3,GTA 6,TH
2024-09-15,4,GTA 6,TH
2024-09-22,4,GTA 6,TH
2024-09-29,5,GTA 6,TH
2024-10-06,7,GTA 6,TH
2024-10-13,3,GTA 6,TH
2024-10-20,4,GTA 6,TH
2024-10-27,5,GTA 6,TH
2024-11-03,4,GTA 6,TH
2024-11-10,5,GTA 6,TH
2024-11-17,7,GTA 6,TH
2024-11-24,5,GTA 6,TH
2024-12-01,6,GTA 6,TH
2024-12-08,6,GTA 6,TH
2024-12-15,6,GTA 6,TH
2024-12-22,9,GTA 6,TH
2024-12-29,13,GTA 6,TH
2025-01-05,7,GTA 6,TH
2025-01-12,7,GTA 6,TH
2025-01-19,9,GTA 6,TH
2025-01-26,7,GTA 6,TH
2025-02-02,9,GTA 6,TH
2025-02-09,8,GTA 6,TH
2025-02-16,7,GTA 6,TH
2025-02-23,7,GTA 6,TH
2025-03-02,5,GTA 6,TH
2025-03-09,5,GTA 6,TH
2025-03-16,9,GTA 6,TH
2025-03-23,9,GTA 6,TH
2025-03-30,7,GTA 6,TH
2025-04-06,5,GTA 6,TH
2025-04-13,6,GTA 6,TH
2025-04-20,7,GTA 6,TH
2025-04-27,16,GTA 6,TH
2025-05-04,52,GTA 6,TH
2025-05-11,23,GTA 6,TH
2025-05-18,12,GTA 6,TH
2025-05-25,9,GTA 6,TH
2025-06-01,8,GTA 6,TH
2025-06-08,5,GTA 6,TH
2025-06-15,6,GTA 6,TH
2025-06-22,7,GTA 6,TH
2025-06-29,4,GTA 6,TH
2025-07-06,4,GTA 6,TH
2025-07-13,4,GTA 6,TH
2025-07-20,4,GTA 6,TH
2025-07-27,4,GTA 6,TH
2025-08-03,5,GTA 6,TH
2025-08-10,5,GTA 6,TH
2025-08-17,5,GTA 6,TH
2025-08-24,4,GTA 6,TH
2025-08-31,0,GTA 6,TH
2025-09-07,5,GTA 6,TH
2025-09-14,5,GTA 6,TH
2025-09-21,4,GTA 6,TH
2025-09-28,4,GTA 6,TH
2025-10-05,4,GTA 6,TH
2025-10-12,5,GTA 6,TH
2025-10-19,6,GTA 6,TH
2025-10-26,5,GTA 6,TH
2025-11-02,17,GTA 6,TH
2025-11-09,18,GTA 6,TH
2025-11-16,8,GTA 6,TH
2025-11-23,8,GTA 6,TH
2025-11-30,7,GTA 6,TH
2025-12-07,7,GTA 6,TH
2025-12-14,4,GTA 6,TH
2025-12-21,5,GTA 6,TH
2025-12-28,13,GTA 6,TH
2026-01-04,12,GTA 6,TH
2026-01-11,10,GTA 6,TH
2026-01-18,8,GTA 6,TH
2026-01-25,7,GTA 6,TH
2026-02-01,7,GTA 6,TH
2026-02-08,6,GTA 6,TH
2026-02-15,8,GTA 6,TH
2026-02-22,10,GTA 6,TH
2026-03-01,9,GTA 6,TH
2026-03-08,9,GTA 6,TH
2026-03-15,10,GTA 6,TH
2026-03-22,10,GTA 6,TH
2026-03-29,11,GTA 6,TH
2026-04-05,12,GTA 6,TH
2026-04-12,9,GTA 6,TH
2026-04-19,9,GTA 6,TH
2026-04-26,9,GTA 6,TH
2026-05-03,14,GTA 6,TH
2026-05-10,13,GTA 6,TH
2026-05-17,16,GTA 6,TH
2026-05-24,16,GTA 6,TH
2026-05-31,14,GTA 6,TH
2026-06-07,13,GTA 6,TH
2026-06-14,16,GTA 6,TH
2026-06-21,92,GTA 6,TH
2026-06-28,45,GTA 6,TH
2026-07-05,24,GTA 6,TH
2026-07-12,15,GTA 6,TH
2026-07-19,14,GTA 6,TH
2026-07-26,15,GTA 6,TH
2026-08-02,17,GTA 6,TH
2026-08-09,16,GTA 6,TH
2026-08-16,40,GTA 6,TH
2026-08-23,100,GTA 6,TH
2026-08-30,55,GTA 6,TH
2026-09-06,36,GTA 6,TH
2023-01-01,3,GTA 6,VN
2023-01-08,3,GTA 6,VN
2023-01-15,7,GTA 6,VN
2023-01-22,4,GTA 6,VN
2023-01-29,3,GTA 6,VN
2023-02-05,3,GTA 6,VN
2023-02-12,2,GTA 6,VN
2023-02-19,3,GTA 6,VN
2023-02-26,3,GTA 6,VN
2023-03-05,3,GTA 6,VN
2023-03-12,3,GTA 6,VN
2023-03-19,2,GTA 6,VN
2023-03-26,4,GTA 6,VN
2023-04-02,4,GTA 6,VN
2023-04-09,3,GTA 6,VN
2023-04-16,2,GTA 6,VN
2023-04-23,4,GTA 6,VN
2023-04-30,7,GTA 6,VN
2023-05-07,5,GTA 6,VN
2023-05-14,7,GTA 6,VN
2023-05-21,3,GTA 6,VN
2023-05-28,4,GTA 6,VN
2023-06-04,5,GTA 6,VN
2023-06-11,5,GTA 6,VN
2023-06-18,4,GTA 6,VN
2023-06-25,6,GTA 6,VN
2023-07-02,4,GTA 6,VN
2023-07-09,4,GTA 6,VN
2023-07-16,16,GTA 6,VN
2023-07-23,4,GTA 6,VN
2023-07-30,6,GTA 6,VN
2023-08-06,6,GTA 6,VN
2023-08-13,6,GTA 6,VN
2023-08-20,3,GTA 6,VN
2023-08-27,4,GTA 6,VN
2023-09-03,6,GTA 6,VN
2023-09-10,10,GTA 6,VN
2023-09-17,6,GTA 6,VN
2023-09-24,5,GTA 6,VN
2023-10-01,10,GTA 6,VN
2023-10-08,8,GTA 6,VN
2023-10-15,6,GTA 6,VN
2023-10-22,10,GTA 6,VN
2023-10-29,12,GTA 6,VN
2023-11-05,14,GTA 6,VN
2023-11-12,11,GTA 6,VN
2023-11-19,9,GTA 6,VN
2023-11-26,17,GTA 6,VN
2023-12-03,83,GTA 6,VN
2023-12-10,17,GTA 6,VN
2023-12-17,12,GTA 6,VN
2023-12-24,8,GTA 6,VN
2023-12-31,9,GTA 6,VN
2024-01-07,9,GTA 6,VN
2024-01-14,9,GTA 6,VN
2024-01-21,7,GTA 6,VN
2024-01-28,8,GTA 6,VN
2024-02-04,9,GTA 6,VN
2024-02-11,8,GTA 6,VN
2024-02-18,6,GTA 6,VN
2024-02-25,6,GTA 6,VN
2024-03-03,8,GTA 6,VN
2024-03-10,6,GTA 6,VN
2024-03-17,8,GTA 6,VN
2024-03-24,9,GTA 6,VN
2024-03-31,7,GTA 6,VN
2024-04-07,8,GTA 6,VN
2024-04-14,7,GTA 6,VN
2024-04-21,5,GTA 6,VN
2024-04-28,8,GTA 6,VN
2024-05-05,7,GTA 6,VN
2024-05-12,10,GTA 6,VN
2024-05-19,6,GTA 6,VN
2024-05-26,7,GTA 6,VN
2024-06-02,6,GTA 6,VN
2024-06-09,5,GTA 6,VN
2024-06-16,6,GTA 6,VN
2024-06-23,8,GTA 6,VN
2024-06-30,8,GTA 6,VN
2024-07-07,7,GTA 6,VN
2024-07-14,10,GTA 6,VN
2024-07-21,8,GTA 6,VN
2024-07-28,10,GTA 6,VN
2024-08-04,9,GTA 6,VN
2024-08-11,7,GTA 6,VN
2024-08-18,9,GTA 6,VN
2024-08-25,8,GTA 6,VN
2024-09-01,7,GTA 6,VN
2024-09-08,6,GTA 6,VN
2024-09-15,6,GTA 6,VN
2024-09-22,7,GTA 6,VN
2024-09-29,7,GTA 6,VN
2024-10-06,7,GTA 6,VN
2024-10-13,5,GTA 6,VN
2024-10-20,6,GTA 6,VN
2024-10-27,0,GTA 6,VN
2024-11-03,7,GTA 6,VN
2024-11-10,7,GTA 6,VN
2024-11-17,8,GTA 6,VN
2024-11-24,5,GTA 6,VN
2024-12-01,7,GTA 6,VN
2024-12-08,10,GTA 6,VN
2024-12-15,8,GTA 6,VN
2024-12-22,7,GTA 6,VN
2024-12-29,9,GTA 6,VN
2025-01-05,12,GTA 6,VN
2025-01-12,9,GTA 6,VN
2025-01-19,13,GTA 6,VN
2025-01-26,13,GTA 6,VN
2025-02-02,9,GTA 6,VN
2025-02-09,9,GTA 6,VN
2025-02-16,10,GTA 6,VN
2025-02-23,12,GTA 6,VN
2025-03-02,10,GTA 6,VN
2025-03-09,10,GTA 6,VN
2025-03-16,11,GTA 6,VN
2025-03-23,10,GTA 6,VN
2025-03-30,12,GTA 6,VN
2025-04-06,10,GTA 6,VN
2025-04-13,10,GTA 6,VN
2025-04-20,8,GTA 6,VN
2025-04-27,19,GTA 6,VN
2025-05-04,48,GTA 6,VN
2025-05-11,33,GTA 6,VN
2025-05-18,16,GTA 6,VN
2025-05-25,18,GTA 6,VN
2025-06-01,16,GTA 6,VN
2025-06-08,15,GTA 6,VN
2025-06-15,13,GTA 6,VN
2025-06-22,17,GTA 6,VN
2025-06-29,14,GTA 6,VN
2025-07-06,8,GTA 6,VN
2025-07-13,10,GTA 6,VN
2025-07-20,11,GTA 6,VN
2025-07-27,10,GTA 6,VN
2025-08-03,11,GTA 6,VN
2025-08-10,8,GTA 6,VN
2025-08-17,9,GTA 6,VN
2025-08-24,8,GTA 6,VN
2025-08-31,8,GTA 6,VN
2025-09-07,8,GTA 6,VN
2025-09-14,11,GTA 6,VN
2025-09-21,7,GTA 6,VN
2025-09-28,5,GTA 6,VN
2025-10-05,7,GTA 6,VN
2025-10-12,9,GTA 6,VN
2025-10-19,7,GTA 6,VN
2025-10-26,9,GTA 6,VN
2025-11-02,24,GTA 6,VN
2025-11-09,15,GTA 6,VN
2025-11-16,9,GTA 6,VN
2025-11-23,15,GTA 6,VN
2025-11-30,13,GTA 6,VN
2025-12-07,14,GTA 6,VN
2025-12-14,11,GTA 6,VN
2025-12-21,11,GTA 6,VN
2025-12-28,12,GTA 6,VN
2026-01-04,12,GTA 6,VN
2026-01-11,15,GTA 6,VN
2026-01-18,12,GTA 6,VN
2026-01-25,13,GTA 6,VN
2026-02-01,13,GTA 6,VN
2026-02-08,10,GTA 6,VN
2026-02-15,11,GTA 6,VN
2026-02-22,20,GTA 6,VN
2026-03-01,11,GTA 6,VN
2026-03-08,13,GTA 6,VN
2026-03-15,12,GTA 6,VN
2026-03-22,19,GTA 6,VN
2026-03-29,22,GTA 6,VN
2026-04-05,24,GTA 6,VN
2026-04-12,28,GTA 6,VN
2026-04-19,13,GTA 6,VN
2026-04-26,13,GTA 6,VN
2026-05-03,19,GTA 6,VN
2026-05-10,16,GTA 6,VN
2026-05-17,17,GTA 6,VN
2026-05-24,20,GTA 6,VN
2026-05-31,29,GTA 6,VN
2026-06-07,19,GTA 6,VN
2026-06-14,29,GTA 6,VN
2026-06-21,91,GTA 6,VN
2026-06-28,60,GTA 6,VN
2026-07-05,37,GTA 6,VN
2026-07-12,22,GTA 6,VN
2026-07-19,25,GTA 6,VN
2026-07-26,26,GTA 6,VN
2026-08-02,29,GTA 6,VN
2026-08-09,20,GTA 6,VN
2026-08-16,44,GTA 6,VN
2026-08-23,100,GTA 6,VN
2026-08-30,67,GTA 6,VN
2026-09-06,46,GTA 6,VN
2023-01-01,2,GTA 6,MY
2023-01-08,2,GTA 6,MY
2023-01-15,2,GTA 6,MY
2023-01-22,2,GTA 6,MY
2023-01-29,2,GTA 6,MY
2023-02-05,3,GTA 6,MY
2023-02-12,2,GTA 6,MY
2023-02-19,2,GTA 6,MY
2023-02-26,3,GTA 6,MY
2023-03-05,3,GTA 6,MY
2023-03-12,4,GTA 6,MY
2023-03-19,2,GTA 6,MY
2023-03-26,3,GTA 6,MY
2023-04-02,3,GTA 6,MY
2023-04-09,3,GTA 6,MY
2023-04-16,2,GTA 6,MY
2023-04-23,5,GTA 6,MY
2023-04-30,5,GTA 6,MY
2023-05-07,4,GTA 6,MY
2023-05-14,7,GTA 6,MY
2023-05-21,3,GTA 6,MY
2023-05-28,3,GTA 6,MY
2023-06-04,3,GTA 6,MY
2023-06-11,2,GTA 6,MY
2023-06-18,3,GTA 6,MY
2023-06-25,4,GTA 6,MY
2023-07-02,4,GTA 6,MY
2023-07-09,3,GTA 6,MY
2023-07-16,3,GTA 6,MY
2023-07-23,3,GTA 6,MY
2023-07-30,3,GTA 6,MY
2023-08-06,5,GTA 6,MY
2023-08-13,3,GTA 6,MY
2023-08-20,3,GTA 6,MY
2023-08-27,4,GTA 6,MY
2023-09-03,6,GTA 6,MY
2023-09-10,5,GTA 6,MY
2023-09-17,4,GTA 6,MY
2023-09-24,3,GTA 6,MY
2023-10-01,4,GTA 6,MY
2023-10-08,4,GTA 6,MY
2023-10-15,8,GTA 6,MY
2023-10-22,18,GTA 6,MY
2023-10-29,7,GTA 6,MY
2023-11-05,22,GTA 6,MY
2023-11-12,13,GTA 6,MY
2023-11-19,8,GTA 6,MY
2023-11-26,17,GTA 6,MY
2023-12-03,71,GTA 6,MY
2023-12-10,18,GTA 6,MY
2023-12-17,12,GTA 6,MY
2023-12-24,9,GTA 6,MY
2023-12-31,8,GTA 6,MY
2024-01-07,6,GTA 6,MY
2024-01-14,7,GTA 6,MY
2024-01-21,6,GTA 6,MY
2024-01-28,5,GTA 6,MY
2024-02-04,5,GTA 6,MY
2024-02-11,5,GTA 6,MY
2024-02-18,4,GTA 6,MY
2024-02-25,5,GTA 6,MY
2024-03-03,5,GTA 6,MY
2024-03-10,4,GTA 6,MY
2024-03-17,5,GTA 6,MY
2024-03-24,5,GTA 6,MY
2024-03-31,5,GTA 6,MY
2024-04-07,5,GTA 6,MY
2024-04-14,5,GTA 6,MY
2024-04-21,3,GTA 6,MY
2024-04-28,4,GTA 6,MY
2024-05-05,4,GTA 6,MY
2024-05-12,5,GTA 6,MY
2024-05-19,5,GTA 6,MY
2024-05-26,3,GTA 6,MY
2024-06-02,4,GTA 6,MY
2024-06-09,5,GTA 6,MY
2024-06-16,5,GTA 6,MY
2024-06-23,3,GTA 6,MY
2024-06-30,3,GTA 6,MY
2024-07-07,4,GTA 6,MY
2024-07-14,5,GTA 6,MY
2024-07-21,4,GTA 6,MY
2024-07-28,4,GTA 6,MY
2024-08-04,2,GTA 6,MY
2024-08-11,5,GTA 6,MY
2024-08-18,5,GTA 6,MY
2024-08-25,5,GTA 6,MY
2024-09-01,3,GTA 6,MY
2024-09-08,5,GTA 6,MY
2024-09-15,5,GTA 6,MY
2024-09-22,5,GTA 6,MY
2024-09-29,5,GTA 6,MY
2024-10-06,3,GTA 6,MY
2024-10-13,4,GTA 6,MY
2024-10-20,5,GTA 6,MY
2024-10-27,5,GTA 6,MY
2024-11-03,6,GTA 6,MY
2024-11-10,5,GTA 6,MY
2024-11-17,5,GTA 6,MY
2024-11-24,5,GTA 6,MY
2024-12-01,9,GTA 6,MY
2024-12-08,8,GTA 6,MY
2024-12-15,5,GTA 6,MY
2024-12-22,11,GTA 6,MY
2024-12-29,12,GTA 6,MY
2025-01-05,10,GTA 6,MY
2025-01-12,8,GTA 6,MY
2025-01-19,10,GTA 6,MY
2025-01-26,11,GTA 6,MY
2025-02-02,8,GTA 6,MY
2025-02-09,9,GTA 6,MY
2025-02-16,7,GTA 6,MY
2025-02-23,10,GTA 6,MY
2025-03-02,10,GTA 6,MY
2025-03-09,6,GTA 6,MY
2025-03-16,10,GTA 6,MY
2025-03-23,6,GTA 6,MY
2025-03-30,8,GTA 6,MY
2025-04-06,8,GTA 6,MY
2025-04-13,7,GTA 6,MY
2025-04-20,5,GTA 6,MY
2025-04-27,18,GTA 6,MY
2025-05-04,47,GTA 6,MY
2025-05-11,27,GTA 6,MY
2025-05-18,13,GTA 6,MY
2025-05-25,12,GTA 6,MY
2025-06-01,10,GTA 6,MY
2025-06-08,9,GTA 6,MY
2025-06-15,6,GTA 6,MY
2025-06-22,7,GTA 6,MY
2025-06-29,6,GTA 6,MY
2025-07-06,6,GTA 6,MY
2025-07-13,5,GTA 6,MY
2025-07-20,7,GTA 6,MY
2025-07-27,6,GTA 6,MY
2025-08-03,7,GTA 6,MY
2025-08-10,6,GTA 6,MY
2025-08-17,6,GTA 6,MY
2025-08-24,6,GTA 6,MY
2025-08-31,5,GTA 6,MY
2025-09-07,6,GTA 6,MY
2025-09-14,6,GTA 6,MY
2025-09-21,5,GTA 6,MY
2025-09-28,4,GTA 6,MY
2025-10-05,6,GTA 6,MY
2025-10-12,4,GTA 6,MY
2025-10-19,7,GTA 6,MY
2025-10-26,6,GTA 6,MY
2025-11-02,25,GTA 6,MY
2025-11-09,13,GTA 6,MY
2025-11-16,8,GTA 6,MY
2025-11-23,9,GTA 6,MY
2025-11-30,11,GTA 6,MY
2025-12-07,8,GTA 6,MY
2025-12-14,8,GTA 6,MY
2025-12-21,8,GTA 6,MY
2025-12-28,15,GTA 6,MY
2026-01-04,10,GTA 6,MY
2026-01-11,8,GTA 6,MY
2026-01-18,9,GTA 6,MY
2026-01-25,7,GTA 6,MY
2026-02-01,9,GTA 6,MY
2026-02-08,7,GTA 6,MY
2026-02-15,7,GTA 6,MY
2026-02-22,8,GTA 6,MY
2026-03-01,7,GTA 6,MY
2026-03-08,10,GTA 6,MY
2026-03-15,10,GTA 6,MY
2026-03-22,10,GTA 6,MY
2026-03-29,11,GTA 6,MY
2026-04-05,10,GTA 6,MY
2026-04-12,9,GTA 6,MY
2026-04-19,7,GTA 6,MY
2026-04-26,13,GTA 6,MY
2026-05-03,14,GTA 6,MY
2026-05-10,14,GTA 6,MY
2026-05-17,20,GTA 6,MY
2026-05-24,18,GTA 6,MY
2026-05-31,14,GTA 6,MY
2026-06-07,10,GTA 6,MY
2026-06-14,28,GTA 6,MY
2026-06-21,100,GTA 6,MY
2026-06-28,54,GTA 6,MY
2026-07-05,26,GTA 6,MY
2026-07-12,20,GTA 6,MY
2026-07-19,13,GTA 6,MY
2026-07-26,14,GTA 6,MY
2026-08-02,15,GTA 6,MY
2026-08-09,15,GTA 6,MY
2026-08-16,33,GTA 6,MY
2026-08-23,94,GTA 6,MY
2026-08-30,54,GTA 6,MY
2026-09-06,30,GTA 6,MY
2023-01-01,3,GTA 6,SG
2023-01-08,0,GTA 6,SG
2023-01-15,2,GTA 6,SG
2023-01-22,0,GTA 6,SG
2023-01-29,0,GTA 6,SG
2023-02-05,0,GTA 6,SG
2023-02-12,0,GTA 6,SG
2023-02-19,0,GTA 6,SG
2023-02-26,2,GTA 6,SG
2023-03-05,3,GTA 6,SG
2023-03-12,0,GTA 6,SG
2023-03-19,2,GTA 6,SG
2023-03-26,0,GTA 6,SG
2023-04-02,2,GTA 6,SG
2023-04-09,3,GTA 6,SG
2023-04-16,0,GTA 6,SG
2023-04-23,3,GTA 6,SG
2023-04-30,3,GTA 6,SG
2023-05-07,2,GTA 6,SG
2023-05-14,5,GTA 6,SG
2023-05-21,3,GTA 6,SG
2023-05-28,0,GTA 6,SG
2023-06-04,2,GTA 6,SG
2023-06-11,0,GTA 6,SG
2023-06-18,4,GTA 6,SG
2023-06-25,4,GTA 6,SG
2023-07-02,2,GTA 6,SG
2023-07-09,2,GTA 6,SG
2023-07-16,2,GTA 6,SG
2023-07-23,0,GTA 6,SG
2023-07-30,3,GTA 6,SG
2023-08-06,5,GTA 6,SG
2023-08-13,3,GTA 6,SG
2023-08-20,4,GTA 6,SG
2023-08-27,4,GTA 6,SG
2023-09-03,4,GTA 6,SG
2023-09-10,3,GTA 6,SG
2023-09-17,4,GTA 6,SG
2023-09-24,4,GTA 6,SG
2023-10-01,3,GTA 6,SG
2023-10-08,3,GTA 6,SG
2023-10-15,5,GTA 6,SG
2023-10-22,16,GTA 6,SG
2023-10-29,3,GTA 6,SG
2023-11-05,16,GTA 6,SG
2023-11-12,9,GTA 6,SG
2023-11-19,6,GTA 6,SG
2023-11-26,12,GTA 6,SG
2023-12-03,61,GTA 6,SG
2023-12-10,9,GTA 6,SG
2023-12-17,10,GTA 6,SG
2023-12-24,4,GTA 6,SG
2023-12-31,5,GTA 6,SG
2024-01-07,2,GTA 6,SG
2024-01-14,3,GTA 6,SG
2024-01-21,3,GTA 6,SG
2024-01-28,3,GTA 6,SG
2024-02-04,0,GTA 6,SG
2024-02-11,0,GTA 6,SG
2024-02-18,3,GTA 6,SG
2024-02-25,4,GTA 6,SG
2024-03-03,2,GTA 6,SG
2024-03-10,3,GTA 6,SG
2024-03-17,3,GTA 6,SG
2024-03-24,3,GTA 6,SG
2024-03-31,4,GTA 6,SG
2024-04-07,3,GTA 6,SG
2024-04-14,0,GTA 6,SG
2024-04-21,3,GTA 6,SG
2024-04-28,3,GTA 6,SG
2024-05-05,0,GTA 6,SG
2024-05-12,3,GTA 6,SG
2024-05-19,3,GTA 6,SG
2024-05-26,4,GTA 6,SG
2024-06-02,4,GTA 6,SG
2024-06-09,4,GTA 6,SG
2024-06-16,3,GTA 6,SG
2024-06-23,4,GTA 6,SG
2024-06-30,4,GTA 6,SG
2024-07-07,3,GTA 6,SG
2024-07-14,3,GTA 6,SG
2024-07-21,5,GTA 6,SG
2024-07-28,4,GTA 6,SG
2024-08-04,3,GTA 6,SG
2024-08-11,3,GTA 6,SG
2024-08-18,4,GTA 6,SG
2024-08-25,4,GTA 6,SG
2024-09-01,0,GTA 6,SG
2024-09-08,3,GTA 6,SG
2024-09-15,3,GTA 6,SG
2024-09-22,4,GTA 6,SG
2024-09-29,3,GTA 6,SG
2024-10-06,5,GTA 6,SG
2024-10-13,3,GTA 6,SG
2024-10-20,4,GTA 6,SG
2024-10-27,4,GTA 6,SG
2024-11-03,3,GTA 6,SG
2024-11-10,4,GTA 6,SG
2024-11-17,4,GTA 6,SG
2024-11-24,5,GTA 6,SG
2024-12-01,5,GTA 6,SG
2024-12-08,7,GTA 6,SG
2024-12-15,4,GTA 6,SG
2024-12-22,3,GTA 6,SG
2024-12-29,6,GTA 6,SG
2025-01-05,6,GTA 6,SG
2025-01-12,5,GTA 6,SG
2025-01-19,5,GTA 6,SG
2025-01-26,6,GTA 6,SG
2025-02-02,5,GTA 6,SG
2025-02-09,6,GTA 6,SG
2025-02-16,6,GTA 6,SG
2025-02-23,6,GTA 6,SG
2025-03-02,6,GTA 6,SG
2025-03-09,6,GTA 6,SG
2025-03-16,7,GTA 6,SG
2025-03-23,5,GTA 6,SG
2025-03-30,4,GTA 6,SG
2025-04-06,5,GTA 6,SG
2025-04-13,3,GTA 6,SG
2025-04-20,4,GTA 6,SG
2025-04-27,15,GTA 6,SG
2025-05-04,32,GTA 6,SG
2025-05-11,16,GTA 6,SG
2025-05-18,8,GTA 6,SG
2025-05-25,6,GTA 6,SG
2025-06-01,5,GTA 6,SG
2025-06-08,6,GTA 6,SG
2025-06-15,3,GTA 6,SG
2025-06-22,5,GTA 6,SG
2025-06-29,3,GTA 6,SG
2025-07-06,3,GTA 6,SG
2025-07-13,3,GTA 6,SG
2025-07-20,4,GTA 6,SG
2025-07-27,0,GTA 6,SG
2025-08-03,4,GTA 6,SG
2025-08-10,3,GTA 6,SG
2025-08-17,0,GTA 6,SG
2025-08-24,3,GTA 6,SG
2025-08-31,3,GTA 6,SG
2025-09-07,4,GTA 6,SG
2025-09-14,4,GTA 6,SG
2025-09-21,0,GTA 6,SG
2025-09-28,4,GTA 6,SG
2025-10-05,3,GTA 6,SG
2025-10-12,5,GTA 6,SG
2025-10-19,4,GTA 6,SG
2025-10-26,5,GTA 6,SG
2025-11-02,16,GTA 6,SG
2025-11-09,10,GTA 6,SG
2025-11-16,6,GTA 6,SG
2025-11-23,8,GTA 6,SG
2025-11-30,5,GTA 6,SG
2025-12-07,7,GTA 6,SG
2025-12-14,5,GTA 6,SG
2025-12-21,7,GTA 6,SG
2025-12-28,9,GTA 6,SG
2026-01-04,7,GTA 6,SG
2026-01-11,8,GTA 6,SG
2026-01-18,9,GTA 6,SG
2026-01-25,7,GTA 6,SG
2026-02-01,10,GTA 6,SG
2026-02-08,8,GTA 6,SG
2026-02-15,6,GTA 6,SG
2026-02-22,6,GTA 6,SG
2026-03-01,7,GTA 6,SG
2026-03-08,8,GTA 6,SG
2026-03-15,9,GTA 6,SG
2026-03-22,9,GTA 6,SG
2026-03-29,11,GTA 6,SG
2026-04-05,11,GTA 6,SG
2026-04-12,10,GTA 6,SG
2026-04-19,10,GTA 6,SG
2026-04-26,8,GTA 6,SG
2026-05-03,14,GTA 6,SG
2026-05-10,16,GTA 6,SG
2026-05-17,18,GTA 6,SG
2026-05-24,17,GTA 6,SG
2026-05-31,12,GTA 6,SG
2026-06-07,13,GTA 6,SG
2026-06-14,31,GTA 6,SG
2026-06-21,100,GTA 6,SG
2026-06-28,57,GTA 6,SG
2026-07-05,26,GTA 6,SG
2026-07-12,16,GTA 6,SG
2026-07-19,7,GTA 6,SG
2026-07-26,5,GTA 6,SG
2026-08-02,9,GTA 6,SG
2026-08-09,10,GTA 6,SG
2026-08-16,23,GTA 6,SG
2026-08-23,66,GTA 6,SG
2026-08-30,33,GTA 6,SG
2026-09-06,18,GTA 6,SG
2023-01-01,2,GTA VI,worldwide
2023-01-08,3,GTA VI,worldwide
2023-01-15,1,GTA VI,worldwide
2023-01-22,0,GTA VI,worldwide
2023-01-29,3,GTA VI,worldwide
2023-02-05,1,GTA VI,worldwide
2023-02-12,0,GTA VI,worldwide
2023-02-19,3,GTA VI,worldwide
2023-02-26,1,GTA VI,worldwide
2023-03-05,2,GTA VI,worldwide
2023-03-12,0,GTA VI,worldwide
2023-03-19,0,GTA VI,worldwide
2023-03-26,1,GTA VI,worldwide
2023-04-02,2,GTA VI,worldwide
2023-04-09,1,GTA VI,worldwide
2023-04-16,0,GTA VI,worldwide
2023-04-23,0,GTA VI,worldwide
2023-04-30,1,GTA VI,worldwide
2023-05-07,3,GTA VI,worldwide
2023-05-14,4,GTA VI,worldwide
2023-05-21,2,GTA VI,worldwide
2023-05-28,1,GTA VI,worldwide
2023-06-04,2,GTA VI,worldwide
2023-06-11,1,GTA VI,worldwide
2023-06-18,3,GTA VI,worldwide
2023-06-25,0,GTA VI,worldwide
2023-07-02,2,GTA VI,worldwide
2023-07-09,1,GTA VI,worldwide
2023-07-16,1,GTA VI,worldwide
2023-07-23,0,GTA VI,worldwide
2023-07-30,0,GTA VI,worldwide
2023-08-06,2,GTA VI,worldwide
2023-08-13,2,GTA VI,worldwide
2023-08-20,3,GTA VI,worldwide
2023-08-27,1,GTA VI,worldwide
2023-09-03,1,GTA VI,worldwide
2023-09-10,0,GTA VI,worldwide
2023-09-17,0,GTA VI,worldwide
2023-09-24,1,GTA VI,worldwide
2023-10-01,4,GTA VI,worldwide
2023-10-08,2,GTA VI,worldwide
2023-10-15,3,GTA VI,worldwide
2023-10-22,8,GTA VI,worldwide
2023-10-29,3,GTA VI,worldwide
2023-11-05,19,GTA VI,worldwide
2023-11-12,5,GTA VI,worldwide
2023-11-19,3,GTA VI,worldwide
2023-11-26,7,GTA VI,worldwide
2023-12-03,53,GTA VI,worldwide
2023-12-10,10,GTA VI,worldwide
2023-12-17,5,GTA VI,worldwide
2023-12-24,6,GTA VI,worldwide
2023-12-31,3,GTA VI,worldwide
2024-01-07,2,GTA VI,worldwide
2024-01-14,2,GTA VI,worldwide
2024-01-21,2,GTA VI,worldwide
2024-01-28,2,GTA VI,worldwide
2024-02-04,2,GTA VI,worldwide
2024-02-11,2,GTA VI,worldwide
2024-02-18,0,GTA VI,worldwide
2024-02-25,2,GTA VI,worldwide
2024-03-03,3,GTA VI,worldwide
2024-03-10,2,GTA VI,worldwide
2024-03-17,2,GTA VI,worldwide
2024-03-24,2,GTA VI,worldwide
2024-03-31,0,GTA VI,worldwide
2024-04-07,1,GTA VI,worldwide
2024-04-14,1,GTA VI,worldwide
2024-04-21,1,GTA VI,worldwide
2024-04-28,2,GTA VI,worldwide
2024-05-05,2,GTA VI,worldwide
2024-05-12,2,GTA VI,worldwide
2024-05-19,3,GTA VI,worldwide
2024-05-26,2,GTA VI,worldwide
2024-06-02,2,GTA VI,worldwide
2024-06-09,2,GTA VI,worldwide
2024-06-16,0,GTA VI,worldwide
2024-06-23,2,GTA VI,worldwide
2024-06-30,2,GTA VI,worldwide
2024-07-07,2,GTA VI,worldwide
2024-07-14,2,GTA VI,worldwide
2024-07-21,2,GTA VI,worldwide
2024-07-28,2,GTA VI,worldwide
2024-08-04,2,GTA VI,worldwide
2024-08-11,2,GTA VI,worldwide
2024-08-18,2,GTA VI,worldwide
2024-08-25,2,GTA VI,worldwide
2024-09-01,2,GTA VI,worldwide
2024-09-08,3,GTA VI,worldwide
2024-09-15,2,GTA VI,worldwide
2024-09-22,2,GTA VI,worldwide
2024-09-29,2,GTA VI,worldwide
2024-10-06,0,GTA VI,worldwide
2024-10-13,2,GTA VI,worldwide
2024-10-20,1,GTA VI,worldwide
2024-10-27,2,GTA VI,worldwide
2024-11-03,2,GTA VI,worldwide
2024-11-10,3,GTA VI,worldwide
2024-11-17,3,GTA VI,worldwide
2024-11-24,4,GTA VI,worldwide
2024-12-01,3,GTA VI,worldwide
2024-12-08,3,GTA VI,worldwide
2024-12-15,2,GTA VI,worldwide
2024-12-22,4,GTA VI,worldwide
2024-12-29,8,GTA VI,worldwide
2025-01-05,6,GTA VI,worldwide
2025-01-12,3,GTA VI,worldwide
2025-01-19,3,GTA VI,worldwide
2025-01-26,6,GTA VI,worldwide
2025-02-02,4,GTA VI,worldwide
2025-02-09,3,GTA VI,worldwide
2025-02-16,3,GTA VI,worldwide
2025-02-23,6,GTA VI,worldwide
2025-03-02,5,GTA VI,worldwide
2025-03-09,3,GTA VI,worldwide
2025-03-16,3,GTA VI,worldwide
2025-03-23,3,GTA VI,worldwide
2025-03-30,3,GTA VI,worldwide
2025-04-06,3,GTA VI,worldwide
2025-04-13,3,GTA VI,worldwide
2025-04-20,3,GTA VI,worldwide
2025-04-27,10,GTA VI,worldwide
2025-05-04,31,GTA VI,worldwide
2025-05-11,18,GTA VI,worldwide
2025-05-18,9,GTA VI,worldwide
2025-05-25,6,GTA VI,worldwide
2025-06-01,3,GTA VI,worldwide
2025-06-08,3,GTA VI,worldwide
2025-06-15,2,GTA VI,worldwide
2025-06-22,3,GTA VI,worldwide
2025-06-29,7,GTA VI,worldwide
2025-07-06,4,GTA VI,worldwide
2025-07-13,3,GTA VI,worldwide
2025-07-20,3,GTA VI,worldwide
2025-07-27,7,GTA VI,worldwide
2025-08-03,3,GTA VI,worldwide
2025-08-10,3,GTA VI,worldwide
2025-08-17,2,GTA VI,worldwide
2025-08-24,2,GTA VI,worldwide
2025-08-31,3,GTA VI,worldwide
2025-09-07,4,GTA VI,worldwide
2025-09-14,4,GTA VI,worldwide
2025-09-21,1,GTA VI,worldwide
2025-09-28,3,GTA VI,worldwide
2025-10-05,3,GTA VI,worldwide
2025-10-12,3,GTA VI,worldwide
2025-10-19,3,GTA VI,worldwide
2025-10-26,6,GTA VI,worldwide
2025-11-02,13,GTA VI,worldwide
2025-11-09,5,GTA VI,worldwide
2025-11-16,4,GTA VI,worldwide
2025-11-23,3,GTA VI,worldwide
2025-11-30,3,GTA VI,worldwide
2025-12-07,3,GTA VI,worldwide
2025-12-14,3,GTA VI,worldwide
2025-12-21,6,GTA VI,worldwide
2025-12-28,9,GTA VI,worldwide
2026-01-04,46,GTA VI,worldwide
2026-01-11,6,GTA VI,worldwide
2026-01-18,5,GTA VI,worldwide
2026-01-25,5,GTA VI,worldwide
2026-02-01,26,GTA VI,worldwide
2026-02-08,6,GTA VI,worldwide
2026-02-15,5,GTA VI,worldwide
2026-02-22,18,GTA VI,worldwide
2026-03-01,6,GTA VI,worldwide
2026-03-08,4,GTA VI,worldwide
2026-03-15,6,GTA VI,worldwide
2026-03-22,5,GTA VI,worldwide
2026-03-29,6,GTA VI,worldwide
2026-04-05,7,GTA VI,worldwide
2026-04-12,5,GTA VI,worldwide
2026-04-19,3,GTA VI,worldwide
2026-04-26,11,GTA VI,worldwide
2026-05-03,15,GTA VI,worldwide
2026-05-10,11,GTA VI,worldwide
2026-05-17,19,GTA VI,worldwide
2026-05-24,14,GTA VI,worldwide
2026-05-31,7,GTA VI,worldwide
2026-06-07,7,GTA VI,worldwide
2026-06-14,25,GTA VI,worldwide
2026-06-21,100,GTA VI,worldwide
2026-06-28,32,GTA VI,worldwide
2026-07-05,13,GTA VI,worldwide
2026-07-12,13,GTA VI,worldwide
2026-07-19,10,GTA VI,worldwide
2026-07-26,14,GTA VI,worldwide
2026-08-02,25,GTA VI,worldwide
2026-08-09,13,GTA VI,worldwide
2026-08-16,42,GTA VI,worldwide
2026-08-23,93,GTA VI,worldwide
2026-08-30,50,GTA VI,worldwide
2026-09-06,28,GTA VI,worldwide
2023-01-01,1,GTA VI,US
2023-01-08,1,GTA VI,US
2023-01-15,1,GTA VI,US
2023-01-22,1,GTA VI,US
2023-01-29,1,GTA VI,US
2023-02-05,1,GTA VI,US
2023-02-12,1,GTA VI,US
2023-02-19,1,GTA VI,US
2023-02-26,1,GTA VI,US
2023-03-05,1,GTA VI,US
2023-03-12,1,GTA VI,US
2023-03-19,1,GTA VI,US
2023-03-26,1,GTA VI,US
2023-04-02,1,GTA VI,US
2023-04-09,1,GTA VI,US
2023-04-16,1,GTA VI,US
2023-04-23,1,GTA VI,US
2023-04-30,1,GTA VI,US
2023-05-07,2,GTA VI,US
2023-05-14,2,GTA VI,US
2023-05-21,2,GTA VI,US
2023-05-28,1,GTA VI,US
2023-06-04,1,GTA VI,US
2023-06-11,1,GTA VI,US
2023-06-18,1,GTA VI,US
2023-06-25,1,GTA VI,US
2023-07-02,1,GTA VI,US
2023-07-09,1,GTA VI,US
2023-07-16,2,GTA VI,US
2023-07-23,1,GTA VI,US
2023-07-30,1,GTA VI,US
2023-08-06,1,GTA VI,US
2023-08-13,1,GTA VI,US
2023-08-20,2,GTA VI,US
2023-08-27,2,GTA VI,US
2023-09-03,1,GTA VI,US
2023-09-10,1,GTA VI,US
2023-09-17,1,GTA VI,US
2023-09-24,1,GTA VI,US
2023-10-01,8,GTA VI,US
2023-10-08,4,GTA VI,US
2023-10-15,4,GTA VI,US
2023-10-22,7,GTA VI,US
2023-10-29,1,GTA VI,US
2023-11-05,7,GTA VI,US
2023-11-12,8,GTA VI,US
2023-11-19,5,GTA VI,US
2023-11-26,4,GTA VI,US
2023-12-03,34,GTA VI,US
2023-12-10,7,GTA VI,US
2023-12-17,5,GTA VI,US
2023-12-24,4,GTA VI,US
2023-12-31,2,GTA VI,US
2024-01-07,2,GTA VI,US
2024-01-14,2,GTA VI,US
2024-01-21,2,GTA VI,US
2024-01-28,2,GTA VI,US
2024-02-04,1,GTA VI,US
2024-02-11,1,GTA VI,US
2024-02-18,1,GTA VI,US
2024-02-25,1,GTA VI,US
2024-03-03,1,GTA VI,US
2024-03-10,1,GTA VI,US
2024-03-17,2,GTA VI,US
2024-03-24,1,GTA VI,US
2024-03-31,1,GTA VI,US
2024-04-07,1,GTA VI,US
2024-04-14,2,GTA VI,US
2024-04-21,1,GTA VI,US
2024-04-28,1,GTA VI,US
2024-05-05,2,GTA VI,US
2024-05-12,2,GTA VI,US
2024-05-19,1,GTA VI,US
2024-05-26,1,GTA VI,US
2024-06-02,1,GTA VI,US
2024-06-09,1,GTA VI,US
2024-06-16,1,GTA VI,US
2024-06-23,2,GTA VI,US
2024-06-30,2,GTA VI,US
2024-07-07,2,GTA VI,US
2024-07-14,2,GTA VI,US
2024-07-21,2,GTA VI,US
2024-07-28,2,GTA VI,US
2024-08-04,1,GTA VI,US
2024-08-11,2,GTA VI,US
2024-08-18,2,GTA VI,US
2024-08-25,2,GTA VI,US
2024-09-01,2,GTA VI,US
2024-09-08,2,GTA VI,US
2024-09-15,2,GTA VI,US
2024-09-22,2,GTA VI,US
2024-09-29,2,GTA VI,US
2024-10-06,2,GTA VI,US
2024-10-13,2,GTA VI,US
2024-10-20,1,GTA VI,US
2024-10-27,2,GTA VI,US
2024-11-03,2,GTA VI,US
2024-11-10,2,GTA VI,US
2024-11-17,2,GTA VI,US
2024-11-24,3,GTA VI,US
2024-12-01,3,GTA VI,US
2024-12-08,3,GTA VI,US
2024-12-15,3,GTA VI,US
2024-12-22,4,GTA VI,US
2024-12-29,6,GTA VI,US
2025-01-05,5,GTA VI,US
2025-01-12,3,GTA VI,US
2025-01-19,4,GTA VI,US
2025-01-26,4,GTA VI,US
2025-02-02,4,GTA VI,US
2025-02-09,4,GTA VI,US
2025-02-16,3,GTA VI,US
2025-02-23,4,GTA VI,US
2025-03-02,4,GTA VI,US
2025-03-09,3,GTA VI,US
2025-03-16,4,GTA VI,US
2025-03-23,3,GTA VI,US
2025-03-30,4,GTA VI,US
2025-04-06,3,GTA VI,US
2025-04-13,3,GTA VI,US
2025-04-20,3,GTA VI,US
2025-04-27,10,GTA VI,US
2025-05-04,23,GTA VI,US
2025-05-11,10,GTA VI,US
2025-05-18,5,GTA VI,US
2025-05-25,4,GTA VI,US
2025-06-01,3,GTA VI,US
2025-06-08,3,GTA VI,US
2025-06-15,2,GTA VI,US
2025-06-22,2,GTA VI,US
2025-06-29,2,GTA VI,US
2025-07-06,2,GTA VI,US
2025-07-13,4,GTA VI,US
2025-07-20,6,GTA VI,US
2025-07-27,9,GTA VI,US
2025-08-03,9,GTA VI,US
2025-08-10,3,GTA VI,US
2025-08-17,2,GTA VI,US
2025-08-24,2,GTA VI,US
2025-08-31,2,GTA VI,US
2025-09-07,2,GTA VI,US
2025-09-14,3,GTA VI,US
2025-09-21,2,GTA VI,US
2025-09-28,2,GTA VI,US
2025-10-05,2,GTA VI,US
2025-10-12,3,GTA VI,US
2025-10-19,3,GTA VI,US
2025-10-26,4,GTA VI,US
2025-11-02,11,GTA VI,US
2025-11-09,5,GTA VI,US
2025-11-16,4,GTA VI,US
2025-11-23,4,GTA VI,US
2025-11-30,4,GTA VI,US
2025-12-07,4,GTA VI,US
2025-12-14,3,GTA VI,US
2025-12-21,5,GTA VI,US
2025-12-28,9,GTA VI,US
2026-01-04,7,GTA VI,US
2026-01-11,5,GTA VI,US
2026-01-18,6,GTA VI,US
2026-01-25,5,GTA VI,US
2026-02-01,6,GTA VI,US
2026-02-08,4,GTA VI,US
2026-02-15,5,GTA VI,US
2026-02-22,7,GTA VI,US
2026-03-01,9,GTA VI,US
2026-03-08,6,GTA VI,US
2026-03-15,9,GTA VI,US
2026-03-22,14,GTA VI,US
2026-03-29,8,GTA VI,US
2026-04-05,11,GTA VI,US
2026-04-12,7,GTA VI,US
2026-04-19,6,GTA VI,US
2026-04-26,14,GTA VI,US
2026-05-03,9,GTA VI,US
2026-05-10,11,GTA VI,US
2026-05-17,16,GTA VI,US
2026-05-24,10,GTA VI,US
2026-05-31,9,GTA VI,US
2026-06-07,7,GTA VI,US
2026-06-14,29,GTA VI,US
2026-06-21,100,GTA VI,US
2026-06-28,39,GTA VI,US
2026-07-05,17,GTA VI,US
2026-07-12,10,GTA VI,US
2026-07-19,9,GTA VI,US
2026-07-26,7,GTA VI,US
2026-08-02,14,GTA VI,US
2026-08-09,12,GTA VI,US
2026-08-16,23,GTA VI,US
2026-08-23,65,GTA VI,US
2026-08-30,36,GTA VI,US
2026-09-06,28,GTA VI,US
2023-01-01,1,GTA VI,GB
2023-01-08,0,GTA VI,GB
2023-01-15,0,GTA VI,GB
2023-01-22,1,GTA VI,GB
2023-01-29,2,GTA VI,GB
2023-02-05,2,GTA VI,GB
2023-02-12,0,GTA VI,GB
2023-02-19,1,GTA VI,GB
2023-02-26,0,GTA VI,GB
2023-03-05,1,GTA VI,GB
2023-03-12,1,GTA VI,GB
2023-03-19,1,GTA VI,GB
2023-03-26,1,GTA VI,GB
2023-04-02,1,GTA VI,GB
2023-04-09,1,GTA VI,GB
2023-04-16,1,GTA VI,GB
2023-04-23,1,GTA VI,GB
2023-04-30,1,GTA VI,GB
2023-05-07,1,GTA VI,GB
2023-05-14,1,GTA VI,GB
2023-05-21,1,GTA VI,GB
2023-05-28,1,GTA VI,GB
2023-06-04,1,GTA VI,GB
2023-06-11,1,GTA VI,GB
2023-06-18,1,GTA VI,GB
2023-06-25,1,GTA VI,GB
2023-07-02,0,GTA VI,GB
2023-07-09,1,GTA VI,GB
2023-07-16,1,GTA VI,GB
2023-07-23,1,GTA VI,GB
2023-07-30,1,GTA VI,GB
2023-08-06,1,GTA VI,GB
2023-08-13,1,GTA VI,GB
2023-08-20,1,GTA VI,GB
2023-08-27,1,GTA VI,GB
2023-09-03,1,GTA VI,GB
2023-09-10,1,GTA VI,GB
2023-09-17,1,GTA VI,GB
2023-09-24,1,GTA VI,GB
2023-10-01,1,GTA VI,GB
2023-10-08,1,GTA VI,GB
2023-10-15,1,GTA VI,GB
2023-10-22,4,GTA VI,GB
2023-10-29,1,GTA VI,GB
2023-11-05,6,GTA VI,GB
2023-11-12,3,GTA VI,GB
2023-11-19,3,GTA VI,GB
2023-11-26,3,GTA VI,GB
2023-12-03,25,GTA VI,GB
2023-12-10,4,GTA VI,GB
2023-12-17,3,GTA VI,GB
2023-12-24,2,GTA VI,GB
2023-12-31,1,GTA VI,GB
2024-01-07,1,GTA VI,GB
2024-01-14,1,GTA VI,GB
2024-01-21,1,GTA VI,GB
2024-01-28,1,GTA VI,GB
2024-02-04,1,GTA VI,GB
2024-02-11,1,GTA VI,GB
2024-02-18,1,GTA VI,GB
2024-02-25,1,GTA VI,GB
2024-03-03,1,GTA VI,GB
2024-03-10,1,GTA VI,GB
2024-03-17,1,GTA VI,GB
2024-03-24,1,GTA VI,GB
2024-03-31,1,GTA VI,GB
2024-04-07,1,GTA VI,GB
2024-04-14,1,GTA VI,GB
2024-04-21,1,GTA VI,GB
2024-04-28,1,GTA VI,GB
2024-05-05,1,GTA VI,GB
2024-05-12,1,GTA VI,GB
2024-05-19,1,GTA VI,GB
2024-05-26,1,GTA VI,GB
2024-06-02,1,GTA VI,GB
2024-06-09,1,GTA VI,GB
2024-06-16,1,GTA VI,GB
2024-06-23,1,GTA VI,GB
2024-06-30,1,GTA VI,GB
2024-07-07,1,GTA VI,GB
2024-07-14,1,GTA VI,GB
2024-07-21,1,GTA VI,GB
2024-07-28,1,GTA VI,GB
2024-08-04,1,GTA VI,GB
2024-08-11,1,GTA VI,GB
2024-08-18,1,GTA VI,GB
2024-08-25,1,GTA VI,GB
2024-09-01,1,GTA VI,GB
2024-09-08,1,GTA VI,GB
2024-09-15,1,GTA VI,GB
2024-09-22,1,GTA VI,GB
2024-09-29,1,GTA VI,GB
2024-10-06,1,GTA VI,GB
2024-10-13,1,GTA VI,GB
2024-10-20,1,GTA VI,GB
2024-10-27,1,GTA VI,GB
2024-11-03,1,GTA VI,GB
2024-11-10,1,GTA VI,GB
2024-11-17,1,GTA VI,GB
2024-11-24,2,GTA VI,GB
2024-12-01,2,GTA VI,GB
2024-12-08,2,GTA VI,GB
2024-12-15,2,GTA VI,GB
2024-12-22,3,GTA VI,GB
2024-12-29,3,GTA VI,GB
2025-01-05,2,GTA VI,GB
2025-01-12,2,GTA VI,GB
2025-01-19,2,GTA VI,GB
2025-01-26,2,GTA VI,GB
2025-02-02,2,GTA VI,GB
2025-02-09,2,GTA VI,GB
2025-02-16,2,GTA VI,GB
2025-02-23,2,GTA VI,GB
2025-03-02,2,GTA VI,GB
2025-03-09,2,GTA VI,GB
2025-03-16,2,GTA VI,GB
2025-03-23,2,GTA VI,GB
2025-03-30,2,GTA VI,GB
2025-04-06,2,GTA VI,GB
2025-04-13,2,GTA VI,GB
2025-04-20,1,GTA VI,GB
2025-04-27,4,GTA VI,GB
2025-05-04,16,GTA VI,GB
2025-05-11,5,GTA VI,GB
2025-05-18,3,GTA VI,GB
2025-05-25,2,GTA VI,GB
2025-06-01,1,GTA VI,GB
2025-06-08,2,GTA VI,GB
2025-06-15,1,GTA VI,GB
2025-06-22,2,GTA VI,GB
2025-06-29,1,GTA VI,GB
2025-07-06,1,GTA VI,GB
2025-07-13,1,GTA VI,GB
2025-07-20,1,GTA VI,GB
2025-07-27,1,GTA VI,GB
2025-08-03,2,GTA VI,GB
2025-08-10,1,GTA VI,GB
2025-08-17,1,GTA VI,GB
2025-08-24,1,GTA VI,GB
2025-08-31,1,GTA VI,GB
2025-09-07,1,GTA VI,GB
2025-09-14,1,GTA VI,GB
2025-09-21,2,GTA VI,GB
2025-09-28,1,GTA VI,GB
2025-10-05,1,GTA VI,GB
2025-10-12,2,GTA VI,GB
2025-10-19,1,GTA VI,GB
2025-10-26,3,GTA VI,GB
2025-11-02,7,GTA VI,GB
2025-11-09,3,GTA VI,GB
2025-11-16,2,GTA VI,GB
2025-11-23,1,GTA VI,GB
2025-11-30,2,GTA VI,GB
2025-12-07,2,GTA VI,GB
2025-12-14,2,GTA VI,GB
2025-12-21,2,GTA VI,GB
2025-12-28,2,GTA VI,GB
2026-01-04,2,GTA VI,GB
2026-01-11,2,GTA VI,GB
2026-01-18,2,GTA VI,GB
2026-01-25,2,GTA VI,GB
2026-02-01,3,GTA VI,GB
2026-02-08,2,GTA VI,GB
2026-02-15,2,GTA VI,GB
2026-02-22,2,GTA VI,GB
2026-03-01,5,GTA VI,GB
2026-03-08,2,GTA VI,GB
2026-03-15,5,GTA VI,GB
2026-03-22,5,GTA VI,GB
2026-03-29,6,GTA VI,GB
2026-04-05,7,GTA VI,GB
2026-04-12,5,GTA VI,GB
2026-04-19,6,GTA VI,GB
2026-04-26,10,GTA VI,GB
2026-05-03,6,GTA VI,GB
2026-05-10,10,GTA VI,GB
2026-05-17,10,GTA VI,GB
2026-05-24,5,GTA VI,GB
2026-05-31,3,GTA VI,GB
2026-06-07,3,GTA VI,GB
2026-06-14,22,GTA VI,GB
2026-06-21,100,GTA VI,GB
2026-06-28,27,GTA VI,GB
2026-07-05,8,GTA VI,GB
2026-07-12,8,GTA VI,GB
2026-07-19,7,GTA VI,GB
2026-07-26,8,GTA VI,GB
2026-08-02,29,GTA VI,GB
2026-08-09,22,GTA VI,GB
2026-08-16,32,GTA VI,GB
2026-08-23,64,GTA VI,GB
2026-08-30,38,GTA VI,GB
2026-09-06,29,GTA VI,GB
2023-01-01,0,GTA VI,IN
2023-01-08,1,GTA VI,IN
2023-01-15,0,GTA VI,IN
2023-01-22,0,GTA VI,IN
2023-01-29,0,GTA VI,IN
2023-02-05,0,GTA VI,IN
2023-02-12,0,GTA VI,IN
2023-02-19,1,GTA VI,IN
2023-02-26,1,GTA VI,IN
2023-03-05,0,GTA VI,IN
2023-03-12,1,GTA VI,IN
2023-03-19,1,GTA VI,IN
2023-03-26,1,GTA VI,IN
2023-04-02,0,GTA VI,IN
2023-04-09,1,GTA VI,IN
2023-04-16,1,GTA VI,IN
2023-04-23,1,GTA VI,IN
2023-04-30,1,GTA VI,IN
2023-05-07,2,GTA VI,IN
2023-05-14,1,GTA VI,IN
2023-05-21,1,GTA VI,IN
2023-05-28,1,GTA VI,IN
2023-06-04,1,GTA VI,IN
2023-06-11,1,GTA VI,IN
2023-06-18,1,GTA VI,IN
2023-06-25,1,GTA VI,IN
2023-07-02,1,GTA VI,IN
2023-07-09,0,GTA VI,IN
2023-07-16,1,GTA VI,IN
2023-07-23,0,GTA VI,IN
2023-07-30,0,GTA VI,IN
2023-08-06,1,GTA VI,IN
2023-08-13,1,GTA VI,IN
2023-08-20,1,GTA VI,IN
2023-08-27,1,GTA VI,IN
2023-09-03,1,GTA VI,IN
2023-09-10,0,GTA VI,IN
2023-09-17,1,GTA VI,IN
2023-09-24,1,GTA VI,IN
2023-10-01,8,GTA VI,IN
2023-10-08,3,GTA VI,IN
2023-10-15,1,GTA VI,IN
2023-10-22,1,GTA VI,IN
2023-10-29,1,GTA VI,IN
2023-11-05,14,GTA VI,IN
2023-11-12,2,GTA VI,IN
2023-11-19,2,GTA VI,IN
2023-11-26,3,GTA VI,IN
2023-12-03,22,GTA VI,IN
2023-12-10,6,GTA VI,IN
2023-12-17,4,GTA VI,IN
2023-12-24,3,GTA VI,IN
2023-12-31,2,GTA VI,IN
2024-01-07,2,GTA VI,IN
2024-01-14,2,GTA VI,IN
2024-01-21,1,GTA VI,IN
2024-01-28,1,GTA VI,IN
2024-02-04,1,GTA VI,IN
2024-02-11,2,GTA VI,IN
2024-02-18,1,GTA VI,IN
2024-02-25,2,GTA VI,IN
2024-03-03,1,GTA VI,IN
2024-03-10,2,GTA VI,IN
2024-03-17,1,GTA VI,IN
2024-03-24,1,GTA VI,IN
2024-03-31,2,GTA VI,IN
2024-04-07,1,GTA VI,IN
2024-04-14,1,GTA VI,IN
2024-04-21,1,GTA VI,IN
2024-04-28,1,GTA VI,IN
2024-05-05,1,GTA VI,IN
2024-05-12,2,GTA VI,IN
2024-05-19,2,GTA VI,IN
2024-05-26,1,GTA VI,IN
2024-06-02,9,GTA VI,IN
2024-06-09,2,GTA VI,IN
2024-06-16,2,GTA VI,IN
2024-06-23,1,GTA VI,IN
2024-06-30,1,GTA VI,IN
2024-07-07,1,GTA VI,IN
2024-07-14,2,GTA VI,IN
2024-07-21,2,GTA VI,IN
2024-07-28,2,GTA VI,IN
2024-08-04,2,GTA VI,IN
2024-08-11,2,GTA VI,IN
2024-08-18,2,GTA VI,IN
2024-08-25,2,GTA VI,IN
2024-09-01,2,GTA VI,IN
2024-09-08,2,GTA VI,IN
2024-09-15,2,GTA VI,IN
2024-09-22,1,GTA VI,IN
2024-09-29,1,GTA VI,IN
2024-10-06,2,GTA VI,IN
2024-10-13,2,GTA VI,IN
2024-10-20,2,GTA VI,IN
2024-10-27,2,GTA VI,IN
2024-11-03,2,GTA VI,IN
2024-11-10,2,GTA VI,IN
2024-11-17,2,GTA VI,IN
2024-11-24,2,GTA VI,IN
2024-12-01,2,GTA VI,IN
2024-12-08,3,GTA VI,IN
2024-12-15,1,GTA VI,IN
2024-12-22,2,GTA VI,IN
2024-12-29,3,GTA VI,IN
2025-01-05,3,GTA VI,IN
2025-01-12,3,GTA VI,IN
2025-01-19,2,GTA VI,IN
2025-01-26,3,GTA VI,IN
2025-02-02,3,GTA VI,IN
2025-02-09,2,GTA VI,IN
2025-02-16,3,GTA VI,IN
2025-02-23,3,GTA VI,IN
2025-03-02,3,GTA VI,IN
2025-03-09,3,GTA VI,IN
2025-03-16,3,GTA VI,IN
2025-03-23,3,GTA VI,IN
2025-03-30,3,GTA VI,IN
2025-04-06,3,GTA VI,IN
2025-04-13,3,GTA VI,IN
2025-04-20,2,GTA VI,IN
2025-04-27,6,GTA VI,IN
2025-05-04,20,GTA VI,IN
2025-05-11,8,GTA VI,IN
2025-05-18,4,GTA VI,IN
2025-05-25,8,GTA VI,IN
2025-06-01,6,GTA VI,IN
2025-06-08,4,GTA VI,IN
2025-06-15,4,GTA VI,IN
2025-06-22,4,GTA VI,IN
2025-06-29,5,GTA VI,IN
2025-07-06,3,GTA VI,IN
2025-07-13,3,GTA VI,IN
2025-07-20,3,GTA VI,IN
2025-07-27,3,GTA VI,IN
2025-08-03,8,GTA VI,IN
2025-08-10,4,GTA VI,IN
2025-08-17,2,GTA VI,IN
2025-08-24,2,GTA VI,IN
2025-08-31,2,GTA VI,IN
2025-09-07,2,GTA VI,IN
2025-09-14,2,GTA VI,IN
2025-09-21,3,GTA VI,IN
2025-09-28,2,GTA VI,IN
2025-10-05,3,GTA VI,IN
2025-10-12,2,GTA VI,IN
2025-10-19,4,GTA VI,IN
2025-10-26,6,GTA VI,IN
2025-11-02,7,GTA VI,IN
2025-11-09,6,GTA VI,IN
2025-11-16,4,GTA VI,IN
2025-11-23,4,GTA VI,IN
2025-11-30,4,GTA VI,IN
2025-12-07,4,GTA VI,IN
2025-12-14,4,GTA VI,IN
2025-12-21,4,GTA VI,IN
2025-12-28,5,GTA VI,IN
2026-01-04,5,GTA VI,IN
2026-01-11,5,GTA VI,IN
2026-01-18,5,GTA VI,IN
2026-01-25,4,GTA VI,IN
2026-02-01,6,GTA VI,IN
2026-02-08,5,GTA VI,IN
2026-02-15,5,GTA VI,IN
2026-02-22,6,GTA VI,IN
2026-03-01,8,GTA VI,IN
2026-03-08,7,GTA VI,IN
2026-03-15,16,GTA VI,IN
2026-03-22,14,GTA VI,IN
2026-03-29,10,GTA VI,IN
2026-04-05,8,GTA VI,IN
2026-04-12,6,GTA VI,IN
2026-04-19,10,GTA VI,IN
2026-04-26,38,GTA VI,IN
2026-05-03,18,GTA VI,IN
2026-05-10,18,GTA VI,IN
2026-05-17,10,GTA VI,IN
2026-05-24,11,GTA VI,IN
2026-05-31,8,GTA VI,IN
2026-06-07,8,GTA VI,IN
2026-06-14,31,GTA VI,IN
2026-06-21,100,GTA VI,IN
2026-06-28,56,GTA VI,IN
2026-07-05,22,GTA VI,IN
2026-07-12,28,GTA VI,IN
2026-07-19,9,GTA VI,IN
2026-07-26,12,GTA VI,IN
2026-08-02,13,GTA VI,IN
2026-08-09,12,GTA VI,IN
2026-08-16,15,GTA VI,IN
2026-08-23,40,GTA VI,IN
2026-08-30,32,GTA VI,IN
2026-09-06,19,GTA VI,IN
2023-01-01,1,GTA VI,BR
2023-01-08,1,GTA VI,BR
2023-01-15,0,GTA VI,BR
2023-01-22,0,GTA VI,BR
2023-01-29,1,GTA VI,BR
2023-02-05,1,GTA VI,BR
2023-02-12,0,GTA VI,BR
2023-02-19,1,GTA VI,BR
2023-02-26,1,GTA VI,BR
2023-03-05,0,GTA VI,BR
2023-03-12,1,GTA VI,BR
2023-03-19,1,GTA VI,BR
2023-03-26,1,GTA VI,BR
2023-04-02,1,GTA VI,BR
2023-04-09,1,GTA VI,BR
2023-04-16,0,GTA VI,BR
2023-04-23,1,GTA VI,BR
2023-04-30,0,GTA VI,BR
2023-05-07,2,GTA VI,BR
2023-05-14,1,GTA VI,BR
2023-05-21,1,GTA VI,BR
2023-05-28,1,GTA VI,BR
2023-06-04,1,GTA VI,BR
2023-06-11,1,GTA VI,BR
2023-06-18,1,GTA VI,BR
2023-06-25,1,GTA VI,BR
2023-07-02,1,GTA VI,BR
2023-07-09,1,GTA VI,BR
2023-07-16,1,GTA VI,BR
2023-07-23,1,GTA VI,BR
2023-07-30,1,GTA VI,BR
2023-08-06,1,GTA VI,BR
2023-08-13,1,GTA VI,BR
2023-08-20,1,GTA VI,BR
2023-08-27,1,GTA VI,BR
2023-09-03,1,GTA VI,BR
2023-09-10,2,GTA VI,BR
2023-09-17,1,GTA VI,BR
2023-09-24,1,GTA VI,BR
2023-10-01,2,GTA VI,BR
2023-10-08,2,GTA VI,BR
2023-10-15,1,GTA VI,BR
2023-10-22,7,GTA VI,BR
2023-10-29,2,GTA VI,BR
2023-11-05,6,GTA VI,BR
2023-11-12,3,GTA VI,BR
2023-11-19,2,GTA VI,BR
2023-11-26,5,GTA VI,BR
2023-12-03,36,GTA VI,BR
2023-12-10,7,GTA VI,BR
2023-12-17,4,GTA VI,BR
2023-12-24,3,GTA VI,BR
2023-12-31,2,GTA VI,BR
2024-01-07,2,GTA VI,BR
2024-01-14,1,GTA VI,BR
2024-01-21,1,GTA VI,BR
2024-01-28,1,GTA VI,BR
2024-02-04,1,GTA VI,BR
2024-02-11,1,GTA VI,BR
2024-02-18,1,GTA VI,BR
2024-02-25,1,GTA VI,BR
2024-03-03,1,GTA VI,BR
2024-03-10,1,GTA VI,BR
2024-03-17,1,GTA VI,BR
2024-03-24,1,GTA VI,BR
2024-03-31,1,GTA VI,BR
2024-04-07,1,GTA VI,BR
2024-04-14,1,GTA VI,BR
2024-04-21,1,GTA VI,BR
2024-04-28,1,GTA VI,BR
2024-05-05,1,GTA VI,BR
2024-05-12,2,GTA VI,BR
2024-05-19,1,GTA VI,BR
2024-05-26,1,GTA VI,BR
2024-06-02,1,GTA VI,BR
2024-06-09,1,GTA VI,BR
2024-06-16,1,GTA VI,BR
2024-06-23,1,GTA VI,BR
2024-06-30,1,GTA VI,BR
2024-07-07,1,GTA VI,BR
2024-07-14,2,GTA VI,BR
2024-07-21,2,GTA VI,BR
2024-07-28,1,GTA VI,BR
2024-08-04,1,GTA VI,BR
2024-08-11,1,GTA VI,BR
2024-08-18,2,GTA VI,BR
2024-08-25,2,GTA VI,BR
2024-09-01,2,GTA VI,BR
2024-09-08,2,GTA VI,BR
2024-09-15,2,GTA VI,BR
2024-09-22,2,GTA VI,BR
2024-09-29,2,GTA VI,BR
2024-10-06,2,GTA VI,BR
2024-10-13,2,GTA VI,BR
2024-10-20,2,GTA VI,BR
2024-10-27,2,GTA VI,BR
2024-11-03,3,GTA VI,BR
2024-11-10,3,GTA VI,BR
2024-11-17,3,GTA VI,BR
2024-11-24,3,GTA VI,BR
2024-12-01,3,GTA VI,BR
2024-12-08,5,GTA VI,BR
2024-12-15,3,GTA VI,BR
2024-12-22,6,GTA VI,BR
2024-12-29,7,GTA VI,BR
2025-01-05,5,GTA VI,BR
2025-01-12,5,GTA VI,BR
2025-01-19,6,GTA VI,BR
2025-01-26,5,GTA VI,BR
2025-02-02,5,GTA VI,BR
2025-02-09,4,GTA VI,BR
2025-02-16,3,GTA VI,BR
2025-02-23,3,GTA VI,BR
2025-03-02,4,GTA VI,BR
2025-03-09,3,GTA VI,BR
2025-03-16,3,GTA VI,BR
2025-03-23,3,GTA VI,BR
2025-03-30,3,GTA VI,BR
2025-04-06,2,GTA VI,BR
2025-04-13,3,GTA VI,BR
2025-04-20,3,GTA VI,BR
2025-04-27,7,GTA VI,BR
2025-05-04,26,GTA VI,BR
2025-05-11,14,GTA VI,BR
2025-05-18,6,GTA VI,BR
2025-05-25,4,GTA VI,BR
2025-06-01,4,GTA VI,BR
2025-06-08,3,GTA VI,BR
2025-06-15,2,GTA VI,BR
2025-06-22,2,GTA VI,BR
2025-06-29,2,GTA VI,BR
2025-07-06,2,GTA VI,BR
2025-07-13,2,GTA VI,BR
2025-07-20,2,GTA VI,BR
2025-07-27,3,GTA VI,BR
2025-08-03,2,GTA VI,BR
2025-08-10,2,GTA VI,BR
2025-08-17,2,GTA VI,BR
2025-08-24,2,GTA VI,BR
2025-08-31,3,GTA VI,BR
2025-09-07,3,GTA VI,BR
2025-09-14,2,GTA VI,BR
2025-09-21,2,GTA VI,BR
2025-09-28,3,GTA VI,BR
2025-10-05,3,GTA VI,BR
2025-10-12,2,GTA VI,BR
2025-10-19,3,GTA VI,BR
2025-10-26,3,GTA VI,BR
2025-11-02,8,GTA VI,BR
2025-11-09,5,GTA VI,BR
2025-11-16,4,GTA VI,BR
2025-11-23,2,GTA VI,BR
2025-11-30,3,GTA VI,BR
2025-12-07,3,GTA VI,BR
2025-12-14,3,GTA VI,BR
2025-12-21,4,GTA VI,BR
2025-12-28,6,GTA VI,BR
2026-01-04,9,GTA VI,BR
2026-01-11,6,GTA VI,BR
2026-01-18,6,GTA VI,BR
2026-01-25,4,GTA VI,BR
2026-02-01,6,GTA VI,BR
2026-02-08,4,GTA VI,BR
2026-02-15,5,GTA VI,BR
2026-02-22,15,GTA VI,BR
2026-03-01,6,GTA VI,BR
2026-03-08,4,GTA VI,BR
2026-03-15,6,GTA VI,BR
2026-03-22,4,GTA VI,BR
2026-03-29,5,GTA VI,BR
2026-04-05,4,GTA VI,BR
2026-04-12,5,GTA VI,BR
2026-04-19,4,GTA VI,BR
2026-04-26,4,GTA VI,BR
2026-05-03,16,GTA VI,BR
2026-05-10,9,GTA VI,BR
2026-05-17,13,GTA VI,BR
2026-05-24,7,GTA VI,BR
2026-05-31,5,GTA VI,BR
2026-06-07,4,GTA VI,BR
2026-06-14,23,GTA VI,BR
2026-06-21,100,GTA VI,BR
2026-06-28,35,GTA VI,BR
2026-07-05,15,GTA VI,BR
2026-07-12,11,GTA VI,BR
2026-07-19,9,GTA VI,BR
2026-07-26,9,GTA VI,BR
2026-08-02,12,GTA VI,BR
2026-08-09,11,GTA VI,BR
2026-08-16,38,GTA VI,BR
2026-08-23,77,GTA VI,BR
2026-08-30,36,GTA VI,BR
2026-09-06,21,GTA VI,BR
2023-01-01,2,GTA VI,MX
2023-01-08,3,GTA VI,MX
2023-01-15,1,GTA VI,MX
2023-01-22,0,GTA VI,MX
2023-01-29,3,GTA VI,MX
2023-02-05,1,GTA VI,MX
2023-02-12,0,GTA VI,MX
2023-02-19,3,GTA VI,MX
2023-02-26,1,GTA VI,MX
2023-03-05,2,GTA VI,MX
2023-03-12,0,GTA VI,MX
2023-03-19,0,GTA VI,MX
2023-03-26,1,GTA VI,MX
2023-04-02,2,GTA VI,MX
2023-04-09,1,GTA VI,MX
2023-04-16,0,GTA VI,MX
2023-04-23,0,GTA VI,MX
2023-04-30,1,GTA VI,MX
2023-05-07,3,GTA VI,MX
2023-05-14,4,GTA VI,MX
2023-05-21,2,GTA VI,MX
2023-05-28,1,GTA VI,MX
2023-06-04,2,GTA VI,MX
2023-06-11,1,GTA VI,MX
2023-06-18,3,GTA VI,MX
2023-06-25,0,GTA VI,MX
2023-07-02,2,GTA VI,MX
2023-07-09,1,GTA VI,MX
2023-07-16,1,GTA VI,MX
2023-07-23,0,GTA VI,MX
2023-07-30,0,GTA VI,MX
2023-08-06,2,GTA VI,MX
2023-08-13,2,GTA VI,MX
2023-08-20,3,GTA VI,MX
2023-08-27,1,GTA VI,MX
2023-09-03,1,GTA VI,MX
2023-09-10,0,GTA VI,MX
2023-09-17,0,GTA VI,MX
2023-09-24,1,GTA VI,MX
2023-10-01,4,GTA VI,MX
2023-10-08,2,GTA VI,MX
2023-10-15,3,GTA VI,MX
2023-10-22,8,GTA VI,MX
2023-10-29,3,GTA VI,MX
2023-11-05,19,GTA VI,MX
2023-11-12,5,GTA VI,MX
2023-11-19,3,GTA VI,MX
2023-11-26,7,GTA VI,MX
2023-12-03,53,GTA VI,MX
2023-12-10,10,GTA VI,MX
2023-12-17,5,GTA VI,MX
2023-12-24,6,GTA VI,MX
2023-12-31,3,GTA VI,MX
2024-01-07,2,GTA VI,MX
2024-01-14,2,GTA VI,MX
2024-01-21,2,GTA VI,MX
2024-01-28,2,GTA VI,MX
2024-02-04,2,GTA VI,MX
2024-02-11,2,GTA VI,MX
2024-02-18,0,GTA VI,MX
2024-02-25,2,GTA VI,MX
2024-03-03,3,GTA VI,MX
2024-03-10,2,GTA VI,MX
2024-03-17,2,GTA VI,MX
2024-03-24,2,GTA VI,MX
2024-03-31,0,GTA VI,MX
2024-04-07,1,GTA VI,MX
2024-04-14,1,GTA VI,MX
2024-04-21,1,GTA VI,MX
2024-04-28,2,GTA VI,MX
2024-05-05,2,GTA VI,MX
2024-05-12,2,GTA VI,MX
2024-05-19,3,GTA VI,MX
2024-05-26,2,GTA VI,MX
2024-06-02,2,GTA VI,MX
2024-06-09,2,GTA VI,MX
2024-06-16,0,GTA VI,MX
2024-06-23,2,GTA VI,MX
2024-06-30,2,GTA VI,MX
2024-07-07,2,GTA VI,MX
2024-07-14,2,GTA VI,MX
2024-07-21,2,GTA VI,MX
2024-07-28,2,GTA VI,MX
2024-08-04,2,GTA VI,MX
2024-08-11,2,GTA VI,MX
2024-08-18,2,GTA VI,MX
2024-08-25,2,GTA VI,MX
2024-09-01,2,GTA VI,MX
2024-09-08,3,GTA VI,MX
2024-09-15,2,GTA VI,MX
2024-09-22,2,GTA VI,MX
2024-09-29,2,GTA VI,MX
2024-10-06,0,GTA VI,MX
2024-10-13,2,GTA VI,MX
2024-10-20,1,GTA VI,MX
2024-10-27,2,GTA VI,MX
2024-11-03,2,GTA VI,MX
2024-11-10,3,GTA VI,MX
2024-11-17,3,GTA VI,MX
2024-11-24,4,GTA VI,MX
2024-12-01,3,GTA VI,MX
2024-12-08,3,GTA VI,MX
2024-12-15,2,GTA VI,MX
2024-12-22,4,GTA VI,MX
2024-12-29,8,GTA VI,MX
2025-01-05,6,GTA VI,MX
2025-01-12,3,GTA VI,MX
2025-01-19,3,GTA VI,MX
2025-01-26,6,GTA VI,MX
2025-02-02,4,GTA VI,MX
2025-02-09,3,GTA VI,MX
2025-02-16,3,GTA VI,MX
2025-02-23,6,GTA VI,MX
2025-03-02,5,GTA VI,MX
2025-03-09,3,GTA VI,MX
2025-03-16,3,GTA VI,MX
2025-03-23,3,GTA VI,MX
2025-03-30,3,GTA VI,MX
2025-04-06,3,GTA VI,MX
2025-04-13,3,GTA VI,MX
2025-04-20,3,GTA VI,MX
2025-04-27,10,GTA VI,MX
2025-05-04,31,GTA VI,MX
2025-05-11,18,GTA VI,MX
2025-05-18,9,GTA VI,MX
2025-05-25,6,GTA VI,MX
2025-06-01,3,GTA VI,MX
2025-06-08,3,GTA VI,MX
2025-06-15,2,GTA VI,MX
2025-06-22,3,GTA VI,MX
2025-06-29,7,GTA VI,MX
2025-07-06,4,GTA VI,MX
2025-07-13,3,GTA VI,MX
2025-07-20,3,GTA VI,MX
2025-07-27,7,GTA VI,MX
2025-08-03,3,GTA VI,MX
2025-08-10,3,GTA VI,MX
2025-08-17,2,GTA VI,MX
2025-08-24,2,GTA VI,MX
2025-08-31,3,GTA VI,MX
2025-09-07,4,GTA VI,MX
2025-09-14,4,GTA VI,MX
2025-09-21,1,GTA VI,MX
2025-09-28,3,GTA VI,MX
2025-10-05,3,GTA VI,MX
2025-10-12,3,GTA VI,MX
2025-10-19,3,GTA VI,MX
2025-10-26,6,GTA VI,MX
2025-11-02,13,GTA VI,MX
2025-11-09,5,GTA VI,MX
2025-11-16,4,GTA VI,MX
2025-11-23,3,GTA VI,MX
2025-11-30,3,GTA VI,MX
2025-12-07,3,GTA VI,MX
2025-12-14,3,GTA VI,MX
2025-12-21,6,GTA VI,MX
2025-12-28,9,GTA VI,MX
2026-01-04,46,GTA VI,MX
2026-01-11,6,GTA VI,MX
2026-01-18,5,GTA VI,MX
2026-01-25,5,GTA VI,MX
2026-02-01,26,GTA VI,MX
2026-02-08,6,GTA VI,MX
2026-02-15,5,GTA VI,MX
2026-02-22,18,GTA VI,MX
2026-03-01,6,GTA VI,MX
2026-03-08,4,GTA VI,MX
2026-03-15,6,GTA VI,MX
2026-03-22,5,GTA VI,MX
2026-03-29,6,GTA VI,MX
2026-04-05,7,GTA VI,MX
2026-04-12,5,GTA VI,MX
2026-04-19,3,GTA VI,MX
2026-04-26,11,GTA VI,MX
2026-05-03,15,GTA VI,MX
2026-05-10,11,GTA VI,MX
2026-05-17,19,GTA VI,MX
2026-05-24,14,GTA VI,MX
2026-05-31,7,GTA VI,MX
2026-06-07,7,GTA VI,MX
2026-06-14,25,GTA VI,MX
2026-06-21,100,GTA VI,MX
2026-06-28,32,GTA VI,MX
2026-07-05,13,GTA VI,MX
2026-07-12,13,GTA VI,MX
2026-07-19,10,GTA VI,MX
2026-07-26,14,GTA VI,MX
2026-08-02,25,GTA VI,MX
2026-08-09,13,GTA VI,MX
2026-08-16,42,GTA VI,MX
2026-08-23,93,GTA VI,MX
2026-08-30,50,GTA VI,MX
2026-09-06,28,GTA VI,MX
2023-01-01,0,GTA VI,CA
2023-01-08,0,GTA VI,CA
2023-01-15,0,GTA VI,CA
2023-01-22,0,GTA VI,CA
2023-01-29,2,GTA VI,CA
2023-02-05,1,GTA VI,CA
2023-02-12,0,GTA VI,CA
2023-02-19,2,GTA VI,CA
2023-02-26,1,GTA VI,CA
2023-03-05,1,GTA VI,CA
2023-03-12,1,GTA VI,CA
2023-03-19,1,GTA VI,CA
2023-03-26,1,GTA VI,CA
2023-04-02,0,GTA VI,CA
2023-04-09,1,GTA VI,CA
2023-04-16,0,GTA VI,CA
2023-04-23,0,GTA VI,CA
2023-04-30,0,GTA VI,CA
2023-05-07,2,GTA VI,CA
2023-05-14,2,GTA VI,CA
2023-05-21,1,GTA VI,CA
2023-05-28,1,GTA VI,CA
2023-06-04,0,GTA VI,CA
2023-06-11,0,GTA VI,CA
2023-06-18,0,GTA VI,CA
2023-06-25,0,GTA VI,CA
2023-07-02,0,GTA VI,CA
2023-07-09,0,GTA VI,CA
2023-07-16,0,GTA VI,CA
2023-07-23,2,GTA VI,CA
2023-07-30,0,GTA VI,CA
2023-08-06,1,GTA VI,CA
2023-08-13,0,GTA VI,CA
2023-08-20,2,GTA VI,CA
2023-08-27,0,GTA VI,CA
2023-09-03,1,GTA VI,CA
2023-09-10,2,GTA VI,CA
2023-09-17,2,GTA VI,CA
2023-09-24,1,GTA VI,CA
2023-10-01,4,GTA VI,CA
2023-10-08,1,GTA VI,CA
2023-10-15,2,GTA VI,CA
2023-10-22,8,GTA VI,CA
2023-10-29,1,GTA VI,CA
2023-11-05,6,GTA VI,CA
2023-11-12,6,GTA VI,CA
2023-11-19,2,GTA VI,CA
2023-11-26,3,GTA VI,CA
2023-12-03,33,GTA VI,CA
2023-12-10,6,GTA VI,CA
2023-12-17,4,GTA VI,CA
2023-12-24,4,GTA VI,CA
2023-12-31,0,GTA VI,CA
2024-01-07,2,GTA VI,CA
2024-01-14,1,GTA VI,CA
2024-01-21,2,GTA VI,CA
2024-01-28,1,GTA VI,CA
2024-02-04,2,GTA VI,CA
2024-02-11,0,GTA VI,CA
2024-02-18,1,GTA VI,CA
2024-02-25,0,GTA VI,CA
2024-03-03,2,GTA VI,CA
2024-03-10,1,GTA VI,CA
2024-03-17,1,GTA VI,CA
2024-03-24,0,GTA VI,CA
2024-03-31,0,GTA VI,CA
2024-04-07,1,GTA VI,CA
2024-04-14,2,GTA VI,CA
2024-04-21,0,GTA VI,CA
2024-04-28,1,GTA VI,CA
2024-05-05,0,GTA VI,CA
2024-05-12,1,GTA VI,CA
2024-05-19,2,GTA VI,CA
2024-05-26,1,GTA VI,CA
2024-06-02,1,GTA VI,CA
2024-06-09,2,GTA VI,CA
2024-06-16,0,GTA VI,CA
2024-06-23,2,GTA VI,CA
2024-06-30,2,GTA VI,CA
2024-07-07,2,GTA VI,CA
2024-07-14,2,GTA VI,CA
2024-07-21,1,GTA VI,CA
2024-07-28,0,GTA VI,CA
2024-08-04,2,GTA VI,CA
2024-08-11,0,GTA VI,CA
2024-08-18,2,GTA VI,CA
2024-08-25,2,GTA VI,CA
2024-09-01,0,GTA VI,CA
2024-09-08,1,GTA VI,CA
2024-09-15,2,GTA VI,CA
2024-09-22,1,GTA VI,CA
2024-09-29,0,GTA VI,CA
2024-10-06,1,GTA VI,CA
2024-10-13,2,GTA VI,CA
2024-10-20,2,GTA VI,CA
2024-10-27,2,GTA VI,CA
2024-11-03,2,GTA VI,CA
2024-11-10,2,GTA VI,CA
2024-11-17,2,GTA VI,CA
2024-11-24,2,GTA VI,CA
2024-12-01,3,GTA VI,CA
2024-12-08,3,GTA VI,CA
2024-12-15,2,GTA VI,CA
2024-12-22,3,GTA VI,CA
2024-12-29,5,GTA VI,CA
2025-01-05,3,GTA VI,CA
2025-01-12,2,GTA VI,CA
2025-01-19,3,GTA VI,CA
2025-01-26,2,GTA VI,CA
2025-02-02,4,GTA VI,CA
2025-02-09,2,GTA VI,CA
2025-02-16,3,GTA VI,CA
2025-02-23,4,GTA VI,CA
2025-03-02,4,GTA VI,CA
2025-03-09,3,GTA VI,CA
2025-03-16,3,GTA VI,CA
2025-03-23,2,GTA VI,CA
2025-03-30,3,GTA VI,CA
2025-04-06,3,GTA VI,CA
2025-04-13,2,GTA VI,CA
2025-04-20,2,GTA VI,CA
2025-04-27,6,GTA VI,CA
2025-05-04,27,GTA VI,CA
2025-05-11,7,GTA VI,CA
2025-05-18,4,GTA VI,CA
2025-05-25,4,GTA VI,CA
2025-06-01,3,GTA VI,CA
2025-06-08,3,GTA VI,CA
2025-06-15,2,GTA VI,CA
2025-06-22,2,GTA VI,CA
2025-06-29,2,GTA VI,CA
2025-07-06,2,GTA VI,CA
2025-07-13,2,GTA VI,CA
2025-07-20,2,GTA VI,CA
2025-07-27,2,GTA VI,CA
2025-08-03,3,GTA VI,CA
2025-08-10,1,GTA VI,CA
2025-08-17,0,GTA VI,CA
2025-08-24,2,GTA VI,CA
2025-08-31,0,GTA VI,CA
2025-09-07,2,GTA VI,CA
2025-09-14,2,GTA VI,CA
2025-09-21,3,GTA VI,CA
2025-09-28,0,GTA VI,CA
2025-10-05,2,GTA VI,CA
2025-10-12,2,GTA VI,CA
2025-10-19,2,GTA VI,CA
2025-10-26,2,GTA VI,CA
2025-11-02,10,GTA VI,CA
2025-11-09,4,GTA VI,CA
2025-11-16,4,GTA VI,CA
2025-11-23,3,GTA VI,CA
2025-11-30,3,GTA VI,CA
2025-12-07,3,GTA VI,CA
2025-12-14,3,GTA VI,CA
2025-12-21,3,GTA VI,CA
2025-12-28,4,GTA VI,CA
2026-01-04,8,GTA VI,CA
2026-01-11,4,GTA VI,CA
2026-01-18,4,GTA VI,CA
2026-01-25,6,GTA VI,CA
2026-02-01,7,GTA VI,CA
2026-02-08,4,GTA VI,CA
2026-02-15,3,GTA VI,CA
2026-02-22,4,GTA VI,CA
2026-03-01,3,GTA VI,CA
2026-03-08,5,GTA VI,CA
2026-03-15,5,GTA VI,CA
2026-03-22,5,GTA VI,CA
2026-03-29,4,GTA VI,CA
2026-04-05,4,GTA VI,CA
2026-04-12,5,GTA VI,CA
2026-04-19,3,GTA VI,CA
2026-04-26,7,GTA VI,CA
2026-05-03,7,GTA VI,CA
2026-05-10,13,GTA VI,CA
2026-05-17,13,GTA VI,CA
2026-05-24,7,GTA VI,CA
2026-05-31,4,GTA VI,CA
2026-06-07,5,GTA VI,CA
2026-06-14,41,GTA VI,CA
2026-06-21,100,GTA VI,CA
2026-06-28,33,GTA VI,CA
2026-07-05,13,GTA VI,CA
2026-07-12,8,GTA VI,CA
2026-07-19,4,GTA VI,CA
2026-07-26,7,GTA VI,CA
2026-08-02,31,GTA VI,CA
2026-08-09,10,GTA VI,CA
2026-08-16,24,GTA VI,CA
2026-08-23,74,GTA VI,CA
2026-08-30,33,GTA VI,CA
2026-09-06,30,GTA VI,CA
2023-01-01 00:00:00,0,GTA VI,AU
2023-01-08 00:00:00,0,GTA VI,AU
2023-01-15 00:00:00,0,GTA VI,AU
2023-01-22 00:00:00,0,GTA VI,AU
2023-01-29 00:00:00,0,GTA VI,AU
2023-02-05 00:00:00,0,GTA VI,AU
2023-02-12 00:00:00,0,GTA VI,AU
2023-02-19 00:00:00,5,GTA VI,AU
2023-02-26 00:00:00,0,GTA VI,AU
2023-03-05 00:00:00,0,GTA VI,AU
2023-03-12 00:00:00,0,GTA VI,AU
2023-03-19 00:00:00,0,GTA VI,AU
2023-03-26 00:00:00,0,GTA VI,AU
2023-04-02 00:00:00,0,GTA VI,AU
2023-04-09 00:00:00,1,GTA VI,AU
2023-04-16 00:00:00,2,GTA VI,AU
2023-04-23 00:00:00,0,GTA VI,AU
2023-04-30 00:00:00,2,GTA VI,AU
2023-05-07 00:00:00,2,GTA VI,AU
2023-05-14 00:00:00,0,GTA VI,AU
2023-05-21 00:00:00,2,GTA VI,AU
2023-05-28 00:00:00,0,GTA VI,AU
2023-06-04 00:00:00,0,GTA VI,AU
2023-06-11 00:00:00,0,GTA VI,AU
2023-06-18 00:00:00,0,GTA VI,AU
2023-06-25 00:00:00,1,GTA VI,AU
2023-07-02 00:00:00,0,GTA VI,AU
2023-07-09 00:00:00,0,GTA VI,AU
2023-07-16 00:00:00,0,GTA VI,AU
2023-07-23 00:00:00,0,GTA VI,AU
2023-07-30 00:00:00,6,GTA VI,AU
2023-08-06 00:00:00,2,GTA VI,AU
2023-08-13 00:00:00,1,GTA VI,AU
2023-08-20 00:00:00,0,GTA VI,AU
2023-08-27 00:00:00,2,GTA VI,AU
2023-09-03 00:00:00,0,GTA VI,AU
2023-09-10 00:00:00,0,GTA VI,AU
2023-09-17 00:00:00,0,GTA VI,AU
2023-09-24 00:00:00,2,GTA VI,AU
2023-10-01 00:00:00,3,GTA VI,AU
2023-10-08 00:00:00,1,GTA VI,AU
2023-10-15 00:00:00,3,GTA VI,AU
2023-10-22 00:00:00,8,GTA VI,AU
2023-10-29 00:00:00,4,GTA VI,AU
2023-11-05 00:00:00,8,GTA VI,AU
2023-11-12 00:00:00,5,GTA VI,AU
2023-11-19 00:00:00,5,GTA VI,AU
2023-11-26 00:00:00,5,GTA VI,AU
2023-12-03 00:00:00,42,GTA VI,AU
2023-12-10 00:00:00,7,GTA VI,AU
2023-12-17 00:00:00,4,GTA VI,AU
2023-12-24 00:00:00,4,GTA VI,AU
2023-12-31 00:00:00,2,GTA VI,AU
2024-01-07 00:00:00,2,GTA VI,AU
2024-01-14 00:00:00,0,GTA VI,AU
2024-01-21 00:00:00,2,GTA VI,AU
2024-01-28 00:00:00,0,GTA VI,AU
2024-02-04 00:00:00,0,GTA VI,AU
2024-02-11 00:00:00,3,GTA VI,AU
2024-02-18 00:00:00,7,GTA VI,AU
2024-02-25 00:00:00,3,GTA VI,AU
2024-03-03 00:00:00,0,GTA VI,AU
2024-03-10 00:00:00,0,GTA VI,AU
2024-03-17 00:00:00,2,GTA VI,AU
2024-03-24 00:00:00,0,GTA VI,AU
2024-03-31 00:00:00,0,GTA VI,AU
2024-04-07 00:00:00,0,GTA VI,AU
2024-04-14 00:00:00,2,GTA VI,AU
2024-04-21 00:00:00,2,GTA VI,AU
2024-04-28 00:00:00,2,GTA VI,AU
2024-05-05 00:00:00,0,GTA VI,AU
2024-05-12 00:00:00,3,GTA VI,AU
2024-05-19 00:00:00,0,GTA VI,AU
2024-05-26 00:00:00,0,GTA VI,AU
2024-06-02 00:00:00,0,GTA VI,AU
2024-06-09 00:00:00,2,GTA VI,AU
2024-06-16 00:00:00,2,GTA VI,AU
2024-06-23 00:00:00,0,GTA VI,AU
2024-06-30 00:00:00,0,GTA VI,AU
2024-07-07 00:00:00,2,GTA VI,AU
2024-07-14 00:00:00,2,GTA VI,AU
2024-07-21 00:00:00,0,GTA VI,AU
2024-07-28 00:00:00,0,GTA VI,AU
2024-08-04 00:00:00,0,GTA VI,AU
2024-08-11 00:00:00,0,GTA VI,AU
2024-08-18 00:00:00,2,GTA VI,AU
2024-08-25 00:00:00,2,GTA VI,AU
2024-09-01 00:00:00,0,GTA VI,AU
2024-09-08 00:00:00,1,GTA VI,AU
2024-09-15 00:00:00,2,GTA VI,AU
2024-09-22 00:00:00,2,GTA VI,AU
2024-09-29 00:00:00,0,GTA VI,AU
2024-10-06 00:00:00,2,GTA VI,AU
2024-10-13 00:00:00,2,GTA VI,AU
2024-10-20 00:00:00,0,GTA VI,AU
2024-10-27 00:00:00,2,GTA VI,AU
2024-11-03 00:00:00,0,GTA VI,AU
2024-11-10 00:00:00,0,GTA VI,AU
2024-11-17 00:00:00,1,GTA VI,AU
2024-11-24 00:00:00,3,GTA VI,AU
2024-12-01 00:00:00,3,GTA VI,AU
2024-12-08 00:00:00,4,GTA VI,AU
2024-12-15 00:00:00,2,GTA VI,AU
2024-12-22 00:00:00,4,GTA VI,AU
2024-12-29 00:00:00,6,GTA VI,AU
2025-01-05 00:00:00,3,GTA VI,AU
2025-01-12 00:00:00,2,GTA VI,AU
2025-01-19 00:00:00,4,GTA VI,AU
2025-01-26 00:00:00,3,GTA VI,AU
2025-02-02 00:00:00,3,GTA VI,AU
2025-02-09 00:00:00,4,GTA VI,AU
2025-02-16 00:00:00,0,GTA VI,AU
2025-02-23 00:00:00,3,GTA VI,AU
2025-03-02 00:00:00,3,GTA VI,AU
2025-03-09 00:00:00,3,GTA VI,AU
2025-03-16 00:00:00,4,GTA VI,AU
2025-03-23 00:00:00,2,GTA VI,AU
2025-03-30 00:00:00,3,GTA VI,AU
2025-04-06 00:00:00,2,GTA VI,AU
2025-04-13 00:00:00,2,GTA VI,AU
2025-04-20 00:00:00,2,GTA VI,AU
2025-04-27 00:00:00,5,GTA VI,AU
2025-05-04 00:00:00,24,GTA VI,AU
2025-05-11 00:00:00,8,GTA VI,AU
2025-05-18 00:00:00,4,GTA VI,AU
2025-05-25 00:00:00,2,GTA VI,AU
2025-06-01 00:00:00,2,GTA VI,AU
2025-06-08 00:00:00,2,GTA VI,AU
2025-06-15 00:00:00,0,GTA VI,AU
2025-06-22 00:00:00,0,GTA VI,AU
2025-06-29 00:00:00,3,GTA VI,AU
2025-07-06 00:00:00,2,GTA VI,AU
2025-07-13 00:00:00,2,GTA VI,AU
2025-07-20 00:00:00,2,GTA VI,AU
2025-07-27 00:00:00,0,GTA VI,AU
2025-08-03 00:00:00,3,GTA VI,AU
2025-08-10 00:00:00,2,GTA VI,AU
2025-08-17 00:00:00,2,GTA VI,AU
2025-08-24 00:00:00,2,GTA VI,AU
2025-08-31 00:00:00,0,GTA VI,AU
2025-09-07 00:00:00,3,GTA VI,AU
2025-09-14 00:00:00,0,GTA VI,AU
2025-09-21 00:00:00,0,GTA VI,AU
2025-09-28 00:00:00,2,GTA VI,AU
2025-10-05 00:00:00,2,GTA VI,AU
2025-10-12 00:00:00,2,GTA VI,AU
2025-10-19 00:00:00,2,GTA VI,AU
2025-10-26 00:00:00,3,GTA VI,AU
2025-11-02 00:00:00,10,GTA VI,AU
2025-11-09 00:00:00,4,GTA VI,AU
2025-11-16 00:00:00,2,GTA VI,AU
2025-11-23 00:00:00,2,GTA VI,AU
2025-11-30 00:00:00,2,GTA VI,AU
2025-12-07 00:00:00,2,GTA VI,AU
2025-12-14 00:00:00,0,GTA VI,AU
2025-12-21 00:00:00,3,GTA VI,AU
2025-12-28 00:00:00,5,GTA VI,AU
2026-01-04 00:00:00,3,GTA VI,AU
2026-01-11 00:00:00,2,GTA VI,AU
2026-01-18 00:00:00,3,GTA VI,AU
2026-01-25 00:00:00,3,GTA VI,AU
2026-02-01 00:00:00,4,GTA VI,AU
2026-02-08 00:00:00,2,GTA VI,AU
2026-02-15 00:00:00,3,GTA VI,AU
2026-02-22 00:00:00,2,GTA VI,AU
2026-03-01 00:00:00,3,GTA VI,AU
2026-03-08 00:00:00,2,GTA VI,AU
2026-03-15 00:00:00,3,GTA VI,AU
2026-03-22 00:00:00,4,GTA VI,AU
2026-03-29 00:00:00,3,GTA VI,AU
2026-04-05 00:00:00,4,GTA VI,AU
2026-04-12 00:00:00,3,GTA VI,AU
2026-04-19 00:00:00,3,GTA VI,AU
2026-04-26 00:00:00,6,GTA VI,AU
2026-05-03 00:00:00,6,GTA VI,AU
2026-05-10 00:00:00,9,GTA VI,AU
2026-05-17 00:00:00,12,GTA VI,AU
2026-05-24 00:00:00,6,GTA VI,AU
2026-05-31 00:00:00,4,GTA VI,AU
2026-06-07 00:00:00,4,GTA VI,AU
2026-06-14 00:00:00,31,GTA VI,AU
2026-06-21 00:00:00,100,GTA VI,AU
2026-06-28 00:00:00,30,GTA VI,AU
2026-07-05 00:00:00,12,GTA VI,AU
2026-07-12 00:00:00,9,GTA VI,AU
2026-07-19 00:00:00,6,GTA VI,AU
2026-07-26 00:00:00,6,GTA VI,AU
2026-08-02 00:00:00,8,GTA VI,AU
2026-08-09 00:00:00,8,GTA VI,AU
2026-08-16 00:00:00,18,GTA VI,AU
2026-08-23 00:00:00,63,GTA VI,AU
2026-08-30 00:00:00,34,GTA VI,AU
2026-09-06 00:00:00,20,GTA VI,AU
2023-01-01,0,GTA VI,DE
2023-01-08,0,GTA VI,DE
2023-01-15,1,GTA VI,DE
2023-01-22,1,GTA VI,DE
2023-01-29,1,GTA VI,DE
2023-02-05,0,GTA VI,DE
2023-02-12,1,GTA VI,DE
2023-02-19,0,GTA VI,DE
2023-02-26,1,GTA VI,DE
2023-03-05,1,GTA VI,DE
2023-03-12,0,GTA VI,DE
2023-03-19,1,GTA VI,DE
2023-03-26,0,GTA VI,DE
2023-04-02,1,GTA VI,DE
2023-04-09,0,GTA VI,DE
2023-04-16,0,GTA VI,DE
2023-04-23,1,GTA VI,DE
2023-04-30,1,GTA VI,DE
2023-05-07,1,GTA VI,DE
2023-05-14,1,GTA VI,DE
2023-05-21,1,GTA VI,DE
2023-05-28,1,GTA VI,DE
2023-06-04,1,GTA VI,DE
2023-06-11,1,GTA VI,DE
2023-06-18,0,GTA VI,DE
2023-06-25,0,GTA VI,DE
2023-07-02,1,GTA VI,DE
2023-07-09,0,GTA VI,DE
2023-07-16,1,GTA VI,DE
2023-07-23,1,GTA VI,DE
2023-07-30,0,GTA VI,DE
2023-08-06,0,GTA VI,DE
2023-08-13,1,GTA VI,DE
2023-08-20,1,GTA VI,DE
2023-08-27,1,GTA VI,DE
2023-09-03,1,GTA VI,DE
2023-09-10,1,GTA VI,DE
2023-09-17,1,GTA VI,DE
2023-09-24,1,GTA VI,DE
2023-10-01,1,GTA VI,DE
2023-10-08,1,GTA VI,DE
2023-10-15,1,GTA VI,DE
2023-10-22,4,GTA VI,DE
2023-10-29,1,GTA VI,DE
2023-11-05,3,GTA VI,DE
2023-11-12,2,GTA VI,DE
2023-11-19,2,GTA VI,DE
2023-11-26,2,GTA VI,DE
2023-12-03,23,GTA VI,DE
2023-12-10,4,GTA VI,DE
2023-12-17,3,GTA VI,DE
2023-12-24,2,GTA VI,DE
2023-12-31,1,GTA VI,DE
2024-01-07,1,GTA VI,DE
2024-01-14,1,GTA VI,DE
2024-01-21,1,GTA VI,DE
2024-01-28,1,GTA VI,DE
2024-02-04,1,GTA VI,DE
2024-02-11,1,GTA VI,DE
2024-02-18,1,GTA VI,DE
2024-02-25,1,GTA VI,DE
2024-03-03,1,GTA VI,DE
2024-03-10,1,GTA VI,DE
2024-03-17,1,GTA VI,DE
2024-03-24,1,GTA VI,DE
2024-03-31,1,GTA VI,DE
2024-04-07,1,GTA VI,DE
2024-04-14,1,GTA VI,DE
2024-04-21,1,GTA VI,DE
2024-04-28,1,GTA VI,DE
2024-05-05,1,GTA VI,DE
2024-05-12,1,GTA VI,DE
2024-05-19,1,GTA VI,DE
2024-05-26,1,GTA VI,DE
2024-06-02,1,GTA VI,DE
2024-06-09,1,GTA VI,DE
2024-06-16,1,GTA VI,DE
2024-06-23,1,GTA VI,DE
2024-06-30,0,GTA VI,DE
2024-07-07,1,GTA VI,DE
2024-07-14,2,GTA VI,DE
2024-07-21,1,GTA VI,DE
2024-07-28,1,GTA VI,DE
2024-08-04,1,GTA VI,DE
2024-08-11,1,GTA VI,DE
2024-08-18,1,GTA VI,DE
2024-08-25,1,GTA VI,DE
2024-09-01,1,GTA VI,DE
2024-09-08,1,GTA VI,DE
2024-09-15,1,GTA VI,DE
2024-09-22,1,GTA VI,DE
2024-09-29,1,GTA VI,DE
2024-10-06,1,GTA VI,DE
2024-10-13,1,GTA VI,DE
2024-10-20,2,GTA VI,DE
2024-10-27,1,GTA VI,DE
2024-11-03,1,GTA VI,DE
2024-11-10,1,GTA VI,DE
2024-11-17,2,GTA VI,DE
2024-11-24,2,GTA VI,DE
2024-12-01,2,GTA VI,DE
2024-12-08,2,GTA VI,DE
2024-12-15,1,GTA VI,DE
2024-12-22,3,GTA VI,DE
2024-12-29,3,GTA VI,DE
2025-01-05,2,GTA VI,DE
2025-01-12,2,GTA VI,DE
2025-01-19,2,GTA VI,DE
2025-01-26,3,GTA VI,DE
2025-02-02,2,GTA VI,DE
2025-02-09,3,GTA VI,DE
2025-02-16,2,GTA VI,DE
2025-02-23,2,GTA VI,DE
2025-03-02,2,GTA VI,DE
2025-03-09,2,GTA VI,DE
2025-03-16,2,GTA VI,DE
2025-03-23,2,GTA VI,DE
2025-03-30,2,GTA VI,DE
2025-04-06,2,GTA VI,DE
2025-04-13,2,GTA VI,DE
2025-04-20,2,GTA VI,DE
2025-04-27,6,GTA VI,DE
2025-05-04,13,GTA VI,DE
2025-05-11,7,GTA VI,DE
2025-05-18,3,GTA VI,DE
2025-05-25,2,GTA VI,DE
2025-06-01,2,GTA VI,DE
2025-06-08,1,GTA VI,DE
2025-06-15,2,GTA VI,DE
2025-06-22,1,GTA VI,DE
2025-06-29,1,GTA VI,DE
2025-07-06,1,GTA VI,DE
2025-07-13,1,GTA VI,DE
2025-07-20,1,GTA VI,DE
2025-07-27,2,GTA VI,DE
2025-08-03,2,GTA VI,DE
2025-08-10,1,GTA VI,DE
2025-08-17,1,GTA VI,DE
2025-08-24,1,GTA VI,DE
2025-08-31,1,GTA VI,DE
2025-09-07,2,GTA VI,DE
2025-09-14,1,GTA VI,DE
2025-09-21,2,GTA VI,DE
2025-09-28,1,GTA VI,DE
2025-10-05,1,GTA VI,DE
2025-10-12,2,GTA VI,DE
2025-10-19,1,GTA VI,DE
2025-10-26,2,GTA VI,DE
2025-11-02,9,GTA VI,DE
2025-11-09,4,GTA VI,DE
2025-11-16,3,GTA VI,DE
2025-11-23,2,GTA VI,DE
2025-11-30,2,GTA VI,DE
2025-12-07,2,GTA VI,DE
2025-12-14,3,GTA VI,DE
2025-12-21,3,GTA VI,DE
2025-12-28,4,GTA VI,DE
2026-01-04,17,GTA VI,DE
2026-01-11,3,GTA VI,DE
2026-01-18,3,GTA VI,DE
2026-01-25,3,GTA VI,DE
2026-02-01,4,GTA VI,DE
2026-02-08,3,GTA VI,DE
2026-02-15,3,GTA VI,DE
2026-02-22,3,GTA VI,DE
2026-03-01,3,GTA VI,DE
2026-03-08,4,GTA VI,DE
2026-03-15,4,GTA VI,DE
2026-03-22,4,GTA VI,DE
2026-03-29,5,GTA VI,DE
2026-04-05,5,GTA VI,DE
2026-04-12,4,GTA VI,DE
2026-04-19,4,GTA VI,DE
2026-04-26,5,GTA VI,DE
2026-05-03,6,GTA VI,DE
2026-05-10,6,GTA VI,DE
2026-05-17,12,GTA VI,DE
2026-05-24,6,GTA VI,DE
2026-05-31,6,GTA VI,DE
2026-06-07,5,GTA VI,DE
2026-06-14,27,GTA VI,DE
2026-06-21,100,GTA VI,DE
2026-06-28,54,GTA VI,DE
2026-07-05,18,GTA VI,DE
2026-07-12,8,GTA VI,DE
2026-07-19,6,GTA VI,DE
2026-07-26,6,GTA VI,DE
2026-08-02,9,GTA VI,DE
2026-08-09,13,GTA VI,DE
2026-08-16,18,GTA VI,DE
2026-08-23,52,GTA VI,DE
2026-08-30,29,GTA VI,DE
2026-09-06,16,GTA VI,DE
2023-01-01,1,GTA VI,FR
2023-01-08,0,GTA VI,FR
2023-01-15,1,GTA VI,FR
2023-01-22,0,GTA VI,FR
2023-01-29,0,GTA VI,FR
2023-02-05,1,GTA VI,FR
2023-02-12,1,GTA VI,FR
2023-02-19,0,GTA VI,FR
2023-02-26,1,GTA VI,FR
2023-03-05,1,GTA VI,FR
2023-03-12,1,GTA VI,FR
2023-03-19,1,GTA VI,FR
2023-03-26,1,GTA VI,FR
2023-04-02,1,GTA VI,FR
2023-04-09,1,GTA VI,FR
2023-04-16,1,GTA VI,FR
2023-04-23,1,GTA VI,FR
2023-04-30,1,GTA VI,FR
2023-05-07,2,GTA VI,FR
2023-05-14,2,GTA VI,FR
2023-05-21,1,GTA VI,FR
2023-05-28,1,GTA VI,FR
2023-06-04,1,GTA VI,FR
2023-06-11,1,GTA VI,FR
2023-06-18,0,GTA VI,FR
2023-06-25,1,GTA VI,FR
2023-07-02,1,GTA VI,FR
2023-07-09,1,GTA VI,FR
2023-07-16,1,GTA VI,FR
2023-07-23,1,GTA VI,FR
2023-07-30,2,GTA VI,FR
2023-08-06,2,GTA VI,FR
2023-08-13,2,GTA VI,FR
2023-08-20,1,GTA VI,FR
2023-08-27,1,GTA VI,FR
2023-09-03,1,GTA VI,FR
2023-09-10,0,GTA VI,FR
2023-09-17,1,GTA VI,FR
2023-09-24,1,GTA VI,FR
2023-10-01,2,GTA VI,FR
2023-10-08,1,GTA VI,FR
2023-10-15,1,GTA VI,FR
2023-10-22,5,GTA VI,FR
2023-10-29,2,GTA VI,FR
2023-11-05,8,GTA VI,FR
2023-11-12,6,GTA VI,FR
2023-11-19,3,GTA VI,FR
2023-11-26,5,GTA VI,FR
2023-12-03,35,GTA VI,FR
2023-12-10,5,GTA VI,FR
2023-12-17,4,GTA VI,FR
2023-12-24,3,GTA VI,FR
2023-12-31,2,GTA VI,FR
2024-01-07,1,GTA VI,FR
2024-01-14,1,GTA VI,FR
2024-01-21,1,GTA VI,FR
2024-01-28,1,GTA VI,FR
2024-02-04,1,GTA VI,FR
2024-02-11,1,GTA VI,FR
2024-02-18,1,GTA VI,FR
2024-02-25,1,GTA VI,FR
2024-03-03,1,GTA VI,FR
2024-03-10,1,GTA VI,FR
2024-03-17,2,GTA VI,FR
2024-03-24,1,GTA VI,FR
2024-03-31,2,GTA VI,FR
2024-04-07,1,GTA VI,FR
2024-04-14,1,GTA VI,FR
2024-04-21,1,GTA VI,FR
2024-04-28,2,GTA VI,FR
2024-05-05,2,GTA VI,FR
2024-05-12,4,GTA VI,FR
2024-05-19,1,GTA VI,FR
2024-05-26,1,GTA VI,FR
2024-06-02,2,GTA VI,FR
2024-06-09,1,GTA VI,FR
2024-06-16,1,GTA VI,FR
2024-06-23,1,GTA VI,FR
2024-06-30,1,GTA VI,FR
2024-07-07,1,GTA VI,FR
2024-07-14,1,GTA VI,FR
2024-07-21,1,GTA VI,FR
2024-07-28,1,GTA VI,FR
2024-08-04,2,GTA VI,FR
2024-08-11,2,GTA VI,FR
2024-08-18,2,GTA VI,FR
2024-08-25,2,GTA VI,FR
2024-09-01,1,GTA VI,FR
2024-09-08,2,GTA VI,FR
2024-09-15,1,GTA VI,FR
2024-09-22,2,GTA VI,FR
2024-09-29,2,GTA VI,FR
2024-10-06,2,GTA VI,FR
2024-10-13,2,GTA VI,FR
2024-10-20,2,GTA VI,FR
2024-10-27,2,GTA VI,FR
2024-11-03,2,GTA VI,FR
2024-11-10,2,GTA VI,FR
2024-11-17,2,GTA VI,FR
2024-11-24,3,GTA VI,FR
2024-12-01,4,GTA VI,FR
2024-12-08,3,GTA VI,FR
2024-12-15,3,GTA VI,FR
2024-12-22,4,GTA VI,FR
2024-12-29,5,GTA VI,FR
2025-01-05,4,GTA VI,FR
2025-01-12,3,GTA VI,FR
2025-01-19,3,GTA VI,FR
2025-01-26,3,GTA VI,FR
2025-02-02,5,GTA VI,FR
2025-02-09,3,GTA VI,FR
2025-02-16,3,GTA VI,FR
2025-02-23,2,GTA VI,FR
2025-03-02,2,GTA VI,FR
2025-03-09,3,GTA VI,FR
2025-03-16,3,GTA VI,FR
2025-03-23,4,GTA VI,FR
2025-03-30,4,GTA VI,FR
2025-04-06,2,GTA VI,FR
2025-04-13,3,GTA VI,FR
2025-04-20,2,GTA VI,FR
2025-04-27,8,GTA VI,FR
2025-05-04,19,GTA VI,FR
2025-05-11,10,GTA VI,FR
2025-05-18,5,GTA VI,FR
2025-05-25,4,GTA VI,FR
2025-06-01,2,GTA VI,FR
2025-06-08,2,GTA VI,FR
2025-06-15,2,GTA VI,FR
2025-06-22,1,GTA VI,FR
2025-06-29,2,GTA VI,FR
2025-07-06,1,GTA VI,FR
2025-07-13,2,GTA VI,FR
2025-07-20,1,GTA VI,FR
2025-07-27,2,GTA VI,FR
2025-08-03,1,GTA VI,FR
2025-08-10,2,GTA VI,FR
2025-08-17,2,GTA VI,FR
2025-08-24,3,GTA VI,FR
2025-08-31,2,GTA VI,FR
2025-09-07,2,GTA VI,FR
2025-09-14,2,GTA VI,FR
2025-09-21,2,GTA VI,FR
2025-09-28,1,GTA VI,FR
2025-10-05,1,GTA VI,FR
2025-10-12,2,GTA VI,FR
2025-10-19,3,GTA VI,FR
2025-10-26,4,GTA VI,FR
2025-11-02,11,GTA VI,FR
2025-11-09,4,GTA VI,FR
2025-11-16,2,GTA VI,FR
2025-11-23,2,GTA VI,FR
2025-11-30,3,GTA VI,FR
2025-12-07,3,GTA VI,FR
2025-12-14,2,GTA VI,FR
2025-12-21,3,GTA VI,FR
2025-12-28,5,GTA VI,FR
2026-01-04,5,GTA VI,FR
2026-01-11,2,GTA VI,FR
2026-01-18,3,GTA VI,FR
2026-01-25,4,GTA VI,FR
2026-02-01,7,GTA VI,FR
2026-02-08,4,GTA VI,FR
2026-02-15,3,GTA VI,FR
2026-02-22,3,GTA VI,FR
2026-03-01,4,GTA VI,FR
2026-03-08,4,GTA VI,FR
2026-03-15,4,GTA VI,FR
2026-03-22,5,GTA VI,FR
2026-03-29,6,GTA VI,FR
2026-04-05,6,GTA VI,FR
2026-04-12,6,GTA VI,FR
2026-04-19,7,GTA VI,FR
2026-04-26,7,GTA VI,FR
2026-05-03,8,GTA VI,FR
2026-05-10,19,GTA VI,FR
2026-05-17,12,GTA VI,FR
2026-05-24,6,GTA VI,FR
2026-05-31,4,GTA VI,FR
2026-06-07,3,GTA VI,FR
2026-06-14,28,GTA VI,FR
2026-06-21,100,GTA VI,FR
2026-06-28,27,GTA VI,FR
2026-07-05,11,GTA VI,FR
2026-07-12,14,GTA VI,FR
2026-07-19,6,GTA VI,FR
2026-07-26,6,GTA VI,FR
2026-08-02,9,GTA VI,FR
2026-08-09,9,GTA VI,FR
2026-08-16,36,GTA VI,FR
2026-08-23,72,GTA VI,FR
2026-08-30,36,GTA VI,FR
2026-09-06,18,GTA VI,FR
2023-01-01,0,GTA VI,JP
2023-01-08,0,GTA VI,JP
2023-01-15,0,GTA VI,JP
2023-01-22,0,GTA VI,JP
2023-01-29,0,GTA VI,JP
2023-02-05,0,GTA VI,JP
2023-02-12,0,GTA VI,JP
2023-02-19,0,GTA VI,JP
2023-02-26,0,GTA VI,JP
2023-03-05,0,GTA VI,JP
2023-03-12,0,GTA VI,JP
2023-03-19,0,GTA VI,JP
2023-03-26,0,GTA VI,JP
2023-04-02,0,GTA VI,JP
2023-04-09,0,GTA VI,JP
2023-04-16,0,GTA VI,JP
2023-04-23,0,GTA VI,JP
2023-04-30,0,GTA VI,JP
2023-05-07,0,GTA VI,JP
2023-05-14,0,GTA VI,JP
2023-05-21,0,GTA VI,JP
2023-05-28,0,GTA VI,JP
2023-06-04,0,GTA VI,JP
2023-06-11,0,GTA VI,JP
2023-06-18,0,GTA VI,JP
2023-06-25,0,GTA VI,JP
2023-07-02,0,GTA VI,JP
2023-07-09,0,GTA VI,JP
2023-07-16,0,GTA VI,JP
2023-07-23,0,GTA VI,JP
2023-07-30,0,GTA VI,JP
2023-08-06,0,GTA VI,JP
2023-08-13,0,GTA VI,JP
2023-08-20,0,GTA VI,JP
2023-08-27,0,GTA VI,JP
2023-09-03,0,GTA VI,JP
2023-09-10,0,GTA VI,JP
2023-09-17,0,GTA VI,JP
2023-09-24,0,GTA VI,JP
2023-10-01,0,GTA VI,JP
2023-10-08,0,GTA VI,JP
2023-10-15,0,GTA VI,JP
2023-10-22,0,GTA VI,JP
2023-10-29,0,GTA VI,JP
2023-11-05,0,GTA VI,JP
2023-11-12,0,GTA VI,JP
2023-11-19,0,GTA VI,JP
2023-11-26,0,GTA VI,JP
2023-12-03,13,GTA VI,JP
2023-12-10,0,GTA VI,JP
2023-12-17,0,GTA VI,JP
2023-12-24,0,GTA VI,JP
2023-12-31,0,GTA VI,JP
2024-01-07,0,GTA VI,JP
2024-01-14,0,GTA VI,JP
2024-01-21,0,GTA VI,JP
2024-01-28,0,GTA VI,JP
2024-02-04,0,GTA VI,JP
2024-02-11,0,GTA VI,JP
2024-02-18,0,GTA VI,JP
2024-02-25,0,GTA VI,JP
2024-03-03,0,GTA VI,JP
2024-03-10,0,GTA VI,JP
2024-03-17,0,GTA VI,JP
2024-03-24,0,GTA VI,JP
2024-03-31,0,GTA VI,JP
2024-04-07,0,GTA VI,JP
2024-04-14,0,GTA VI,JP
2024-04-21,0,GTA VI,JP
2024-04-28,0,GTA VI,JP
2024-05-05,0,GTA VI,JP
2024-05-12,0,GTA VI,JP
2024-05-19,0,GTA VI,JP
2024-05-26,0,GTA VI,JP
2024-06-02,0,GTA VI,JP
2024-06-09,0,GTA VI,JP
2024-06-16,0,GTA VI,JP
2024-06-23,0,GTA VI,JP
2024-06-30,0,GTA VI,JP
2024-07-07,0,GTA VI,JP
2024-07-14,0,GTA VI,JP
2024-07-21,0,GTA VI,JP
2024-07-28,0,GTA VI,JP
2024-08-04,0,GTA VI,JP
2024-08-11,0,GTA VI,JP
2024-08-18,0,GTA VI,JP
2024-08-25,0,GTA VI,JP
2024-09-01,0,GTA VI,JP
2024-09-08,0,GTA VI,JP
2024-09-15,0,GTA VI,JP
2024-09-22,0,GTA VI,JP
2024-09-29,0,GTA VI,JP
2024-10-06,0,GTA VI,JP
2024-10-13,0,GTA VI,JP
2024-10-20,0,GTA VI,JP
2024-10-27,0,GTA VI,JP
2024-11-03,0,GTA VI,JP
2024-11-10,0,GTA VI,JP
2024-11-17,0,GTA VI,JP
2024-11-24,0,GTA VI,JP
2024-12-01,0,GTA VI,JP
2024-12-08,0,GTA VI,JP
2024-12-15,0,GTA VI,JP
2024-12-22,0,GTA VI,JP
2024-12-29,0,GTA VI,JP
2025-01-05,0,GTA VI,JP
2025-01-12,0,GTA VI,JP
2025-01-19,0,GTA VI,JP
2025-01-26,0,GTA VI,JP
2025-02-02,0,GTA VI,JP
2025-02-09,0,GTA VI,JP
2025-02-16,0,GTA VI,JP
2025-02-23,0,GTA VI,JP
2025-03-02,0,GTA VI,JP
2025-03-09,0,GTA VI,JP
2025-03-16,0,GTA VI,JP
2025-03-23,0,GTA VI,JP
2025-03-30,0,GTA VI,JP
2025-04-06,0,GTA VI,JP
2025-04-13,0,GTA VI,JP
2025-04-20,0,GTA VI,JP
2025-04-27,0,GTA VI,JP
2025-05-04,12,GTA VI,JP
2025-05-11,7,GTA VI,JP
2025-05-18,0,GTA VI,JP
2025-05-25,0,GTA VI,JP
2025-06-01,0,GTA VI,JP
2025-06-08,0,GTA VI,JP
2025-06-15,0,GTA VI,JP
2025-06-22,0,GTA VI,JP
2025-06-29,0,GTA VI,JP
2025-07-06,0,GTA VI,JP
2025-07-13,0,GTA VI,JP
2025-07-20,0,GTA VI,JP
2025-07-27,0,GTA VI,JP
2025-08-03,0,GTA VI,JP
2025-08-10,0,GTA VI,JP
2025-08-17,0,GTA VI,JP
2025-08-24,0,GTA VI,JP
2025-08-31,0,GTA VI,JP
2025-09-07,0,GTA VI,JP
2025-09-14,0,GTA VI,JP
2025-09-21,0,GTA VI,JP
2025-09-28,0,GTA VI,JP
2025-10-05,0,GTA VI,JP
2025-10-12,0,GTA VI,JP
2025-10-19,0,GTA VI,JP
2025-10-26,5,GTA VI,JP
2025-11-02,15,GTA VI,JP
2025-11-09,7,GTA VI,JP
2025-11-16,6,GTA VI,JP
2025-11-23,0,GTA VI,JP
2025-11-30,8,GTA VI,JP
2025-12-07,7,GTA VI,JP
2025-12-14,7,GTA VI,JP
2025-12-21,6,GTA VI,JP
2025-12-28,6,GTA VI,JP
2026-01-04,7,GTA VI,JP
2026-01-11,6,GTA VI,JP
2026-01-18,7,GTA VI,JP
2026-01-25,8,GTA VI,JP
2026-02-01,9,GTA VI,JP
2026-02-08,7,GTA VI,JP
2026-02-15,0,GTA VI,JP
2026-02-22,8,GTA VI,JP
2026-03-01,5,GTA VI,JP
2026-03-08,12,GTA VI,JP
2026-03-15,12,GTA VI,JP
2026-03-22,10,GTA VI,JP
2026-03-29,12,GTA VI,JP
2026-04-05,11,GTA VI,JP
2026-04-12,8,GTA VI,JP
2026-04-19,9,GTA VI,JP
2026-04-26,10,GTA VI,JP
2026-05-03,6,GTA VI,JP
2026-05-10,9,GTA VI,JP
2026-05-17,14,GTA VI,JP
2026-05-24,14,GTA VI,JP
2026-05-31,13,GTA VI,JP
2026-06-07,16,GTA VI,JP
2026-06-14,25,GTA VI,JP
2026-06-21,100,GTA VI,JP
2026-06-28,67,GTA VI,JP
2026-07-05,29,GTA VI,JP
2026-07-12,15,GTA VI,JP
2026-07-19,14,GTA VI,JP
2026-07-26,6,GTA VI,JP
2026-08-02,8,GTA VI,JP
2026-08-09,11,GTA VI,JP
2026-08-16,12,GTA VI,JP
2026-08-23,23,GTA VI,JP
2026-08-30,14,GTA VI,JP
2026-09-06,7,GTA VI,JP
2023-01-01,0,GTA VI,KR
2023-01-08,0,GTA VI,KR
2023-01-15,0,GTA VI,KR
2023-01-22,0,GTA VI,KR
2023-01-29,0,GTA VI,KR
2023-02-05,0,GTA VI,KR
2023-02-12,0,GTA VI,KR
2023-02-19,0,GTA VI,KR
2023-02-26,0,GTA VI,KR
2023-03-05,0,GTA VI,KR
2023-03-12,0,GTA VI,KR
2023-03-19,0,GTA VI,KR
2023-03-26,0,GTA VI,KR
2023-04-02,0,GTA VI,KR
2023-04-09,0,GTA VI,KR
2023-04-16,0,GTA VI,KR
2023-04-23,0,GTA VI,KR
2023-04-30,0,GTA VI,KR
2023-05-07,0,GTA VI,KR
2023-05-14,0,GTA VI,KR
2023-05-21,0,GTA VI,KR
2023-05-28,0,GTA VI,KR
2023-06-04,0,GTA VI,KR
2023-06-11,0,GTA VI,KR
2023-06-18,0,GTA VI,KR
2023-06-25,0,GTA VI,KR
2023-07-02,0,GTA VI,KR
2023-07-09,0,GTA VI,KR
2023-07-16,0,GTA VI,KR
2023-07-23,0,GTA VI,KR
2023-07-30,0,GTA VI,KR
2023-08-06,0,GTA VI,KR
2023-08-13,0,GTA VI,KR
2023-08-20,0,GTA VI,KR
2023-08-27,0,GTA VI,KR
2023-09-03,0,GTA VI,KR
2023-09-10,0,GTA VI,KR
2023-09-17,0,GTA VI,KR
2023-09-24,0,GTA VI,KR
2023-10-01,0,GTA VI,KR
2023-10-08,0,GTA VI,KR
2023-10-15,0,GTA VI,KR
2023-10-22,0,GTA VI,KR
2023-10-29,0,GTA VI,KR
2023-11-05,0,GTA VI,KR
2023-11-12,0,GTA VI,KR
2023-11-19,0,GTA VI,KR
2023-11-26,0,GTA VI,KR
2023-12-03,7,GTA VI,KR
2023-12-10,0,GTA VI,KR
2023-12-17,0,GTA VI,KR
2023-12-24,0,GTA VI,KR
2023-12-31,0,GTA VI,KR
2024-01-07,0,GTA VI,KR
2024-01-14,0,GTA VI,KR
2024-01-21,0,GTA VI,KR
2024-01-28,0,GTA VI,KR
2024-02-04,0,GTA VI,KR
2024-02-11,0,GTA VI,KR
2024-02-18,0,GTA VI,KR
2024-02-25,0,GTA VI,KR
2024-03-03,0,GTA VI,KR
2024-03-10,0,GTA VI,KR
2024-03-17,0,GTA VI,KR
2024-03-24,0,GTA VI,KR
2024-03-31,0,GTA VI,KR
2024-04-07,0,GTA VI,KR
2024-04-14,0,GTA VI,KR
2024-04-21,0,GTA VI,KR
2024-04-28,0,GTA VI,KR
2024-05-05,0,GTA VI,KR
2024-05-12,0,GTA VI,KR
2024-05-19,0,GTA VI,KR
2024-05-26,0,GTA VI,KR
2024-06-02,0,GTA VI,KR
2024-06-09,0,GTA VI,KR
2024-06-16,0,GTA VI,KR
2024-06-23,0,GTA VI,KR
2024-06-30,0,GTA VI,KR
2024-07-07,0,GTA VI,KR
2024-07-14,0,GTA VI,KR
2024-07-21,0,GTA VI,KR
2024-07-28,0,GTA VI,KR
2024-08-04,0,GTA VI,KR
2024-08-11,0,GTA VI,KR
2024-08-18,0,GTA VI,KR
2024-08-25,0,GTA VI,KR
2024-09-01,0,GTA VI,KR
2024-09-08,0,GTA VI,KR
2024-09-15,0,GTA VI,KR
2024-09-22,0,GTA VI,KR
2024-09-29,0,GTA VI,KR
2024-10-06,0,GTA VI,KR
2024-10-13,0,GTA VI,KR
2024-10-20,0,GTA VI,KR
2024-10-27,0,GTA VI,KR
2024-11-03,0,GTA VI,KR
2024-11-10,0,GTA VI,KR
2024-11-17,0,GTA VI,KR
2024-11-24,0,GTA VI,KR
2024-12-01,0,GTA VI,KR
2024-12-08,0,GTA VI,KR
2024-12-15,0,GTA VI,KR
2024-12-22,0,GTA VI,KR
2024-12-29,0,GTA VI,KR
2025-01-05,0,GTA VI,KR
2025-01-12,0,GTA VI,KR
2025-01-19,0,GTA VI,KR
2025-01-26,0,GTA VI,KR
2025-02-02,0,GTA VI,KR
2025-02-09,0,GTA VI,KR
2025-02-16,0,GTA VI,KR
2025-02-23,0,GTA VI,KR
2025-03-02,0,GTA VI,KR
2025-03-09,0,GTA VI,KR
2025-03-16,0,GTA VI,KR
2025-03-23,0,GTA VI,KR
2025-03-30,0,GTA VI,KR
2025-04-06,0,GTA VI,KR
2025-04-13,0,GTA VI,KR
2025-04-20,0,GTA VI,KR
2025-04-27,0,GTA VI,KR
2025-05-04,0,GTA VI,KR
2025-05-11,0,GTA VI,KR
2025-05-18,0,GTA VI,KR
2025-05-25,0,GTA VI,KR
2025-06-01,0,GTA VI,KR
2025-06-08,0,GTA VI,KR
2025-06-15,0,GTA VI,KR
2025-06-22,0,GTA VI,KR
2025-06-29,0,GTA VI,KR
2025-07-06,0,GTA VI,KR
2025-07-13,0,GTA VI,KR
2025-07-20,0,GTA VI,KR
2025-07-27,0,GTA VI,KR
2025-08-03,0,GTA VI,KR
2025-08-10,0,GTA VI,KR
2025-08-17,0,GTA VI,KR
2025-08-24,0,GTA VI,KR
2025-08-31,0,GTA VI,KR
2025-09-07,0,GTA VI,KR
2025-09-14,0,GTA VI,KR
2025-09-21,0,GTA VI,KR
2025-09-28,0,GTA VI,KR
2025-10-05,0,GTA VI,KR
2025-10-12,0,GTA VI,KR
2025-10-19,0,GTA VI,KR
2025-10-26,0,GTA VI,KR
2025-11-02,14,GTA VI,KR
2025-11-09,12,GTA VI,KR
2025-11-16,0,GTA VI,KR
2025-11-23,0,GTA VI,KR
2025-11-30,11,GTA VI,KR
2025-12-07,0,GTA VI,KR
2025-12-14,13,GTA VI,KR
2025-12-21,9,GTA VI,KR
2025-12-28,12,GTA VI,KR
2026-01-04,8,GTA VI,KR
2026-01-11,13,GTA VI,KR
2026-01-18,11,GTA VI,KR
2026-01-25,0,GTA VI,KR
2026-02-01,0,GTA VI,KR
2026-02-08,8,GTA VI,KR
2026-02-15,0,GTA VI,KR
2026-02-22,12,GTA VI,KR
2026-03-01,0,GTA VI,KR
2026-03-08,14,GTA VI,KR
2026-03-15,17,GTA VI,KR
2026-03-22,17,GTA VI,KR
2026-03-29,12,GTA VI,KR
2026-04-05,14,GTA VI,KR
2026-04-12,10,GTA VI,KR
2026-04-19,13,GTA VI,KR
2026-04-26,14,GTA VI,KR
2026-05-03,11,GTA VI,KR
2026-05-10,14,GTA VI,KR
2026-05-17,12,GTA VI,KR
2026-05-24,10,GTA VI,KR
2026-05-31,10,GTA VI,KR
2026-06-07,14,GTA VI,KR
2026-06-14,20,GTA VI,KR
2026-06-21,100,GTA VI,KR
2026-06-28,57,GTA VI,KR
2026-07-05,31,GTA VI,KR
2026-07-12,17,GTA VI,KR
2026-07-19,8,GTA VI,KR
2026-07-26,8,GTA VI,KR
2026-08-02,13,GTA VI,KR
2026-08-09,12,GTA VI,KR
2026-08-16,19,GTA VI,KR
2026-08-23,16,GTA VI,KR
2026-08-30,29,GTA VI,KR
2026-09-06,28,GTA VI,KR
2023-01-01,0,GTA VI,ID
2023-01-08,0,GTA VI,ID
2023-01-15,1,GTA VI,ID
2023-01-22,0,GTA VI,ID
2023-01-29,0,GTA VI,ID
2023-02-05,0,GTA VI,ID
2023-02-12,0,GTA VI,ID
2023-02-19,0,GTA VI,ID
2023-02-26,0,GTA VI,ID
2023-03-05,0,GTA VI,ID
2023-03-12,0,GTA VI,ID
2023-03-19,1,GTA VI,ID
2023-03-26,2,GTA VI,ID
2023-04-02,2,GTA VI,ID
2023-04-09,0,GTA VI,ID
2023-04-16,0,GTA VI,ID
2023-04-23,0,GTA VI,ID
2023-04-30,0,GTA VI,ID
2023-05-07,0,GTA VI,ID
2023-05-14,3,GTA VI,ID
2023-05-21,1,GTA VI,ID
2023-05-28,2,GTA VI,ID
2023-06-04,0,GTA VI,ID
2023-06-11,0,GTA VI,ID
2023-06-18,0,GTA VI,ID
2023-06-25,1,GTA VI,ID
2023-07-02,1,GTA VI,ID
2023-07-09,0,GTA VI,ID
2023-07-16,0,GTA VI,ID
2023-07-23,0,GTA VI,ID
2023-07-30,0,GTA VI,ID
2023-08-06,0,GTA VI,ID
2023-08-13,0,GTA VI,ID
2023-08-20,0,GTA VI,ID
2023-08-27,0,GTA VI,ID
2023-09-03,0,GTA VI,ID
2023-09-10,0,GTA VI,ID
2023-09-17,0,GTA VI,ID
2023-09-24,0,GTA VI,ID
2023-10-01,0,GTA VI,ID
2023-10-08,0,GTA VI,ID
2023-10-15,1,GTA VI,ID
2023-10-22,4,GTA VI,ID
2023-10-29,0,GTA VI,ID
2023-11-05,18,GTA VI,ID
2023-11-12,3,GTA VI,ID
2023-11-19,2,GTA VI,ID
2023-11-26,4,GTA VI,ID
2023-12-03,28,GTA VI,ID
2023-12-10,7,GTA VI,ID
2023-12-17,5,GTA VI,ID
2023-12-24,3,GTA VI,ID
2023-12-31,0,GTA VI,ID
2024-01-07,2,GTA VI,ID
2024-01-14,1,GTA VI,ID
2024-01-21,1,GTA VI,ID
2024-01-28,0,GTA VI,ID
2024-02-04,2,GTA VI,ID
2024-02-11,0,GTA VI,ID
2024-02-18,0,GTA VI,ID
2024-02-25,3,GTA VI,ID
2024-03-03,0,GTA VI,ID
2024-03-10,2,GTA VI,ID
2024-03-17,0,GTA VI,ID
2024-03-24,2,GTA VI,ID
2024-03-31,2,GTA VI,ID
2024-04-07,2,GTA VI,ID
2024-04-14,2,GTA VI,ID
2024-04-21,0,GTA VI,ID
2024-04-28,2,GTA VI,ID
2024-05-05,2,GTA VI,ID
2024-05-12,0,GTA VI,ID
2024-05-19,2,GTA VI,ID
2024-05-26,2,GTA VI,ID
2024-06-02,2,GTA VI,ID
2024-06-09,2,GTA VI,ID
2024-06-16,2,GTA VI,ID
2024-06-23,0,GTA VI,ID
2024-06-30,2,GTA VI,ID
2024-07-07,3,GTA VI,ID
2024-07-14,2,GTA VI,ID
2024-07-21,2,GTA VI,ID
2024-07-28,2,GTA VI,ID
2024-08-04,1,GTA VI,ID
2024-08-11,0,GTA VI,ID
2024-08-18,0,GTA VI,ID
2024-08-25,1,GTA VI,ID
2024-09-01,0,GTA VI,ID
2024-09-08,2,GTA VI,ID
2024-09-15,3,GTA VI,ID
2024-09-22,2,GTA VI,ID
2024-09-29,0,GTA VI,ID
2024-10-06,2,GTA VI,ID
2024-10-13,2,GTA VI,ID
2024-10-20,0,GTA VI,ID
2024-10-27,0,GTA VI,ID
2024-11-03,0,GTA VI,ID
2024-11-10,2,GTA VI,ID
2024-11-17,2,GTA VI,ID
2024-11-24,2,GTA VI,ID
2024-12-01,3,GTA VI,ID
2024-12-08,2,GTA VI,ID
2024-12-15,2,GTA VI,ID
2024-12-22,4,GTA VI,ID
2024-12-29,2,GTA VI,ID
2025-01-05,3,GTA VI,ID
2025-01-12,4,GTA VI,ID
2025-01-19,3,GTA VI,ID
2025-01-26,4,GTA VI,ID
2025-02-02,2,GTA VI,ID
2025-02-09,3,GTA VI,ID
2025-02-16,2,GTA VI,ID
2025-02-23,4,GTA VI,ID
2025-03-02,4,GTA VI,ID
2025-03-09,4,GTA VI,ID
2025-03-16,3,GTA VI,ID
2025-03-23,2,GTA VI,ID
2025-03-30,0,GTA VI,ID
2025-04-06,2,GTA VI,ID
2025-04-13,2,GTA VI,ID
2025-04-20,2,GTA VI,ID
2025-04-27,9,GTA VI,ID
2025-05-04,25,GTA VI,ID
2025-05-11,12,GTA VI,ID
2025-05-18,8,GTA VI,ID
2025-05-25,4,GTA VI,ID
2025-06-01,2,GTA VI,ID
2025-06-08,3,GTA VI,ID
2025-06-15,2,GTA VI,ID
2025-06-22,3,GTA VI,ID
2025-06-29,2,GTA VI,ID
2025-07-06,3,GTA VI,ID
2025-07-13,2,GTA VI,ID
2025-07-20,0,GTA VI,ID
2025-07-27,2,GTA VI,ID
2025-08-03,2,GTA VI,ID
2025-08-10,0,GTA VI,ID
2025-08-17,2,GTA VI,ID
2025-08-24,0,GTA VI,ID
2025-08-31,2,GTA VI,ID
2025-09-07,0,GTA VI,ID
2025-09-14,2,GTA VI,ID
2025-09-21,1,GTA VI,ID
2025-09-28,2,GTA VI,ID
2025-10-05,2,GTA VI,ID
2025-10-12,2,GTA VI,ID
2025-10-19,2,GTA VI,ID
2025-10-26,2,GTA VI,ID
2025-11-02,5,GTA VI,ID
2025-11-09,4,GTA VI,ID
2025-11-16,3,GTA VI,ID
2025-11-23,3,GTA VI,ID
2025-11-30,3,GTA VI,ID
2025-12-07,4,GTA VI,ID
2025-12-14,3,GTA VI,ID
2025-12-21,3,GTA VI,ID
2025-12-28,3,GTA VI,ID
2026-01-04,3,GTA VI,ID
2026-01-11,4,GTA VI,ID
2026-01-18,5,GTA VI,ID
2026-01-25,3,GTA VI,ID
2026-02-01,3,GTA VI,ID
2026-02-08,2,GTA VI,ID
2026-02-15,52,GTA VI,ID
2026-02-22,3,GTA VI,ID
2026-03-01,4,GTA VI,ID
2026-03-08,4,GTA VI,ID
2026-03-15,4,GTA VI,ID
2026-03-22,42,GTA VI,ID
2026-03-29,6,GTA VI,ID
2026-04-05,3,GTA VI,ID
2026-04-12,3,GTA VI,ID
2026-04-19,3,GTA VI,ID
2026-04-26,11,GTA VI,ID
2026-05-03,13,GTA VI,ID
2026-05-10,14,GTA VI,ID
2026-05-17,7,GTA VI,ID
2026-05-24,5,GTA VI,ID
2026-05-31,6,GTA VI,ID
2026-06-07,4,GTA VI,ID
2026-06-14,45,GTA VI,ID
2026-06-21,87,GTA VI,ID
2026-06-28,42,GTA VI,ID
2026-07-05,12,GTA VI,ID
2026-07-12,7,GTA VI,ID
2026-07-19,6,GTA VI,ID
2026-07-26,6,GTA VI,ID
2026-08-02,7,GTA VI,ID
2026-08-09,100,GTA VI,ID
2026-08-16,29,GTA VI,ID
2026-08-23,48,GTA VI,ID
2026-08-30,73,GTA VI,ID
2026-09-06,19,GTA VI,ID
2023-01-01,0,GTA VI,PH
2023-01-08,0,GTA VI,PH
2023-01-15,0,GTA VI,PH
2023-01-22,0,GTA VI,PH
2023-01-29,0,GTA VI,PH
2023-02-05,0,GTA VI,PH
2023-02-12,0,GTA VI,PH
2023-02-19,0,GTA VI,PH
2023-02-26,0,GTA VI,PH
2023-03-05,0,GTA VI,PH
2023-03-12,0,GTA VI,PH
2023-03-19,0,GTA VI,PH
2023-03-26,0,GTA VI,PH
2023-04-02,0,GTA VI,PH
2023-04-09,0,GTA VI,PH
2023-04-16,0,GTA VI,PH
2023-04-23,0,GTA VI,PH
2023-04-30,0,GTA VI,PH
2023-05-07,0,GTA VI,PH
2023-05-14,0,GTA VI,PH
2023-05-21,0,GTA VI,PH
2023-05-28,0,GTA VI,PH
2023-06-04,0,GTA VI,PH
2023-06-11,0,GTA VI,PH
2023-06-18,0,GTA VI,PH
2023-06-25,0,GTA VI,PH
2023-07-02,0,GTA VI,PH
2023-07-09,0,GTA VI,PH
2023-07-16,0,GTA VI,PH
2023-07-23,0,GTA VI,PH
2023-07-30,0,GTA VI,PH
2023-08-06,0,GTA VI,PH
2023-08-13,0,GTA VI,PH
2023-08-20,0,GTA VI,PH
2023-08-27,4,GTA VI,PH
2023-09-03,0,GTA VI,PH
2023-09-10,0,GTA VI,PH
2023-09-17,0,GTA VI,PH
2023-09-24,3,GTA VI,PH
2023-10-01,4,GTA VI,PH
2023-10-08,0,GTA VI,PH
2023-10-15,0,GTA VI,PH
2023-10-22,4,GTA VI,PH
2023-10-29,0,GTA VI,PH
2023-11-05,4,GTA VI,PH
2023-11-12,3,GTA VI,PH
2023-11-19,4,GTA VI,PH
2023-11-26,5,GTA VI,PH
2023-12-03,39,GTA VI,PH
2023-12-10,10,GTA VI,PH
2023-12-17,7,GTA VI,PH
2023-12-24,4,GTA VI,PH
2023-12-31,0,GTA VI,PH
2024-01-07,3,GTA VI,PH
2024-01-14,0,GTA VI,PH
2024-01-21,0,GTA VI,PH
2024-01-28,0,GTA VI,PH
2024-02-04,4,GTA VI,PH
2024-02-11,0,GTA VI,PH
2024-02-18,0,GTA VI,PH
2024-02-25,4,GTA VI,PH
2024-03-03,4,GTA VI,PH
2024-03-10,0,GTA VI,PH
2024-03-17,0,GTA VI,PH
2024-03-24,0,GTA VI,PH
2024-03-31,0,GTA VI,PH
2024-04-07,0,GTA VI,PH
2024-04-14,0,GTA VI,PH
2024-04-21,0,GTA VI,PH
2024-04-28,0,GTA VI,PH
2024-05-05,0,GTA VI,PH
2024-05-12,0,GTA VI,PH
2024-05-19,0,GTA VI,PH
2024-05-26,0,GTA VI,PH
2024-06-02,0,GTA VI,PH
2024-06-09,0,GTA VI,PH
2024-06-16,0,GTA VI,PH
2024-06-23,0,GTA VI,PH
2024-06-30,0,GTA VI,PH
2024-07-07,0,GTA VI,PH
2024-07-14,0,GTA VI,PH
2024-07-21,4,GTA VI,PH
2024-07-28,0,GTA VI,PH
2024-08-04,0,GTA VI,PH
2024-08-11,4,GTA VI,PH
2024-08-18,0,GTA VI,PH
2024-08-25,0,GTA VI,PH
2024-09-01,0,GTA VI,PH
2024-09-08,0,GTA VI,PH
2024-09-15,0,GTA VI,PH
2024-09-22,0,GTA VI,PH
2024-09-29,0,GTA VI,PH
2024-10-06,0,GTA VI,PH
2024-10-13,0,GTA VI,PH
2024-10-20,0,GTA VI,PH
2024-10-27,0,GTA VI,PH
2024-11-03,0,GTA VI,PH
2024-11-10,0,GTA VI,PH
2024-11-17,4,GTA VI,PH
2024-11-24,0,GTA VI,PH
2024-12-01,4,GTA VI,PH
2024-12-08,0,GTA VI,PH
2024-12-15,0,GTA VI,PH
2024-12-22,6,GTA VI,PH
2024-12-29,0,GTA VI,PH
2025-01-05,3,GTA VI,PH
2025-01-12,4,GTA VI,PH
2025-01-19,6,GTA VI,PH
2025-01-26,4,GTA VI,PH
2025-02-02,0,GTA VI,PH
2025-02-09,0,GTA VI,PH
2025-02-16,0,GTA VI,PH
2025-02-23,6,GTA VI,PH
2025-03-02,0,GTA VI,PH
2025-03-09,0,GTA VI,PH
2025-03-16,0,GTA VI,PH
2025-03-23,0,GTA VI,PH
2025-03-30,0,GTA VI,PH
2025-04-06,0,GTA VI,PH
2025-04-13,0,GTA VI,PH
2025-04-20,0,GTA VI,PH
2025-04-27,6,GTA VI,PH
2025-05-04,30,GTA VI,PH
2025-05-11,16,GTA VI,PH
2025-05-18,8,GTA VI,PH
2025-05-25,6,GTA VI,PH
2025-06-01,5,GTA VI,PH
2025-06-08,4,GTA VI,PH
2025-06-15,4,GTA VI,PH
2025-06-22,6,GTA VI,PH
2025-06-29,0,GTA VI,PH
2025-07-06,0,GTA VI,PH
2025-07-13,0,GTA VI,PH
2025-07-20,0,GTA VI,PH
2025-07-27,0,GTA VI,PH
2025-08-03,3,GTA VI,PH
2025-08-10,4,GTA VI,PH
2025-08-17,0,GTA VI,PH
2025-08-24,0,GTA VI,PH
2025-08-31,0,GTA VI,PH
2025-09-07,0,GTA VI,PH
2025-09-14,0,GTA VI,PH
2025-09-21,0,GTA VI,PH
2025-09-28,0,GTA VI,PH
2025-10-05,0,GTA VI,PH
2025-10-12,3,GTA VI,PH
2025-10-19,0,GTA VI,PH
2025-10-26,3,GTA VI,PH
2025-11-02,10,GTA VI,PH
2025-11-09,4,GTA VI,PH
2025-11-16,4,GTA VI,PH
2025-11-23,4,GTA VI,PH
2025-11-30,3,GTA VI,PH
2025-12-07,3,GTA VI,PH
2025-12-14,6,GTA VI,PH
2025-12-21,5,GTA VI,PH
2025-12-28,10,GTA VI,PH
2026-01-04,9,GTA VI,PH
2026-01-11,5,GTA VI,PH
2026-01-18,5,GTA VI,PH
2026-01-25,7,GTA VI,PH
2026-02-01,3,GTA VI,PH
2026-02-08,4,GTA VI,PH
2026-02-15,6,GTA VI,PH
2026-02-22,7,GTA VI,PH
2026-03-01,0,GTA VI,PH
2026-03-08,4,GTA VI,PH
2026-03-15,7,GTA VI,PH
2026-03-22,7,GTA VI,PH
2026-03-29,5,GTA VI,PH
2026-04-05,6,GTA VI,PH
2026-04-12,4,GTA VI,PH
2026-04-19,8,GTA VI,PH
2026-04-26,9,GTA VI,PH
2026-05-03,6,GTA VI,PH
2026-05-10,8,GTA VI,PH
2026-05-17,7,GTA VI,PH
2026-05-24,8,GTA VI,PH
2026-05-31,7,GTA VI,PH
2026-06-07,7,GTA VI,PH
2026-06-14,23,GTA VI,PH
2026-06-21,100,GTA VI,PH
2026-06-28,31,GTA VI,PH
2026-07-05,16,GTA VI,PH
2026-07-12,7,GTA VI,PH
2026-07-19,7,GTA VI,PH
2026-07-26,5,GTA VI,PH
2026-08-02,9,GTA VI,PH
2026-08-09,6,GTA VI,PH
2026-08-16,20,GTA VI,PH
2026-08-23,56,GTA VI,PH
2026-08-30,40,GTA VI,PH
2026-09-06,22,GTA VI,PH
2023-01-01,0,GTA VI,IT
2023-01-08,0,GTA VI,IT
2023-01-15,1,GTA VI,IT
2023-01-22,0,GTA VI,IT
2023-01-29,0,GTA VI,IT
2023-02-05,0,GTA VI,IT
2023-02-12,0,GTA VI,IT
2023-02-19,0,GTA VI,IT
2023-02-26,0,GTA VI,IT
2023-03-05,1,GTA VI,IT
2023-03-12,0,GTA VI,IT
2023-03-19,1,GTA VI,IT
2023-03-26,2,GTA VI,IT
2023-04-02,1,GTA VI,IT
2023-04-09,0,GTA VI,IT
2023-04-16,1,GTA VI,IT
2023-04-23,1,GTA VI,IT
2023-04-30,1,GTA VI,IT
2023-05-07,1,GTA VI,IT
2023-05-14,1,GTA VI,IT
2023-05-21,1,GTA VI,IT
2023-05-28,0,GTA VI,IT
2023-06-04,1,GTA VI,IT
2023-06-11,1,GTA VI,IT
2023-06-18,1,GTA VI,IT
2023-06-25,0,GTA VI,IT
2023-07-02,1,GTA VI,IT
2023-07-09,0,GTA VI,IT
2023-07-16,1,GTA VI,IT
2023-07-23,0,GTA VI,IT
2023-07-30,1,GTA VI,IT
2023-08-06,0,GTA VI,IT
2023-08-13,2,GTA VI,IT
2023-08-20,1,GTA VI,IT
2023-08-27,1,GTA VI,IT
2023-09-03,2,GTA VI,IT
2023-09-10,1,GTA VI,IT
2023-09-17,2,GTA VI,IT
2023-09-24,1,GTA VI,IT
2023-10-01,2,GTA VI,IT
2023-10-08,2,GTA VI,IT
2023-10-15,2,GTA VI,IT
2023-10-22,9,GTA VI,IT
2023-10-29,2,GTA VI,IT
2023-11-05,6,GTA VI,IT
2023-11-12,3,GTA VI,IT
2023-11-19,2,GTA VI,IT
2023-11-26,4,GTA VI,IT
2023-12-03,32,GTA VI,IT
2023-12-10,5,GTA VI,IT
2023-12-17,3,GTA VI,IT
2023-12-24,3,GTA VI,IT
2023-12-31,2,GTA VI,IT
2024-01-07,2,GTA VI,IT
2024-01-14,2,GTA VI,IT
2024-01-21,1,GTA VI,IT
2024-01-28,0,GTA VI,IT
2024-02-04,1,GTA VI,IT
2024-02-11,1,GTA VI,IT
2024-02-18,1,GTA VI,IT
2024-02-25,1,GTA VI,IT
2024-03-03,0,GTA VI,IT
2024-03-10,1,GTA VI,IT
2024-03-17,2,GTA VI,IT
2024-03-24,1,GTA VI,IT
2024-03-31,1,GTA VI,IT
2024-04-07,0,GTA VI,IT
2024-04-14,0,GTA VI,IT
2024-04-21,0,GTA VI,IT
2024-04-28,1,GTA VI,IT
2024-05-05,1,GTA VI,IT
2024-05-12,2,GTA VI,IT
2024-05-19,1,GTA VI,IT
2024-05-26,1,GTA VI,IT
2024-06-02,1,GTA VI,IT
2024-06-09,2,GTA VI,IT
2024-06-16,1,GTA VI,IT
2024-06-23,1,GTA VI,IT
2024-06-30,2,GTA VI,IT
2024-07-07,2,GTA VI,IT
2024-07-14,0,GTA VI,IT
2024-07-21,2,GTA VI,IT
2024-07-28,2,GTA VI,IT
2024-08-04,1,GTA VI,IT
2024-08-11,0,GTA VI,IT
2024-08-18,2,GTA VI,IT
2024-08-25,2,GTA VI,IT
2024-09-01,2,GTA VI,IT
2024-09-08,3,GTA VI,IT
2024-09-15,1,GTA VI,IT
2024-09-22,1,GTA VI,IT
2024-09-29,1,GTA VI,IT
2024-10-06,2,GTA VI,IT
2024-10-13,1,GTA VI,IT
2024-10-20,1,GTA VI,IT
2024-10-27,1,GTA VI,IT
2024-11-03,3,GTA VI,IT
2024-11-10,2,GTA VI,IT
2024-11-17,5,GTA VI,IT
2024-11-24,2,GTA VI,IT
2024-12-01,2,GTA VI,IT
2024-12-08,3,GTA VI,IT
2024-12-15,2,GTA VI,IT
2024-12-22,5,GTA VI,IT
2024-12-29,5,GTA VI,IT
2025-01-05,4,GTA VI,IT
2025-01-12,4,GTA VI,IT
2025-01-19,5,GTA VI,IT
2025-01-26,4,GTA VI,IT
2025-02-02,5,GTA VI,IT
2025-02-09,4,GTA VI,IT
2025-02-16,4,GTA VI,IT
2025-02-23,3,GTA VI,IT
2025-03-02,5,GTA VI,IT
2025-03-09,3,GTA VI,IT
2025-03-16,2,GTA VI,IT
2025-03-23,3,GTA VI,IT
2025-03-30,5,GTA VI,IT
2025-04-06,3,GTA VI,IT
2025-04-13,3,GTA VI,IT
2025-04-20,3,GTA VI,IT
2025-04-27,7,GTA VI,IT
2025-05-04,19,GTA VI,IT
2025-05-11,8,GTA VI,IT
2025-05-18,4,GTA VI,IT
2025-05-25,2,GTA VI,IT
2025-06-01,2,GTA VI,IT
2025-06-08,2,GTA VI,IT
2025-06-15,2,GTA VI,IT
2025-06-22,2,GTA VI,IT
2025-06-29,2,GTA VI,IT
2025-07-06,1,GTA VI,IT
2025-07-13,2,GTA VI,IT
2025-07-20,2,GTA VI,IT
2025-07-27,3,GTA VI,IT
2025-08-03,3,GTA VI,IT
2025-08-10,3,GTA VI,IT
2025-08-17,1,GTA VI,IT
2025-08-24,3,GTA VI,IT
2025-08-31,3,GTA VI,IT
2025-09-07,1,GTA VI,IT
2025-09-14,2,GTA VI,IT
2025-09-21,2,GTA VI,IT
2025-09-28,2,GTA VI,IT
2025-10-05,2,GTA VI,IT
2025-10-12,3,GTA VI,IT
2025-10-19,3,GTA VI,IT
2025-10-26,2,GTA VI,IT
2025-11-02,9,GTA VI,IT
2025-11-09,4,GTA VI,IT
2025-11-16,4,GTA VI,IT
2025-11-23,2,GTA VI,IT
2025-11-30,2,GTA VI,IT
2025-12-07,3,GTA VI,IT
2025-12-14,2,GTA VI,IT
2025-12-21,3,GTA VI,IT
2025-12-28,4,GTA VI,IT
2026-01-04,5,GTA VI,IT
2026-01-11,4,GTA VI,IT
2026-01-18,4,GTA VI,IT
2026-01-25,4,GTA VI,IT
2026-02-01,4,GTA VI,IT
2026-02-08,4,GTA VI,IT
2026-02-15,3,GTA VI,IT
2026-02-22,2,GTA VI,IT
2026-03-01,4,GTA VI,IT
2026-03-08,4,GTA VI,IT
2026-03-15,4,GTA VI,IT
2026-03-22,5,GTA VI,IT
2026-03-29,5,GTA VI,IT
2026-04-05,4,GTA VI,IT
2026-04-12,4,GTA VI,IT
2026-04-19,5,GTA VI,IT
2026-04-26,8,GTA VI,IT
2026-05-03,10,GTA VI,IT
2026-05-10,12,GTA VI,IT
2026-05-17,13,GTA VI,IT
2026-05-24,5,GTA VI,IT
2026-05-31,4,GTA VI,IT
2026-06-07,5,GTA VI,IT
2026-06-14,28,GTA VI,IT
2026-06-21,100,GTA VI,IT
2026-06-28,39,GTA VI,IT
2026-07-05,12,GTA VI,IT
2026-07-12,8,GTA VI,IT
2026-07-19,7,GTA VI,IT
2026-07-26,6,GTA VI,IT
2026-08-02,9,GTA VI,IT
2026-08-09,7,GTA VI,IT
2026-08-16,37,GTA VI,IT
2026-08-23,68,GTA VI,IT
2026-08-30,43,GTA VI,IT
2026-09-06,27,GTA VI,IT
2023-01-01,1,GTA VI,ES
2023-01-08,1,GTA VI,ES
2023-01-15,0,GTA VI,ES
2023-01-22,1,GTA VI,ES
2023-01-29,1,GTA VI,ES
2023-02-05,2,GTA VI,ES
2023-02-12,1,GTA VI,ES
2023-02-19,5,GTA VI,ES
2023-02-26,1,GTA VI,ES
2023-03-05,1,GTA VI,ES
2023-03-12,1,GTA VI,ES
2023-03-19,1,GTA VI,ES
2023-03-26,1,GTA VI,ES
2023-04-02,1,GTA VI,ES
2023-04-09,1,GTA VI,ES
2023-04-16,1,GTA VI,ES
2023-04-23,1,GTA VI,ES
2023-04-30,1,GTA VI,ES
2023-05-07,3,GTA VI,ES
2023-05-14,2,GTA VI,ES
2023-05-21,2,GTA VI,ES
2023-05-28,1,GTA VI,ES
2023-06-04,1,GTA VI,ES
2023-06-11,1,GTA VI,ES
2023-06-18,1,GTA VI,ES
2023-06-25,1,GTA VI,ES
2023-07-02,1,GTA VI,ES
2023-07-09,1,GTA VI,ES
2023-07-16,1,GTA VI,ES
2023-07-23,1,GTA VI,ES
2023-07-30,1,GTA VI,ES
2023-08-06,5,GTA VI,ES
2023-08-13,2,GTA VI,ES
2023-08-20,2,GTA VI,ES
2023-08-27,1,GTA VI,ES
2023-09-03,2,GTA VI,ES
2023-09-10,2,GTA VI,ES
2023-09-17,3,GTA VI,ES
2023-09-24,2,GTA VI,ES
2023-10-01,3,GTA VI,ES
2023-10-08,2,GTA VI,ES
2023-10-15,4,GTA VI,ES
2023-10-22,10,GTA VI,ES
2023-10-29,3,GTA VI,ES
2023-11-05,11,GTA VI,ES
2023-11-12,5,GTA VI,ES
2023-11-19,4,GTA VI,ES
2023-11-26,8,GTA VI,ES
2023-12-03,59,GTA VI,ES
2023-12-10,8,GTA VI,ES
2023-12-17,5,GTA VI,ES
2023-12-24,4,GTA VI,ES
2023-12-31,2,GTA VI,ES
2024-01-07,2,GTA VI,ES
2024-01-14,1,GTA VI,ES
2024-01-21,1,GTA VI,ES
2024-01-28,1,GTA VI,ES
2024-02-04,1,GTA VI,ES
2024-02-11,1,GTA VI,ES
2024-02-18,1,GTA VI,ES
2024-02-25,1,GTA VI,ES
2024-03-03,2,GTA VI,ES
2024-03-10,1,GTA VI,ES
2024-03-17,2,GTA VI,ES
2024-03-24,2,GTA VI,ES
2024-03-31,1,GTA VI,ES
2024-04-07,1,GTA VI,ES
2024-04-14,2,GTA VI,ES
2024-04-21,2,GTA VI,ES
2024-04-28,1,GTA VI,ES
2024-05-05,2,GTA VI,ES
2024-05-12,3,GTA VI,ES
2024-05-19,2,GTA VI,ES
2024-05-26,1,GTA VI,ES
2024-06-02,2,GTA VI,ES
2024-06-09,2,GTA VI,ES
2024-06-16,1,GTA VI,ES
2024-06-23,2,GTA VI,ES
2024-06-30,1,GTA VI,ES
2024-07-07,1,GTA VI,ES
2024-07-14,2,GTA VI,ES
2024-07-21,2,GTA VI,ES
2024-07-28,2,GTA VI,ES
2024-08-04,1,GTA VI,ES
2024-08-11,2,GTA VI,ES
2024-08-18,2,GTA VI,ES
2024-08-25,1,GTA VI,ES
2024-09-01,2,GTA VI,ES
2024-09-08,3,GTA VI,ES
2024-09-15,2,GTA VI,ES
2024-09-22,2,GTA VI,ES
2024-09-29,1,GTA VI,ES
2024-10-06,2,GTA VI,ES
2024-10-13,2,GTA VI,ES
2024-10-20,2,GTA VI,ES
2024-10-27,1,GTA VI,ES
2024-11-03,1,GTA VI,ES
2024-11-10,3,GTA VI,ES
2024-11-17,3,GTA VI,ES
2024-11-24,3,GTA VI,ES
2024-12-01,6,GTA VI,ES
2024-12-08,4,GTA VI,ES
2024-12-15,2,GTA VI,ES
2024-12-22,5,GTA VI,ES
2024-12-29,5,GTA VI,ES
2025-01-05,4,GTA VI,ES
2025-01-12,3,GTA VI,ES
2025-01-19,3,GTA VI,ES
2025-01-26,3,GTA VI,ES
2025-02-02,4,GTA VI,ES
2025-02-09,4,GTA VI,ES
2025-02-16,3,GTA VI,ES
2025-02-23,4,GTA VI,ES
2025-03-02,3,GTA VI,ES
2025-03-09,2,GTA VI,ES
2025-03-16,3,GTA VI,ES
2025-03-23,4,GTA VI,ES
2025-03-30,4,GTA VI,ES
2025-04-06,3,GTA VI,ES
2025-04-13,3,GTA VI,ES
2025-04-20,3,GTA VI,ES
2025-04-27,9,GTA VI,ES
2025-05-04,31,GTA VI,ES
2025-05-11,14,GTA VI,ES
2025-05-18,6,GTA VI,ES
2025-05-25,4,GTA VI,ES
2025-06-01,3,GTA VI,ES
2025-06-08,3,GTA VI,ES
2025-06-15,2,GTA VI,ES
2025-06-22,3,GTA VI,ES
2025-06-29,2,GTA VI,ES
2025-07-06,2,GTA VI,ES
2025-07-13,2,GTA VI,ES
2025-07-20,2,GTA VI,ES
2025-07-27,3,GTA VI,ES
2025-08-03,3,GTA VI,ES
2025-08-10,3,GTA VI,ES
2025-08-17,3,GTA VI,ES
2025-08-24,3,GTA VI,ES
2025-08-31,3,GTA VI,ES
2025-09-07,2,GTA VI,ES
2025-09-14,4,GTA VI,ES
2025-09-21,3,GTA VI,ES
2025-09-28,3,GTA VI,ES
2025-10-05,3,GTA VI,ES
2025-10-12,3,GTA VI,ES
2025-10-19,3,GTA VI,ES
2025-10-26,3,GTA VI,ES
2025-11-02,10,GTA VI,ES
2025-11-09,5,GTA VI,ES
2025-11-16,3,GTA VI,ES
2025-11-23,3,GTA VI,ES
2025-11-30,5,GTA VI,ES
2025-12-07,2,GTA VI,ES
2025-12-14,2,GTA VI,ES
2025-12-21,4,GTA VI,ES
2025-12-28,4,GTA VI,ES
2026-01-04,18,GTA VI,ES
2026-01-11,3,GTA VI,ES
2026-01-18,6,GTA VI,ES
2026-01-25,6,GTA VI,ES
2026-02-01,12,GTA VI,ES
2026-02-08,3,GTA VI,ES
2026-02-15,3,GTA VI,ES
2026-02-22,7,GTA VI,ES
2026-03-01,10,GTA VI,ES
2026-03-08,4,GTA VI,ES
2026-03-15,5,GTA VI,ES
2026-03-22,6,GTA VI,ES
2026-03-29,6,GTA VI,ES
2026-04-05,5,GTA VI,ES
2026-04-12,5,GTA VI,ES
2026-04-19,5,GTA VI,ES
2026-04-26,11,GTA VI,ES
2026-05-03,9,GTA VI,ES
2026-05-10,18,GTA VI,ES
2026-05-17,24,GTA VI,ES
2026-05-24,10,GTA VI,ES
2026-05-31,6,GTA VI,ES
2026-06-07,4,GTA VI,ES
2026-06-14,26,GTA VI,ES
2026-06-21,100,GTA VI,ES
2026-06-28,31,GTA VI,ES
2026-07-05,11,GTA VI,ES
2026-07-12,7,GTA VI,ES
2026-07-19,7,GTA VI,ES
2026-07-26,7,GTA VI,ES
2026-08-02,14,GTA VI,ES
2026-08-09,12,GTA VI,ES
2026-08-16,52,GTA VI,ES
2026-08-23,77,GTA VI,ES
2026-08-30,40,GTA VI,ES
2026-09-06,23,GTA VI,ES
2023-01-01,0,GTA VI,NL
2023-01-08,0,GTA VI,NL
2023-01-15,0,GTA VI,NL
2023-01-22,0,GTA VI,NL
2023-01-29,0,GTA VI,NL
2023-02-05,0,GTA VI,NL
2023-02-12,0,GTA VI,NL
2023-02-19,0,GTA VI,NL
2023-02-26,0,GTA VI,NL
2023-03-05,0,GTA VI,NL
2023-03-12,0,GTA VI,NL
2023-03-19,0,GTA VI,NL
2023-03-26,0,GTA VI,NL
2023-04-02,0,GTA VI,NL
2023-04-09,0,GTA VI,NL
2023-04-16,0,GTA VI,NL
2023-04-23,0,GTA VI,NL
2023-04-30,0,GTA VI,NL
2023-05-07,0,GTA VI,NL
2023-05-14,0,GTA VI,NL
2023-05-21,0,GTA VI,NL
2023-05-28,0,GTA VI,NL
2023-06-04,1,GTA VI,NL
2023-06-11,0,GTA VI,NL
2023-06-18,0,GTA VI,NL
2023-06-25,1,GTA VI,NL
2023-07-02,0,GTA VI,NL
2023-07-09,0,GTA VI,NL
2023-07-16,1,GTA VI,NL
2023-07-23,0,GTA VI,NL
2023-07-30,0,GTA VI,NL
2023-08-06,0,GTA VI,NL
2023-08-13,1,GTA VI,NL
2023-08-20,0,GTA VI,NL
2023-08-27,1,GTA VI,NL
2023-09-03,1,GTA VI,NL
2023-09-10,1,GTA VI,NL
2023-09-17,0,GTA VI,NL
2023-09-24,1,GTA VI,NL
2023-10-01,0,GTA VI,NL
2023-10-08,0,GTA VI,NL
2023-10-15,1,GTA VI,NL
2023-10-22,3,GTA VI,NL
2023-10-29,0,GTA VI,NL
2023-11-05,2,GTA VI,NL
2023-11-12,2,GTA VI,NL
2023-11-19,1,GTA VI,NL
2023-11-26,1,GTA VI,NL
2023-12-03,18,GTA VI,NL
2023-12-10,3,GTA VI,NL
2023-12-17,1,GTA VI,NL
2023-12-24,1,GTA VI,NL
2023-12-31,0,GTA VI,NL
2024-01-07,1,GTA VI,NL
2024-01-14,0,GTA VI,NL
2024-01-21,0,GTA VI,NL
2024-01-28,1,GTA VI,NL
2024-02-04,0,GTA VI,NL
2024-02-11,0,GTA VI,NL
2024-02-18,0,GTA VI,NL
2024-02-25,1,GTA VI,NL
2024-03-03,0,GTA VI,NL
2024-03-10,0,GTA VI,NL
2024-03-17,1,GTA VI,NL
2024-03-24,1,GTA VI,NL
2024-03-31,0,GTA VI,NL
2024-04-07,0,GTA VI,NL
2024-04-14,0,GTA VI,NL
2024-04-21,1,GTA VI,NL
2024-04-28,0,GTA VI,NL
2024-05-05,0,GTA VI,NL
2024-05-12,1,GTA VI,NL
2024-05-19,0,GTA VI,NL
2024-05-26,0,GTA VI,NL
2024-06-02,0,GTA VI,NL
2024-06-09,0,GTA VI,NL
2024-06-16,0,GTA VI,NL
2024-06-23,0,GTA VI,NL
2024-06-30,0,GTA VI,NL
2024-07-07,0,GTA VI,NL
2024-07-14,1,GTA VI,NL
2024-07-21,0,GTA VI,NL
2024-07-28,0,GTA VI,NL
2024-08-04,0,GTA VI,NL
2024-08-11,0,GTA VI,NL
2024-08-18,0,GTA VI,NL
2024-08-25,0,GTA VI,NL
2024-09-01,0,GTA VI,NL
2024-09-08,1,GTA VI,NL
2024-09-15,0,GTA VI,NL
2024-09-22,0,GTA VI,NL
2024-09-29,0,GTA VI,NL
2024-10-06,0,GTA VI,NL
2024-10-13,0,GTA VI,NL
2024-10-20,0,GTA VI,NL
2024-10-27,0,GTA VI,NL
2024-11-03,0,GTA VI,NL
2024-11-10,1,GTA VI,NL
2024-11-17,0,GTA VI,NL
2024-11-24,1,GTA VI,NL
2024-12-01,1,GTA VI,NL
2024-12-08,2,GTA VI,NL
2024-12-15,1,GTA VI,NL
2024-12-22,1,GTA VI,NL
2024-12-29,2,GTA VI,NL
2025-01-05,1,GTA VI,NL
2025-01-12,1,GTA VI,NL
2025-01-19,1,GTA VI,NL
2025-01-26,2,GTA VI,NL
2025-02-02,1,GTA VI,NL
2025-02-09,1,GTA VI,NL
2025-02-16,0,GTA VI,NL
2025-02-23,1,GTA VI,NL
2025-03-02,0,GTA VI,NL
2025-03-09,1,GTA VI,NL
2025-03-16,1,GTA VI,NL
2025-03-23,2,GTA VI,NL
2025-03-30,0,GTA VI,NL
2025-04-06,0,GTA VI,NL
2025-04-13,1,GTA VI,NL
2025-04-20,0,GTA VI,NL
2025-04-27,3,GTA VI,NL
2025-05-04,13,GTA VI,NL
2025-05-11,4,GTA VI,NL
2025-05-18,1,GTA VI,NL
2025-05-25,1,GTA VI,NL
2025-06-01,1,GTA VI,NL
2025-06-08,0,GTA VI,NL
2025-06-15,0,GTA VI,NL
2025-06-22,0,GTA VI,NL
2025-06-29,0,GTA VI,NL
2025-07-06,0,GTA VI,NL
2025-07-13,0,GTA VI,NL
2025-07-20,0,GTA VI,NL
2025-07-27,0,GTA VI,NL
2025-08-03,0,GTA VI,NL
2025-08-10,0,GTA VI,NL
2025-08-17,0,GTA VI,NL
2025-08-24,0,GTA VI,NL
2025-08-31,0,GTA VI,NL
2025-09-07,1,GTA VI,NL
2025-09-14,1,GTA VI,NL
2025-09-21,0,GTA VI,NL
2025-09-28,0,GTA VI,NL
2025-10-05,0,GTA VI,NL
2025-10-12,0,GTA VI,NL
2025-10-19,1,GTA VI,NL
2025-10-26,1,GTA VI,NL
2025-11-02,7,GTA VI,NL
2025-11-09,2,GTA VI,NL
2025-11-16,1,GTA VI,NL
2025-11-23,1,GTA VI,NL
2025-11-30,1,GTA VI,NL
2025-12-07,1,GTA VI,NL
2025-12-14,0,GTA VI,NL
2025-12-21,1,GTA VI,NL
2025-12-28,1,GTA VI,NL
2026-01-04,1,GTA VI,NL
2026-01-11,1,GTA VI,NL
2026-01-18,2,GTA VI,NL
2026-01-25,1,GTA VI,NL
2026-02-01,2,GTA VI,NL
2026-02-08,2,GTA VI,NL
2026-02-15,1,GTA VI,NL
2026-02-22,2,GTA VI,NL
2026-03-01,2,GTA VI,NL
2026-03-08,2,GTA VI,NL
2026-03-15,3,GTA VI,NL
2026-03-22,2,GTA VI,NL
2026-03-29,3,GTA VI,NL
2026-04-05,3,GTA VI,NL
2026-04-12,3,GTA VI,NL
2026-04-19,2,GTA VI,NL
2026-04-26,3,GTA VI,NL
2026-05-03,2,GTA VI,NL
2026-05-10,5,GTA VI,NL
2026-05-17,6,GTA VI,NL
2026-05-24,4,GTA VI,NL
2026-05-31,5,GTA VI,NL
2026-06-07,7,GTA VI,NL
2026-06-14,19,GTA VI,NL
2026-06-21,100,GTA VI,NL
2026-06-28,55,GTA VI,NL
2026-07-05,24,GTA VI,NL
2026-07-12,9,GTA VI,NL
2026-07-19,7,GTA VI,NL
2026-07-26,7,GTA VI,NL
2026-08-02,11,GTA VI,NL
2026-08-09,17,GTA VI,NL
2026-08-16,23,GTA VI,NL
2026-08-23,43,GTA VI,NL
2026-08-30,19,GTA VI,NL
2026-09-06,18,GTA VI,NL
2023-01-01,1,GTA VI,PL
2023-01-08,1,GTA VI,PL
2023-01-15,2,GTA VI,PL
2023-01-22,1,GTA VI,PL
2023-01-29,1,GTA VI,PL
2023-02-05,1,GTA VI,PL
2023-02-12,1,GTA VI,PL
2023-02-19,1,GTA VI,PL
2023-02-26,1,GTA VI,PL
2023-03-05,1,GTA VI,PL
2023-03-12,2,GTA VI,PL
2023-03-19,2,GTA VI,PL
2023-03-26,3,GTA VI,PL
2023-04-02,1,GTA VI,PL
2023-04-09,1,GTA VI,PL
2023-04-16,1,GTA VI,PL
2023-04-23,2,GTA VI,PL
2023-04-30,1,GTA VI,PL
2023-05-07,1,GTA VI,PL
2023-05-14,2,GTA VI,PL
2023-05-21,1,GTA VI,PL
2023-05-28,1,GTA VI,PL
2023-06-04,1,GTA VI,PL
2023-06-11,1,GTA VI,PL
2023-06-18,2,GTA VI,PL
2023-06-25,1,GTA VI,PL
2023-07-02,1,GTA VI,PL
2023-07-09,1,GTA VI,PL
2023-07-16,2,GTA VI,PL
2023-07-23,2,GTA VI,PL
2023-07-30,1,GTA VI,PL
2023-08-06,2,GTA VI,PL
2023-08-13,2,GTA VI,PL
2023-08-20,2,GTA VI,PL
2023-08-27,2,GTA VI,PL
2023-09-03,1,GTA VI,PL
2023-09-10,2,GTA VI,PL
2023-09-17,4,GTA VI,PL
2023-09-24,3,GTA VI,PL
2023-10-01,3,GTA VI,PL
2023-10-08,3,GTA VI,PL
2023-10-15,4,GTA VI,PL
2023-10-22,15,GTA VI,PL
2023-10-29,4,GTA VI,PL
2023-11-05,10,GTA VI,PL
2023-11-12,4,GTA VI,PL
2023-11-19,4,GTA VI,PL
2023-11-26,8,GTA VI,PL
2023-12-03,41,GTA VI,PL
2023-12-10,7,GTA VI,PL
2023-12-17,4,GTA VI,PL
2023-12-24,4,GTA VI,PL
2023-12-31,3,GTA VI,PL
2024-01-07,3,GTA VI,PL
2024-01-14,2,GTA VI,PL
2024-01-21,2,GTA VI,PL
2024-01-28,2,GTA VI,PL
2024-02-04,2,GTA VI,PL
2024-02-11,1,GTA VI,PL
2024-02-18,2,GTA VI,PL
2024-02-25,2,GTA VI,PL
2024-03-03,2,GTA VI,PL
2024-03-10,3,GTA VI,PL
2024-03-17,3,GTA VI,PL
2024-03-24,3,GTA VI,PL
2024-03-31,2,GTA VI,PL
2024-04-07,2,GTA VI,PL
2024-04-14,2,GTA VI,PL
2024-04-21,2,GTA VI,PL
2024-04-28,2,GTA VI,PL
2024-05-05,2,GTA VI,PL
2024-05-12,3,GTA VI,PL
2024-05-19,2,GTA VI,PL
2024-05-26,2,GTA VI,PL
2024-06-02,2,GTA VI,PL
2024-06-09,2,GTA VI,PL
2024-06-16,2,GTA VI,PL
2024-06-23,2,GTA VI,PL
2024-06-30,3,GTA VI,PL
2024-07-07,1,GTA VI,PL
2024-07-14,2,GTA VI,PL
2024-07-21,3,GTA VI,PL
2024-07-28,3,GTA VI,PL
2024-08-04,2,GTA VI,PL
2024-08-11,3,GTA VI,PL
2024-08-18,2,GTA VI,PL
2024-08-25,2,GTA VI,PL
2024-09-01,2,GTA VI,PL
2024-09-08,4,GTA VI,PL
2024-09-15,3,GTA VI,PL
2024-09-22,2,GTA VI,PL
2024-09-29,2,GTA VI,PL
2024-10-06,3,GTA VI,PL
2024-10-13,3,GTA VI,PL
2024-10-20,2,GTA VI,PL
2024-10-27,2,GTA VI,PL
2024-11-03,3,GTA VI,PL
2024-11-10,3,GTA VI,PL
2024-11-17,3,GTA VI,PL
2024-11-24,5,GTA VI,PL
2024-12-01,5,GTA VI,PL
2024-12-08,4,GTA VI,PL
2024-12-15,3,GTA VI,PL
2024-12-22,6,GTA VI,PL
2024-12-29,6,GTA VI,PL
2025-01-05,5,GTA VI,PL
2025-01-12,5,GTA VI,PL
2025-01-19,5,GTA VI,PL
2025-01-26,6,GTA VI,PL
2025-02-02,4,GTA VI,PL
2025-02-09,5,GTA VI,PL
2025-02-16,5,GTA VI,PL
2025-02-23,6,GTA VI,PL
2025-03-02,4,GTA VI,PL
2025-03-09,3,GTA VI,PL
2025-03-16,4,GTA VI,PL
2025-03-23,3,GTA VI,PL
2025-03-30,3,GTA VI,PL
2025-04-06,2,GTA VI,PL
2025-04-13,3,GTA VI,PL
2025-04-20,5,GTA VI,PL
2025-04-27,8,GTA VI,PL
2025-05-04,25,GTA VI,PL
2025-05-11,9,GTA VI,PL
2025-05-18,4,GTA VI,PL
2025-05-25,4,GTA VI,PL
2025-06-01,4,GTA VI,PL
2025-06-08,3,GTA VI,PL
2025-06-15,3,GTA VI,PL
2025-06-22,3,GTA VI,PL
2025-06-29,2,GTA VI,PL
2025-07-06,2,GTA VI,PL
2025-07-13,2,GTA VI,PL
2025-07-20,4,GTA VI,PL
2025-07-27,4,GTA VI,PL
2025-08-03,3,GTA VI,PL
2025-08-10,2,GTA VI,PL
2025-08-17,3,GTA VI,PL
2025-08-24,2,GTA VI,PL
2025-08-31,2,GTA VI,PL
2025-09-07,3,GTA VI,PL
2025-09-14,4,GTA VI,PL
2025-09-21,2,GTA VI,PL
2025-09-28,2,GTA VI,PL
2025-10-05,3,GTA VI,PL
2025-10-12,4,GTA VI,PL
2025-10-19,3,GTA VI,PL
2025-10-26,3,GTA VI,PL
2025-11-02,10,GTA VI,PL
2025-11-09,6,GTA VI,PL
2025-11-16,3,GTA VI,PL
2025-11-23,2,GTA VI,PL
2025-11-30,4,GTA VI,PL
2025-12-07,3,GTA VI,PL
2025-12-14,3,GTA VI,PL
2025-12-21,7,GTA VI,PL
2025-12-28,6,GTA VI,PL
2026-01-04,7,GTA VI,PL
2026-01-11,7,GTA VI,PL
2026-01-18,5,GTA VI,PL
2026-01-25,10,GTA VI,PL
2026-02-01,8,GTA VI,PL
2026-02-08,5,GTA VI,PL
2026-02-15,4,GTA VI,PL
2026-02-22,9,GTA VI,PL
2026-03-01,4,GTA VI,PL
2026-03-08,5,GTA VI,PL
2026-03-15,3,GTA VI,PL
2026-03-22,4,GTA VI,PL
2026-03-29,7,GTA VI,PL
2026-04-05,8,GTA VI,PL
2026-04-12,5,GTA VI,PL
2026-04-19,5,GTA VI,PL
2026-04-26,6,GTA VI,PL
2026-05-03,12,GTA VI,PL
2026-05-10,19,GTA VI,PL
2026-05-17,32,GTA VI,PL
2026-05-24,24,GTA VI,PL
2026-05-31,7,GTA VI,PL
2026-06-07,4,GTA VI,PL
2026-06-14,19,GTA VI,PL
2026-06-21,100,GTA VI,PL
2026-06-28,32,GTA VI,PL
2026-07-05,16,GTA VI,PL
2026-07-12,10,GTA VI,PL
2026-07-19,8,GTA VI,PL
2026-07-26,10,GTA VI,PL
2026-08-02,11,GTA VI,PL
2026-08-09,12,GTA VI,PL
2026-08-16,44,GTA VI,PL
2026-08-23,77,GTA VI,PL
2026-08-30,38,GTA VI,PL
2026-09-06,25,GTA VI,PL
2023-01-01,0,GTA VI,TR
2023-01-08,0,GTA VI,TR
2023-01-15,0,GTA VI,TR
2023-01-22,0,GTA VI,TR
2023-01-29,0,GTA VI,TR
2023-02-05,0,GTA VI,TR
2023-02-12,0,GTA VI,TR
2023-02-19,0,GTA VI,TR
2023-02-26,0,GTA VI,TR
2023-03-05,0,GTA VI,TR
2023-03-12,0,GTA VI,TR
2023-03-19,0,GTA VI,TR
2023-03-26,0,GTA VI,TR
2023-04-02,0,GTA VI,TR
2023-04-09,0,GTA VI,TR
2023-04-16,0,GTA VI,TR
2023-04-23,0,GTA VI,TR
2023-04-30,0,GTA VI,TR
2023-05-07,0,GTA VI,TR
2023-05-14,0,GTA VI,TR
2023-05-21,0,GTA VI,TR
2023-05-28,0,GTA VI,TR
2023-06-04,0,GTA VI,TR
2023-06-11,0,GTA VI,TR
2023-06-18,0,GTA VI,TR
2023-06-25,0,GTA VI,TR
2023-07-02,0,GTA VI,TR
2023-07-09,0,GTA VI,TR
2023-07-16,0,GTA VI,TR
2023-07-23,0,GTA VI,TR
2023-07-30,0,GTA VI,TR
2023-08-06,0,GTA VI,TR
2023-08-13,0,GTA VI,TR
2023-08-20,0,GTA VI,TR
2023-08-27,0,GTA VI,TR
2023-09-03,0,GTA VI,TR
2023-09-10,0,GTA VI,TR
2023-09-17,0,GTA VI,TR
2023-09-24,0,GTA VI,TR
2023-10-01,0,GTA VI,TR
2023-10-08,0,GTA VI,TR
2023-10-15,0,GTA VI,TR
2023-10-22,5,GTA VI,TR
2023-10-29,0,GTA VI,TR
2023-11-05,3,GTA VI,TR
2023-11-12,0,GTA VI,TR
2023-11-19,0,GTA VI,TR
2023-11-26,3,GTA VI,TR
2023-12-03,26,GTA VI,TR
2023-12-10,7,GTA VI,TR
2023-12-17,3,GTA VI,TR
2023-12-24,0,GTA VI,TR
2023-12-31,0,GTA VI,TR
2024-01-07,0,GTA VI,TR
2024-01-14,0,GTA VI,TR
2024-01-21,0,GTA VI,TR
2024-01-28,0,GTA VI,TR
2024-02-04,0,GTA VI,TR
2024-02-11,3,GTA VI,TR
2024-02-18,0,GTA VI,TR
2024-02-25,0,GTA VI,TR
2024-03-03,0,GTA VI,TR
2024-03-10,0,GTA VI,TR
2024-03-17,3,GTA VI,TR
2024-03-24,0,GTA VI,TR
2024-03-31,0,GTA VI,TR
2024-04-07,0,GTA VI,TR
2024-04-14,0,GTA VI,TR
2024-04-21,0,GTA VI,TR
2024-04-28,0,GTA VI,TR
2024-05-05,0,GTA VI,TR
2024-05-12,0,GTA VI,TR
2024-05-19,0,GTA VI,TR
2024-05-26,0,GTA VI,TR
2024-06-02,0,GTA VI,TR
2024-06-09,0,GTA VI,TR
2024-06-16,0,GTA VI,TR
2024-06-23,0,GTA VI,TR
2024-06-30,0,GTA VI,TR
2024-07-07,0,GTA VI,TR
2024-07-14,3,GTA VI,TR
2024-07-21,0,GTA VI,TR
2024-07-28,0,GTA VI,TR
2024-08-04,0,GTA VI,TR
2024-08-11,3,GTA VI,TR
2024-08-18,4,GTA VI,TR
2024-08-25,0,GTA VI,TR
2024-09-01,0,GTA VI,TR
2024-09-08,0,GTA VI,TR
2024-09-15,0,GTA VI,TR
2024-09-22,0,GTA VI,TR
2024-09-29,0,GTA VI,TR
2024-10-06,0,GTA VI,TR
2024-10-13,0,GTA VI,TR
2024-10-20,0,GTA VI,TR
2024-10-27,0,GTA VI,TR
2024-11-03,0,GTA VI,TR
2024-11-10,0,GTA VI,TR
2024-11-17,0,GTA VI,TR
2024-11-24,0,GTA VI,TR
2024-12-01,0,GTA VI,TR
2024-12-08,4,GTA VI,TR
2024-12-15,3,GTA VI,TR
2024-12-22,3,GTA VI,TR
2024-12-29,0,GTA VI,TR
2025-01-05,0,GTA VI,TR
2025-01-12,0,GTA VI,TR
2025-01-19,0,GTA VI,TR
2025-01-26,3,GTA VI,TR
2025-02-02,0,GTA VI,TR
2025-02-09,4,GTA VI,TR
2025-02-16,0,GTA VI,TR
2025-02-23,0,GTA VI,TR
2025-03-02,0,GTA VI,TR
2025-03-09,4,GTA VI,TR
2025-03-16,0,GTA VI,TR
2025-03-23,4,GTA VI,TR
2025-03-30,0,GTA VI,TR
2025-04-06,0,GTA VI,TR
2025-04-13,0,GTA VI,TR
2025-04-20,0,GTA VI,TR
2025-04-27,7,GTA VI,TR
2025-05-04,16,GTA VI,TR
2025-05-11,6,GTA VI,TR
2025-05-18,0,GTA VI,TR
2025-05-25,0,GTA VI,TR
2025-06-01,0,GTA VI,TR
2025-06-08,0,GTA VI,TR
2025-06-15,0,GTA VI,TR
2025-06-22,0,GTA VI,TR
2025-06-29,3,GTA VI,TR
2025-07-06,0,GTA VI,TR
2025-07-13,0,GTA VI,TR
2025-07-20,0,GTA VI,TR
2025-07-27,0,GTA VI,TR
2025-08-03,0,GTA VI,TR
2025-08-10,0,GTA VI,TR
2025-08-17,0,GTA VI,TR
2025-08-24,0,GTA VI,TR
2025-08-31,0,GTA VI,TR
2025-09-07,0,GTA VI,TR
2025-09-14,0,GTA VI,TR
2025-09-21,0,GTA VI,TR
2025-09-28,0,GTA VI,TR
2025-10-05,0,GTA VI,TR
2025-10-12,0,GTA VI,TR
2025-10-19,0,GTA VI,TR
2025-10-26,0,GTA VI,TR
2025-11-02,9,GTA VI,TR
2025-11-09,4,GTA VI,TR
2025-11-16,0,GTA VI,TR
2025-11-23,0,GTA VI,TR
2025-11-30,0,GTA VI,TR
2025-12-07,3,GTA VI,TR
2025-12-14,3,GTA VI,TR
2025-12-21,0,GTA VI,TR
2025-12-28,5,GTA VI,TR
2026-01-04,5,GTA VI,TR
2026-01-11,3,GTA VI,TR
2026-01-18,3,GTA VI,TR
2026-01-25,3,GTA VI,TR
2026-02-01,0,GTA VI,TR
2026-02-08,4,GTA VI,TR
2026-02-15,3,GTA VI,TR
2026-02-22,4,GTA VI,TR
2026-03-01,5,GTA VI,TR
2026-03-08,5,GTA VI,TR
2026-03-15,5,GTA VI,TR
2026-03-22,7,GTA VI,TR
2026-03-29,9,GTA VI,TR
2026-04-05,6,GTA VI,TR
2026-04-12,6,GTA VI,TR
2026-04-19,9,GTA VI,TR
2026-04-26,5,GTA VI,TR
2026-05-03,6,GTA VI,TR
2026-05-10,6,GTA VI,TR
2026-05-17,8,GTA VI,TR
2026-05-24,8,GTA VI,TR
2026-05-31,7,GTA VI,TR
2026-06-07,3,GTA VI,TR
2026-06-14,28,GTA VI,TR
2026-06-21,100,GTA VI,TR
2026-06-28,20,GTA VI,TR
2026-07-05,10,GTA VI,TR
2026-07-12,6,GTA VI,TR
2026-07-19,4,GTA VI,TR
2026-07-26,8,GTA VI,TR
2026-08-02,9,GTA VI,TR
2026-08-09,6,GTA VI,TR
2026-08-16,16,GTA VI,TR
2026-08-23,32,GTA VI,TR
2026-08-30,16,GTA VI,TR
2026-09-06,10,GTA VI,TR
2023-01-01,0,GTA VI,AR
2023-01-08,0,GTA VI,AR
2023-01-15,0,GTA VI,AR
2023-01-22,0,GTA VI,AR
2023-01-29,0,GTA VI,AR
2023-02-05,0,GTA VI,AR
2023-02-12,0,GTA VI,AR
2023-02-19,6,GTA VI,AR
2023-02-26,0,GTA VI,AR
2023-03-05,1,GTA VI,AR
2023-03-12,0,GTA VI,AR
2023-03-19,0,GTA VI,AR
2023-03-26,0,GTA VI,AR
2023-04-02,0,GTA VI,AR
2023-04-09,0,GTA VI,AR
2023-04-16,0,GTA VI,AR
2023-04-23,0,GTA VI,AR
2023-04-30,0,GTA VI,AR
2023-05-07,8,GTA VI,AR
2023-05-14,2,GTA VI,AR
2023-05-21,2,GTA VI,AR
2023-05-28,0,GTA VI,AR
2023-06-04,0,GTA VI,AR
2023-06-11,0,GTA VI,AR
2023-06-18,0,GTA VI,AR
2023-06-25,0,GTA VI,AR
2023-07-02,2,GTA VI,AR
2023-07-09,0,GTA VI,AR
2023-07-16,0,GTA VI,AR
2023-07-23,0,GTA VI,AR
2023-07-30,0,GTA VI,AR
2023-08-06,0,GTA VI,AR
2023-08-13,0,GTA VI,AR
2023-08-20,5,GTA VI,AR
2023-08-27,2,GTA VI,AR
2023-09-03,4,GTA VI,AR
2023-09-10,0,GTA VI,AR
2023-09-17,3,GTA VI,AR
2023-09-24,0,GTA VI,AR
2023-10-01,0,GTA VI,AR
2023-10-08,0,GTA VI,AR
2023-10-15,3,GTA VI,AR
2023-10-22,5,GTA VI,AR
2023-10-29,3,GTA VI,AR
2023-11-05,8,GTA VI,AR
2023-11-12,4,GTA VI,AR
2023-11-19,3,GTA VI,AR
2023-11-26,4,GTA VI,AR
2023-12-03,40,GTA VI,AR
2023-12-10,7,GTA VI,AR
2023-12-17,5,GTA VI,AR
2023-12-24,5,GTA VI,AR
2023-12-31,3,GTA VI,AR
2024-01-07,1,GTA VI,AR
2024-01-14,0,GTA VI,AR
2024-01-21,2,GTA VI,AR
2024-01-28,0,GTA VI,AR
2024-02-04,0,GTA VI,AR
2024-02-11,0,GTA VI,AR
2024-02-18,2,GTA VI,AR
2024-02-25,2,GTA VI,AR
2024-03-03,2,GTA VI,AR
2024-03-10,0,GTA VI,AR
2024-03-17,2,GTA VI,AR
2024-03-24,2,GTA VI,AR
2024-03-31,0,GTA VI,AR
2024-04-07,2,GTA VI,AR
2024-04-14,0,GTA VI,AR
2024-04-21,0,GTA VI,AR
2024-04-28,0,GTA VI,AR
2024-05-05,2,GTA VI,AR
2024-05-12,3,GTA VI,AR
2024-05-19,2,GTA VI,AR
2024-05-26,2,GTA VI,AR
2024-06-02,2,GTA VI,AR
2024-06-09,2,GTA VI,AR
2024-06-16,2,GTA VI,AR
2024-06-23,2,GTA VI,AR
2024-06-30,0,GTA VI,AR
2024-07-07,2,GTA VI,AR
2024-07-14,0,GTA VI,AR
2024-07-21,0,GTA VI,AR
2024-07-28,2,GTA VI,AR
2024-08-04,2,GTA VI,AR
2024-08-11,2,GTA VI,AR
2024-08-18,0,GTA VI,AR
2024-08-25,0,GTA VI,AR
2024-09-01,0,GTA VI,AR
2024-09-08,3,GTA VI,AR
2024-09-15,2,GTA VI,AR
2024-09-22,0,GTA VI,AR
2024-09-29,0,GTA VI,AR
2024-10-06,0,GTA VI,AR
2024-10-13,0,GTA VI,AR
2024-10-20,0,GTA VI,AR
2024-10-27,0,GTA VI,AR
2024-11-03,0,GTA VI,AR
2024-11-10,2,GTA VI,AR
2024-11-17,2,GTA VI,AR
2024-11-24,2,GTA VI,AR
2024-12-01,4,GTA VI,AR
2024-12-08,4,GTA VI,AR
2024-12-15,2,GTA VI,AR
2024-12-22,4,GTA VI,AR
2024-12-29,6,GTA VI,AR
2025-01-05,5,GTA VI,AR
2025-01-12,3,GTA VI,AR
2025-01-19,3,GTA VI,AR
2025-01-26,3,GTA VI,AR
2025-02-02,6,GTA VI,AR
2025-02-09,4,GTA VI,AR
2025-02-16,4,GTA VI,AR
2025-02-23,4,GTA VI,AR
2025-03-02,4,GTA VI,AR
2025-03-09,4,GTA VI,AR
2025-03-16,3,GTA VI,AR
2025-03-23,4,GTA VI,AR
2025-03-30,4,GTA VI,AR
2025-04-06,3,GTA VI,AR
2025-04-13,0,GTA VI,AR
2025-04-20,3,GTA VI,AR
2025-04-27,7,GTA VI,AR
2025-05-04,35,GTA VI,AR
2025-05-11,17,GTA VI,AR
2025-05-18,8,GTA VI,AR
2025-05-25,5,GTA VI,AR
2025-06-01,2,GTA VI,AR
2025-06-08,4,GTA VI,AR
2025-06-15,3,GTA VI,AR
2025-06-22,3,GTA VI,AR
2025-06-29,4,GTA VI,AR
2025-07-06,0,GTA VI,AR
2025-07-13,0,GTA VI,AR
2025-07-20,0,GTA VI,AR
2025-07-27,0,GTA VI,AR
2025-08-03,3,GTA VI,AR
2025-08-10,2,GTA VI,AR
2025-08-17,2,GTA VI,AR
2025-08-24,2,GTA VI,AR
2025-08-31,0,GTA VI,AR
2025-09-07,0,GTA VI,AR
2025-09-14,3,GTA VI,AR
2025-09-21,3,GTA VI,AR
2025-09-28,0,GTA VI,AR
2025-10-05,2,GTA VI,AR
2025-10-12,2,GTA VI,AR
2025-10-19,2,GTA VI,AR
2025-10-26,4,GTA VI,AR
2025-11-02,11,GTA VI,AR
2025-11-09,7,GTA VI,AR
2025-11-16,2,GTA VI,AR
2025-11-23,2,GTA VI,AR
2025-11-30,3,GTA VI,AR
2025-12-07,4,GTA VI,AR
2025-12-14,3,GTA VI,AR
2025-12-21,7,GTA VI,AR
2025-12-28,8,GTA VI,AR
2026-01-04,35,GTA VI,AR
2026-01-11,6,GTA VI,AR
2026-01-18,7,GTA VI,AR
2026-01-25,5,GTA VI,AR
2026-02-01,15,GTA VI,AR
2026-02-08,4,GTA VI,AR
2026-02-15,4,GTA VI,AR
2026-02-22,5,GTA VI,AR
2026-03-01,8,GTA VI,AR
2026-03-08,7,GTA VI,AR
2026-03-15,5,GTA VI,AR
2026-03-22,5,GTA VI,AR
2026-03-29,4,GTA VI,AR
2026-04-05,4,GTA VI,AR
2026-04-12,4,GTA VI,AR
2026-04-19,5,GTA VI,AR
2026-04-26,9,GTA VI,AR
2026-05-03,13,GTA VI,AR
2026-05-10,30,GTA VI,AR
2026-05-17,79,GTA VI,AR
2026-05-24,52,GTA VI,AR
2026-05-31,6,GTA VI,AR
2026-06-07,5,GTA VI,AR
2026-06-14,20,GTA VI,AR
2026-06-21,75,GTA VI,AR
2026-06-28,26,GTA VI,AR
2026-07-05,14,GTA VI,AR
2026-07-12,7,GTA VI,AR
2026-07-19,8,GTA VI,AR
2026-07-26,7,GTA VI,AR
2026-08-02,14,GTA VI,AR
2026-08-09,15,GTA VI,AR
2026-08-16,41,GTA VI,AR
2026-08-23,100,GTA VI,AR
2026-08-30,41,GTA VI,AR
2026-09-06,25,GTA VI,AR
2023-01-01,0,GTA VI,ZA
2023-01-08,0,GTA VI,ZA
2023-01-15,0,GTA VI,ZA
2023-01-22,0,GTA VI,ZA
2023-01-29,0,GTA VI,ZA
2023-02-05,0,GTA VI,ZA
2023-02-12,0,GTA VI,ZA
2023-02-19,0,GTA VI,ZA
2023-02-26,0,GTA VI,ZA
2023-03-05,0,GTA VI,ZA
2023-03-12,0,GTA VI,ZA
2023-03-19,0,GTA VI,ZA
2023-03-26,0,GTA VI,ZA
2023-04-02,0,GTA VI,ZA
2023-04-09,0,GTA VI,ZA
2023-04-16,0,GTA VI,ZA
2023-04-23,0,GTA VI,ZA
2023-04-30,0,GTA VI,ZA
2023-05-07,0,GTA VI,ZA
2023-05-14,0,GTA VI,ZA
2023-05-21,0,GTA VI,ZA
2023-05-28,0,GTA VI,ZA
2023-06-04,0,GTA VI,ZA
2023-06-11,4,GTA VI,ZA
2023-06-18,0,GTA VI,ZA
2023-06-25,0,GTA VI,ZA
2023-07-02,0,GTA VI,ZA
2023-07-09,0,GTA VI,ZA
2023-07-16,0,GTA VI,ZA
2023-07-23,0,GTA VI,ZA
2023-07-30,0,GTA VI,ZA
2023-08-06,0,GTA VI,ZA
2023-08-13,0,GTA VI,ZA
2023-08-20,0,GTA VI,ZA
2023-08-27,4,GTA VI,ZA
2023-09-03,0,GTA VI,ZA
2023-09-10,0,GTA VI,ZA
2023-09-17,0,GTA VI,ZA
2023-09-24,0,GTA VI,ZA
2023-10-01,0,GTA VI,ZA
2023-10-08,0,GTA VI,ZA
2023-10-15,0,GTA VI,ZA
2023-10-22,6,GTA VI,ZA
2023-10-29,4,GTA VI,ZA
2023-11-05,5,GTA VI,ZA
2023-11-12,4,GTA VI,ZA
2023-11-19,0,GTA VI,ZA
2023-11-26,0,GTA VI,ZA
2023-12-03,37,GTA VI,ZA
2023-12-10,10,GTA VI,ZA
2023-12-17,7,GTA VI,ZA
2023-12-24,0,GTA VI,ZA
2023-12-31,0,GTA VI,ZA
2024-01-07,0,GTA VI,ZA
2024-01-14,5,GTA VI,ZA
2024-01-21,0,GTA VI,ZA
2024-01-28,4,GTA VI,ZA
2024-02-04,0,GTA VI,ZA
2024-02-11,0,GTA VI,ZA
2024-02-18,0,GTA VI,ZA
2024-02-25,4,GTA VI,ZA
2024-03-03,0,GTA VI,ZA
2024-03-10,0,GTA VI,ZA
2024-03-17,0,GTA VI,ZA
2024-03-24,0,GTA VI,ZA
2024-03-31,0,GTA VI,ZA
2024-04-07,0,GTA VI,ZA
2024-04-14,0,GTA VI,ZA
2024-04-21,0,GTA VI,ZA
2024-04-28,0,GTA VI,ZA
2024-05-05,0,GTA VI,ZA
2024-05-12,0,GTA VI,ZA
2024-05-19,0,GTA VI,ZA
2024-05-26,0,GTA VI,ZA
2024-06-02,0,GTA VI,ZA
2024-06-09,0,GTA VI,ZA
2024-06-16,0,GTA VI,ZA
2024-06-23,5,GTA VI,ZA
2024-06-30,0,GTA VI,ZA
2024-07-07,0,GTA VI,ZA
2024-07-14,0,GTA VI,ZA
2024-07-21,0,GTA VI,ZA
2024-07-28,4,GTA VI,ZA
2024-08-04,0,GTA VI,ZA
2024-08-11,0,GTA VI,ZA
2024-08-18,0,GTA VI,ZA
2024-08-25,0,GTA VI,ZA
2024-09-01,0,GTA VI,ZA
2024-09-08,0,GTA VI,ZA
2024-09-15,0,GTA VI,ZA
2024-09-22,0,GTA VI,ZA
2024-09-29,0,GTA VI,ZA
2024-10-06,0,GTA VI,ZA
2024-10-13,4,GTA VI,ZA
2024-10-20,5,GTA VI,ZA
2024-10-27,0,GTA VI,ZA
2024-11-03,0,GTA VI,ZA
2024-11-10,0,GTA VI,ZA
2024-11-17,0,GTA VI,ZA
2024-11-24,0,GTA VI,ZA
2024-12-01,0,GTA VI,ZA
2024-12-08,0,GTA VI,ZA
2024-12-15,0,GTA VI,ZA
2024-12-22,8,GTA VI,ZA
2024-12-29,9,GTA VI,ZA
2025-01-05,5,GTA VI,ZA
2025-01-12,7,GTA VI,ZA
2025-01-19,5,GTA VI,ZA
2025-01-26,0,GTA VI,ZA
2025-02-02,0,GTA VI,ZA
2025-02-09,0,GTA VI,ZA
2025-02-16,0,GTA VI,ZA
2025-02-23,0,GTA VI,ZA
2025-03-02,6,GTA VI,ZA
2025-03-09,5,GTA VI,ZA
2025-03-16,6,GTA VI,ZA
2025-03-23,0,GTA VI,ZA
2025-03-30,0,GTA VI,ZA
2025-04-06,0,GTA VI,ZA
2025-04-13,6,GTA VI,ZA
2025-04-20,0,GTA VI,ZA
2025-04-27,9,GTA VI,ZA
2025-05-04,24,GTA VI,ZA
2025-05-11,12,GTA VI,ZA
2025-05-18,7,GTA VI,ZA
2025-05-25,0,GTA VI,ZA
2025-06-01,0,GTA VI,ZA
2025-06-08,0,GTA VI,ZA
2025-06-15,5,GTA VI,ZA
2025-06-22,6,GTA VI,ZA
2025-06-29,6,GTA VI,ZA
2025-07-06,6,GTA VI,ZA
2025-07-13,6,GTA VI,ZA
2025-07-20,0,GTA VI,ZA
2025-07-27,0,GTA VI,ZA
2025-08-03,0,GTA VI,ZA
2025-08-10,0,GTA VI,ZA
2025-08-17,0,GTA VI,ZA
2025-08-24,4,GTA VI,ZA
2025-08-31,0,GTA VI,ZA
2025-09-07,0,GTA VI,ZA
2025-09-14,0,GTA VI,ZA
2025-09-21,0,GTA VI,ZA
2025-09-28,0,GTA VI,ZA
2025-10-05,5,GTA VI,ZA
2025-10-12,0,GTA VI,ZA
2025-10-19,4,GTA VI,ZA
2025-10-26,0,GTA VI,ZA
2025-11-02,8,GTA VI,ZA
2025-11-09,6,GTA VI,ZA
2025-11-16,0,GTA VI,ZA
2025-11-23,9,GTA VI,ZA
2025-11-30,5,GTA VI,ZA
2025-12-07,6,GTA VI,ZA
2025-12-14,6,GTA VI,ZA
2025-12-21,0,GTA VI,ZA
2025-12-28,7,GTA VI,ZA
2026-01-04,5,GTA VI,ZA
2026-01-11,0,GTA VI,ZA
2026-01-18,5,GTA VI,ZA
2026-01-25,0,GTA VI,ZA
2026-02-01,5,GTA VI,ZA
2026-02-08,0,GTA VI,ZA
2026-02-15,14,GTA VI,ZA
2026-02-22,13,GTA VI,ZA
2026-03-01,5,GTA VI,ZA
2026-03-08,7,GTA VI,ZA
2026-03-15,4,GTA VI,ZA
2026-03-22,7,GTA VI,ZA
2026-03-29,8,GTA VI,ZA
2026-04-05,15,GTA VI,ZA
2026-04-12,7,GTA VI,ZA
2026-04-19,0,GTA VI,ZA
2026-04-26,13,GTA VI,ZA
2026-05-03,10,GTA VI,ZA
2026-05-10,15,GTA VI,ZA
2026-05-17,10,GTA VI,ZA
2026-05-24,9,GTA VI,ZA
2026-05-31,6,GTA VI,ZA
2026-06-07,4,GTA VI,ZA
2026-06-14,51,GTA VI,ZA
2026-06-21,100,GTA VI,ZA
2026-06-28,27,GTA VI,ZA
2026-07-05,11,GTA VI,ZA
2026-07-12,10,GTA VI,ZA
2026-07-19,9,GTA VI,ZA
2026-07-26,5,GTA VI,ZA
2026-08-02,22,GTA VI,ZA
2026-08-09,13,GTA VI,ZA
2026-08-16,44,GTA VI,ZA
2026-08-23,49,GTA VI,ZA
2026-08-30,24,GTA VI,ZA
2026-09-06,16,GTA VI,ZA
2023-01-01,0,GTA VI,SA
2023-01-08,0,GTA VI,SA
2023-01-15,0,GTA VI,SA
2023-01-22,0,GTA VI,SA
2023-01-29,0,GTA VI,SA
2023-02-05,0,GTA VI,SA
2023-02-12,0,GTA VI,SA
2023-02-19,0,GTA VI,SA
2023-02-26,0,GTA VI,SA
2023-03-05,0,GTA VI,SA
2023-03-12,0,GTA VI,SA
2023-03-19,0,GTA VI,SA
2023-03-26,0,GTA VI,SA
2023-04-02,0,GTA VI,SA
2023-04-09,0,GTA VI,SA
2023-04-16,0,GTA VI,SA
2023-04-23,0,GTA VI,SA
2023-04-30,0,GTA VI,SA
2023-05-07,0,GTA VI,SA
2023-05-14,0,GTA VI,SA
2023-05-21,0,GTA VI,SA
2023-05-28,0,GTA VI,SA
2023-06-04,0,GTA VI,SA
2023-06-11,0,GTA VI,SA
2023-06-18,0,GTA VI,SA
2023-06-25,0,GTA VI,SA
2023-07-02,0,GTA VI,SA
2023-07-09,0,GTA VI,SA
2023-07-16,0,GTA VI,SA
2023-07-23,0,GTA VI,SA
2023-07-30,0,GTA VI,SA
2023-08-06,0,GTA VI,SA
2023-08-13,0,GTA VI,SA
2023-08-20,0,GTA VI,SA
2023-08-27,0,GTA VI,SA
2023-09-03,0,GTA VI,SA
2023-09-10,0,GTA VI,SA
2023-09-17,0,GTA VI,SA
2023-09-24,0,GTA VI,SA
2023-10-01,0,GTA VI,SA
2023-10-08,0,GTA VI,SA
2023-10-15,0,GTA VI,SA
2023-10-22,0,GTA VI,SA
2023-10-29,0,GTA VI,SA
2023-11-05,0,GTA VI,SA
2023-11-12,0,GTA VI,SA
2023-11-19,0,GTA VI,SA
2023-11-26,6,GTA VI,SA
2023-12-03,21,GTA VI,SA
2023-12-10,5,GTA VI,SA
2023-12-17,0,GTA VI,SA
2023-12-24,0,GTA VI,SA
2023-12-31,0,GTA VI,SA
2024-01-07,0,GTA VI,SA
2024-01-14,0,GTA VI,SA
2024-01-21,0,GTA VI,SA
2024-01-28,0,GTA VI,SA
2024-02-04,0,GTA VI,SA
2024-02-11,0,GTA VI,SA
2024-02-18,0,GTA VI,SA
2024-02-25,0,GTA VI,SA
2024-03-03,0,GTA VI,SA
2024-03-10,0,GTA VI,SA
2024-03-17,0,GTA VI,SA
2024-03-24,0,GTA VI,SA
2024-03-31,0,GTA VI,SA
2024-04-07,0,GTA VI,SA
2024-04-14,0,GTA VI,SA
2024-04-21,0,GTA VI,SA
2024-04-28,0,GTA VI,SA
2024-05-05,0,GTA VI,SA
2024-05-12,0,GTA VI,SA
2024-05-19,0,GTA VI,SA
2024-05-26,0,GTA VI,SA
2024-06-02,0,GTA VI,SA
2024-06-09,0,GTA VI,SA
2024-06-16,0,GTA VI,SA
2024-06-23,0,GTA VI,SA
2024-06-30,0,GTA VI,SA
2024-07-07,0,GTA VI,SA
2024-07-14,0,GTA VI,SA
2024-07-21,0,GTA VI,SA
2024-07-28,0,GTA VI,SA
2024-08-04,0,GTA VI,SA
2024-08-11,0,GTA VI,SA
2024-08-18,0,GTA VI,SA
2024-08-25,0,GTA VI,SA
2024-09-01,0,GTA VI,SA
2024-09-08,0,GTA VI,SA
2024-09-15,0,GTA VI,SA
2024-09-22,0,GTA VI,SA
2024-09-29,0,GTA VI,SA
2024-10-06,0,GTA VI,SA
2024-10-13,0,GTA VI,SA
2024-10-20,0,GTA VI,SA
2024-10-27,0,GTA VI,SA
2024-11-03,0,GTA VI,SA
2024-11-10,0,GTA VI,SA
2024-11-17,0,GTA VI,SA
2024-11-24,0,GTA VI,SA
2024-12-01,0,GTA VI,SA
2024-12-08,0,GTA VI,SA
2024-12-15,0,GTA VI,SA
2024-12-22,0,GTA VI,SA
2024-12-29,0,GTA VI,SA
2025-01-05,7,GTA VI,SA
2025-01-12,0,GTA VI,SA
2025-01-19,0,GTA VI,SA
2025-01-26,0,GTA VI,SA
2025-02-02,0,GTA VI,SA
2025-02-09,0,GTA VI,SA
2025-02-16,0,GTA VI,SA
2025-02-23,0,GTA VI,SA
2025-03-02,0,GTA VI,SA
2025-03-09,0,GTA VI,SA
2025-03-16,0,GTA VI,SA
2025-03-23,0,GTA VI,SA
2025-03-30,0,GTA VI,SA
2025-04-06,0,GTA VI,SA
2025-04-13,0,GTA VI,SA
2025-04-20,0,GTA VI,SA
2025-04-27,0,GTA VI,SA
2025-05-04,19,GTA VI,SA
2025-05-11,7,GTA VI,SA
2025-05-18,0,GTA VI,SA
2025-05-25,0,GTA VI,SA
2025-06-01,0,GTA VI,SA
2025-06-08,0,GTA VI,SA
2025-06-15,0,GTA VI,SA
2025-06-22,0,GTA VI,SA
2025-06-29,0,GTA VI,SA
2025-07-06,0,GTA VI,SA
2025-07-13,0,GTA VI,SA
2025-07-20,0,GTA VI,SA
2025-07-27,0,GTA VI,SA
2025-08-03,0,GTA VI,SA
2025-08-10,0,GTA VI,SA
2025-08-17,0,GTA VI,SA
2025-08-24,0,GTA VI,SA
2025-08-31,0,GTA VI,SA
2025-09-07,0,GTA VI,SA
2025-09-14,0,GTA VI,SA
2025-09-21,0,GTA VI,SA
2025-09-28,0,GTA VI,SA
2025-10-05,0,GTA VI,SA
2025-10-12,0,GTA VI,SA
2025-10-19,0,GTA VI,SA
2025-10-26,9,GTA VI,SA
2025-11-02,0,GTA VI,SA
2025-11-09,7,GTA VI,SA
2025-11-16,0,GTA VI,SA
2025-11-23,0,GTA VI,SA
2025-11-30,0,GTA VI,SA
2025-12-07,0,GTA VI,SA
2025-12-14,0,GTA VI,SA
2025-12-21,0,GTA VI,SA
2025-12-28,8,GTA VI,SA
2026-01-04,0,GTA VI,SA
2026-01-11,0,GTA VI,SA
2026-01-18,0,GTA VI,SA
2026-01-25,0,GTA VI,SA
2026-02-01,0,GTA VI,SA
2026-02-08,0,GTA VI,SA
2026-02-15,9,GTA VI,SA
2026-02-22,5,GTA VI,SA
2026-03-01,0,GTA VI,SA
2026-03-08,9,GTA VI,SA
2026-03-15,0,GTA VI,SA
2026-03-22,6,GTA VI,SA
2026-03-29,10,GTA VI,SA
2026-04-05,9,GTA VI,SA
2026-04-12,0,GTA VI,SA
2026-04-19,6,GTA VI,SA
2026-04-26,12,GTA VI,SA
2026-05-03,8,GTA VI,SA
2026-05-10,6,GTA VI,SA
2026-05-17,12,GTA VI,SA
2026-05-24,8,GTA VI,SA
2026-05-31,6,GTA VI,SA
2026-06-07,0,GTA VI,SA
2026-06-14,30,GTA VI,SA
2026-06-21,100,GTA VI,SA
2026-06-28,30,GTA VI,SA
2026-07-05,16,GTA VI,SA
2026-07-12,8,GTA VI,SA
2026-07-19,0,GTA VI,SA
2026-07-26,6,GTA VI,SA
2026-08-02,8,GTA VI,SA
2026-08-09,0,GTA VI,SA
2026-08-16,24,GTA VI,SA
2026-08-23,37,GTA VI,SA
2026-08-30,20,GTA VI,SA
2026-09-06,12,GTA VI,SA
2023-01-01,0,GTA VI,TH
2023-01-08,0,GTA VI,TH
2023-01-15,0,GTA VI,TH
2023-01-22,0,GTA VI,TH
2023-01-29,0,GTA VI,TH
2023-02-05,0,GTA VI,TH
2023-02-12,0,GTA VI,TH
2023-02-19,0,GTA VI,TH
2023-02-26,0,GTA VI,TH
2023-03-05,0,GTA VI,TH
2023-03-12,0,GTA VI,TH
2023-03-19,0,GTA VI,TH
2023-03-26,0,GTA VI,TH
2023-04-02,0,GTA VI,TH
2023-04-09,0,GTA VI,TH
2023-04-16,0,GTA VI,TH
2023-04-23,0,GTA VI,TH
2023-04-30,0,GTA VI,TH
2023-05-07,6,GTA VI,TH
2023-05-14,0,GTA VI,TH
2023-05-21,3,GTA VI,TH
2023-05-28,0,GTA VI,TH
2023-06-04,0,GTA VI,TH
2023-06-11,0,GTA VI,TH
2023-06-18,0,GTA VI,TH
2023-06-25,0,GTA VI,TH
2023-07-02,0,GTA VI,TH
2023-07-09,0,GTA VI,TH
2023-07-16,0,GTA VI,TH
2023-07-23,0,GTA VI,TH
2023-07-30,0,GTA VI,TH
2023-08-06,0,GTA VI,TH
2023-08-13,0,GTA VI,TH
2023-08-20,0,GTA VI,TH
2023-08-27,0,GTA VI,TH
2023-09-03,0,GTA VI,TH
2023-09-10,4,GTA VI,TH
2023-09-17,0,GTA VI,TH
2023-09-24,0,GTA VI,TH
2023-10-01,0,GTA VI,TH
2023-10-08,0,GTA VI,TH
2023-10-15,0,GTA VI,TH
2023-10-22,4,GTA VI,TH
2023-10-29,0,GTA VI,TH
2023-11-05,7,GTA VI,TH
2023-11-12,0,GTA VI,TH
2023-11-19,0,GTA VI,TH
2023-11-26,0,GTA VI,TH
2023-12-03,100,GTA VI,TH
2023-12-10,11,GTA VI,TH
2023-12-17,0,GTA VI,TH
2023-12-24,0,GTA VI,TH
2023-12-31,0,GTA VI,TH
2024-01-07,0,GTA VI,TH
2024-01-14,0,GTA VI,TH
2024-01-21,0,GTA VI,TH
2024-01-28,0,GTA VI,TH
2024-02-04,0,GTA VI,TH
2024-02-11,0,GTA VI,TH
2024-02-18,0,GTA VI,TH
2024-02-25,5,GTA VI,TH
2024-03-03,0,GTA VI,TH
2024-03-10,4,GTA VI,TH
2024-03-17,0,GTA VI,TH
2024-03-24,0,GTA VI,TH
2024-03-31,0,GTA VI,TH
2024-04-07,0,GTA VI,TH
2024-04-14,0,GTA VI,TH
2024-04-21,0,GTA VI,TH
2024-04-28,0,GTA VI,TH
2024-05-05,0,GTA VI,TH
2024-05-12,0,GTA VI,TH
2024-05-19,5,GTA VI,TH
2024-05-26,0,GTA VI,TH
2024-06-02,0,GTA VI,TH
2024-06-09,0,GTA VI,TH
2024-06-16,0,GTA VI,TH
2024-06-23,0,GTA VI,TH
2024-06-30,0,GTA VI,TH
2024-07-07,0,GTA VI,TH
2024-07-14,0,GTA VI,TH
2024-07-21,0,GTA VI,TH
2024-07-28,0,GTA VI,TH
2024-08-04,0,GTA VI,TH
2024-08-11,0,GTA VI,TH
2024-08-18,0,GTA VI,TH
2024-08-25,0,GTA VI,TH
2024-09-01,0,GTA VI,TH
2024-09-08,0,GTA VI,TH
2024-09-15,0,GTA VI,TH
2024-09-22,0,GTA VI,TH
2024-09-29,0,GTA VI,TH
2024-10-06,0,GTA VI,TH
2024-10-13,0,GTA VI,TH
2024-10-20,0,GTA VI,TH
2024-10-27,0,GTA VI,TH
2024-11-03,0,GTA VI,TH
2024-11-10,0,GTA VI,TH
2024-11-17,0,GTA VI,TH
2024-11-24,0,GTA VI,TH
2024-12-01,0,GTA VI,TH
2024-12-08,0,GTA VI,TH
2024-12-15,0,GTA VI,TH
2024-12-22,0,GTA VI,TH
2024-12-29,0,GTA VI,TH
2025-01-05,0,GTA VI,TH
2025-01-12,5,GTA VI,TH
2025-01-19,5,GTA VI,TH
2025-01-26,5,GTA VI,TH
2025-02-02,0,GTA VI,TH
2025-02-09,0,GTA VI,TH
2025-02-16,0,GTA VI,TH
2025-02-23,0,GTA VI,TH
2025-03-02,0,GTA VI,TH
2025-03-09,0,GTA VI,TH
2025-03-16,0,GTA VI,TH
2025-03-23,0,GTA VI,TH
2025-03-30,0,GTA VI,TH
2025-04-06,0,GTA VI,TH
2025-04-13,0,GTA VI,TH
2025-04-20,0,GTA VI,TH
2025-04-27,0,GTA VI,TH
2025-05-04,41,GTA VI,TH
2025-05-11,14,GTA VI,TH
2025-05-18,5,GTA VI,TH
2025-05-25,6,GTA VI,TH
2025-06-01,0,GTA VI,TH
2025-06-08,0,GTA VI,TH
2025-06-15,0,GTA VI,TH
2025-06-22,0,GTA VI,TH
2025-06-29,0,GTA VI,TH
2025-07-06,0,GTA VI,TH
2025-07-13,0,GTA VI,TH
2025-07-20,0,GTA VI,TH
2025-07-27,0,GTA VI,TH
2025-08-03,6,GTA VI,TH
2025-08-10,0,GTA VI,TH
2025-08-17,0,GTA VI,TH
2025-08-24,0,GTA VI,TH
2025-08-31,0,GTA VI,TH
2025-09-07,7,GTA VI,TH
2025-09-14,0,GTA VI,TH
2025-09-21,5,GTA VI,TH
2025-09-28,0,GTA VI,TH
2025-10-05,0,GTA VI,TH
2025-10-12,0,GTA VI,TH
2025-10-19,0,GTA VI,TH
2025-10-26,0,GTA VI,TH
2025-11-02,7,GTA VI,TH
2025-11-09,0,GTA VI,TH
2025-11-16,0,GTA VI,TH
2025-11-23,5,GTA VI,TH
2025-11-30,0,GTA VI,TH
2025-12-07,0,GTA VI,TH
2025-12-14,0,GTA VI,TH
2025-12-21,0,GTA VI,TH
2025-12-28,0,GTA VI,TH
2026-01-04,5,GTA VI,TH
2026-01-11,0,GTA VI,TH
2026-01-18,6,GTA VI,TH
2026-01-25,0,GTA VI,TH
2026-02-01,0,GTA VI,TH
2026-02-08,0,GTA VI,TH
2026-02-15,0,GTA VI,TH
2026-02-22,5,GTA VI,TH
2026-03-01,0,GTA VI,TH
2026-03-08,0,GTA VI,TH
2026-03-15,4,GTA VI,TH
2026-03-22,6,GTA VI,TH
2026-03-29,6,GTA VI,TH
2026-04-05,5,GTA VI,TH
2026-04-12,5,GTA VI,TH
2026-04-19,4,GTA VI,TH
2026-04-26,7,GTA VI,TH
2026-05-03,6,GTA VI,TH
2026-05-10,7,GTA VI,TH
2026-05-17,0,GTA VI,TH
2026-05-24,6,GTA VI,TH
2026-05-31,7,GTA VI,TH
2026-06-07,0,GTA VI,TH
2026-06-14,52,GTA VI,TH
2026-06-21,71,GTA VI,TH
2026-06-28,25,GTA VI,TH
2026-07-05,16,GTA VI,TH
2026-07-12,6,GTA VI,TH
2026-07-19,0,GTA VI,TH
2026-07-26,5,GTA VI,TH
2026-08-02,9,GTA VI,TH
2026-08-09,10,GTA VI,TH
2026-08-16,93,GTA VI,TH
2026-08-23,69,GTA VI,TH
2026-08-30,37,GTA VI,TH
2026-09-06,20,GTA VI,TH
2023-01-01,0,GTA VI,VN
2023-01-08,0,GTA VI,VN
2023-01-15,0,GTA VI,VN
2023-01-22,0,GTA VI,VN
2023-01-29,0,GTA VI,VN
2023-02-05,0,GTA VI,VN
2023-02-12,0,GTA VI,VN
2023-02-19,0,GTA VI,VN
2023-02-26,0,GTA VI,VN
2023-03-05,0,GTA VI,VN
2023-03-12,0,GTA VI,VN
2023-03-19,0,GTA VI,VN
2023-03-26,0,GTA VI,VN
2023-04-02,0,GTA VI,VN
2023-04-09,0,GTA VI,VN
2023-04-16,0,GTA VI,VN
2023-04-23,10,GTA VI,VN
2023-04-30,0,GTA VI,VN
2023-05-07,0,GTA VI,VN
2023-05-14,8,GTA VI,VN
2023-05-21,0,GTA VI,VN
2023-05-28,0,GTA VI,VN
2023-06-04,0,GTA VI,VN
2023-06-11,0,GTA VI,VN
2023-06-18,0,GTA VI,VN
2023-06-25,8,GTA VI,VN
2023-07-02,0,GTA VI,VN
2023-07-09,8,GTA VI,VN
2023-07-16,0,GTA VI,VN
2023-07-23,0,GTA VI,VN
2023-07-30,0,GTA VI,VN
2023-08-06,0,GTA VI,VN
2023-08-13,0,GTA VI,VN
2023-08-20,0,GTA VI,VN
2023-08-27,0,GTA VI,VN
2023-09-03,0,GTA VI,VN
2023-09-10,0,GTA VI,VN
2023-09-17,0,GTA VI,VN
2023-09-24,0,GTA VI,VN
2023-10-01,10,GTA VI,VN
2023-10-08,0,GTA VI,VN
2023-10-15,0,GTA VI,VN
2023-10-22,0,GTA VI,VN
2023-10-29,0,GTA VI,VN
2023-11-05,8,GTA VI,VN
2023-11-12,0,GTA VI,VN
2023-11-19,0,GTA VI,VN
2023-11-26,0,GTA VI,VN
2023-12-03,72,GTA VI,VN
2023-12-10,25,GTA VI,VN
2023-12-17,15,GTA VI,VN
2023-12-24,0,GTA VI,VN
2023-12-31,11,GTA VI,VN
2024-01-07,0,GTA VI,VN
2024-01-14,0,GTA VI,VN
2024-01-21,0,GTA VI,VN
2024-01-28,10,GTA VI,VN
2024-02-04,0,GTA VI,VN
2024-02-11,0,GTA VI,VN
2024-02-18,0,GTA VI,VN
2024-02-25,0,GTA VI,VN
2024-03-03,0,GTA VI,VN
2024-03-10,0,GTA VI,VN
2024-03-17,0,GTA VI,VN
2024-03-24,0,GTA VI,VN
2024-03-31,0,GTA VI,VN
2024-04-07,0,GTA VI,VN
2024-04-14,0,GTA VI,VN
2024-04-21,0,GTA VI,VN
2024-04-28,0,GTA VI,VN
2024-05-05,0,GTA VI,VN
2024-05-12,0,GTA VI,VN
2024-05-19,0,GTA VI,VN
2024-05-26,0,GTA VI,VN
2024-06-02,0,GTA VI,VN
2024-06-09,0,GTA VI,VN
2024-06-16,11,GTA VI,VN
2024-06-23,0,GTA VI,VN
2024-06-30,0,GTA VI,VN
2024-07-07,0,GTA VI,VN
2024-07-14,0,GTA VI,VN
2024-07-21,0,GTA VI,VN
2024-07-28,0,GTA VI,VN
2024-08-04,0,GTA VI,VN
2024-08-11,12,GTA VI,VN
2024-08-18,0,GTA VI,VN
2024-08-25,0,GTA VI,VN
2024-09-01,0,GTA VI,VN
2024-09-08,0,GTA VI,VN
2024-09-15,0,GTA VI,VN
2024-09-22,0,GTA VI,VN
2024-09-29,0,GTA VI,VN
2024-10-06,0,GTA VI,VN
2024-10-13,0,GTA VI,VN
2024-10-20,0,GTA VI,VN
2024-10-27,0,GTA VI,VN
2024-11-03,0,GTA VI,VN
2024-11-10,0,GTA VI,VN
2024-11-17,0,GTA VI,VN
2024-11-24,0,GTA VI,VN
2024-12-01,0,GTA VI,VN
2024-12-08,15,GTA VI,VN
2024-12-15,0,GTA VI,VN
2024-12-22,0,GTA VI,VN
2024-12-29,0,GTA VI,VN
2025-01-05,11,GTA VI,VN
2025-01-12,0,GTA VI,VN
2025-01-19,0,GTA VI,VN
2025-01-26,0,GTA VI,VN
2025-02-02,0,GTA VI,VN
2025-02-09,0,GTA VI,VN
2025-02-16,0,GTA VI,VN
2025-02-23,10,GTA VI,VN
2025-03-02,0,GTA VI,VN
2025-03-09,11,GTA VI,VN
2025-03-16,0,GTA VI,VN
2025-03-23,0,GTA VI,VN
2025-03-30,10,GTA VI,VN
2025-04-06,0,GTA VI,VN
2025-04-13,0,GTA VI,VN
2025-04-20,0,GTA VI,VN
2025-04-27,13,GTA VI,VN
2025-05-04,48,GTA VI,VN
2025-05-11,40,GTA VI,VN
2025-05-18,0,GTA VI,VN
2025-05-25,10,GTA VI,VN
2025-06-01,0,GTA VI,VN
2025-06-08,11,GTA VI,VN
2025-06-15,0,GTA VI,VN
2025-06-22,13,GTA VI,VN
2025-06-29,0,GTA VI,VN
2025-07-06,12,GTA VI,VN
2025-07-13,0,GTA VI,VN
2025-07-20,0,GTA VI,VN
2025-07-27,0,GTA VI,VN
2025-08-03,0,GTA VI,VN
2025-08-10,0,GTA VI,VN
2025-08-17,12,GTA VI,VN
2025-08-24,0,GTA VI,VN
2025-08-31,0,GTA VI,VN
2025-09-07,0,GTA VI,VN
2025-09-14,0,GTA VI,VN
2025-09-21,0,GTA VI,VN
2025-09-28,0,GTA VI,VN
2025-10-05,0,GTA VI,VN
2025-10-12,0,GTA VI,VN
2025-10-19,0,GTA VI,VN
2025-10-26,0,GTA VI,VN
2025-11-02,17,GTA VI,VN
2025-11-09,0,GTA VI,VN
2025-11-16,0,GTA VI,VN
2025-11-23,0,GTA VI,VN
2025-11-30,0,GTA VI,VN
2025-12-07,13,GTA VI,VN
2025-12-14,10,GTA VI,VN
2025-12-21,0,GTA VI,VN
2025-12-28,16,GTA VI,VN
2026-01-04,0,GTA VI,VN
2026-01-11,0,GTA VI,VN
2026-01-18,12,GTA VI,VN
2026-01-25,10,GTA VI,VN
2026-02-01,0,GTA VI,VN
2026-02-08,0,GTA VI,VN
2026-02-15,0,GTA VI,VN
2026-02-22,0,GTA VI,VN
2026-03-01,0,GTA VI,VN
2026-03-08,11,GTA VI,VN
2026-03-15,0,GTA VI,VN
2026-03-22,10,GTA VI,VN
2026-03-29,30,GTA VI,VN
2026-04-05,19,GTA VI,VN
2026-04-12,10,GTA VI,VN
2026-04-19,0,GTA VI,VN
2026-04-26,13,GTA VI,VN
2026-05-03,13,GTA VI,VN
2026-05-10,0,GTA VI,VN
2026-05-17,0,GTA VI,VN
2026-05-24,9,GTA VI,VN
2026-05-31,13,GTA VI,VN
2026-06-07,11,GTA VI,VN
2026-06-14,41,GTA VI,VN
2026-06-21,100,GTA VI,VN
2026-06-28,44,GTA VI,VN
2026-07-05,26,GTA VI,VN
2026-07-12,17,GTA VI,VN
2026-07-19,14,GTA VI,VN
2026-07-26,15,GTA VI,VN
2026-08-02,21,GTA VI,VN
2026-08-09,21,GTA VI,VN
2026-08-16,38,GTA VI,VN
2026-08-23,89,GTA VI,VN
2026-08-30,82,GTA VI,VN
2026-09-06,66,GTA VI,VN
2023-01-01,0,GTA VI,MY
2023-01-08,0,GTA VI,MY
2023-01-15,0,GTA VI,MY
2023-01-22,0,GTA VI,MY
2023-01-29,0,GTA VI,MY
2023-02-05,0,GTA VI,MY
2023-02-12,0,GTA VI,MY
2023-02-19,0,GTA VI,MY
2023-02-26,0,GTA VI,MY
2023-03-05,0,GTA VI,MY
2023-03-12,0,GTA VI,MY
2023-03-19,0,GTA VI,MY
2023-03-26,0,GTA VI,MY
2023-04-02,0,GTA VI,MY
2023-04-09,0,GTA VI,MY
2023-04-16,0,GTA VI,MY
2023-04-23,0,GTA VI,MY
2023-04-30,0,GTA VI,MY
2023-05-07,0,GTA VI,MY
2023-05-14,0,GTA VI,MY
2023-05-21,0,GTA VI,MY
2023-05-28,0,GTA VI,MY
2023-06-04,0,GTA VI,MY
2023-06-11,0,GTA VI,MY
2023-06-18,0,GTA VI,MY
2023-06-25,0,GTA VI,MY
2023-07-02,0,GTA VI,MY
2023-07-09,0,GTA VI,MY
2023-07-16,0,GTA VI,MY
2023-07-23,0,GTA VI,MY
2023-07-30,0,GTA VI,MY
2023-08-06,0,GTA VI,MY
2023-08-13,0,GTA VI,MY
2023-08-20,0,GTA VI,MY
2023-08-27,0,GTA VI,MY
2023-09-03,0,GTA VI,MY
2023-09-10,0,GTA VI,MY
2023-09-17,0,GTA VI,MY
2023-09-24,0,GTA VI,MY
2023-10-01,0,GTA VI,MY
2023-10-08,0,GTA VI,MY
2023-10-15,0,GTA VI,MY
2023-10-22,14,GTA VI,MY
2023-10-29,0,GTA VI,MY
2023-11-05,7,GTA VI,MY
2023-11-12,0,GTA VI,MY
2023-11-19,0,GTA VI,MY
2023-11-26,0,GTA VI,MY
2023-12-03,38,GTA VI,MY
2023-12-10,12,GTA VI,MY
2023-12-17,8,GTA VI,MY
2023-12-24,0,GTA VI,MY
2023-12-31,0,GTA VI,MY
2024-01-07,0,GTA VI,MY
2024-01-14,0,GTA VI,MY
2024-01-21,0,GTA VI,MY
2024-01-28,0,GTA VI,MY
2024-02-04,0,GTA VI,MY
2024-02-11,0,GTA VI,MY
2024-02-18,0,GTA VI,MY
2024-02-25,0,GTA VI,MY
2024-03-03,0,GTA VI,MY
2024-03-10,0,GTA VI,MY
2024-03-17,0,GTA VI,MY
2024-03-24,0,GTA VI,MY
2024-03-31,0,GTA VI,MY
2024-04-07,0,GTA VI,MY
2024-04-14,0,GTA VI,MY
2024-04-21,0,GTA VI,MY
2024-04-28,0,GTA VI,MY
2024-05-05,0,GTA VI,MY
2024-05-12,8,GTA VI,MY
2024-05-19,0,GTA VI,MY
2024-05-26,0,GTA VI,MY
2024-06-02,0,GTA VI,MY
2024-06-09,0,GTA VI,MY
2024-06-16,0,GTA VI,MY
2024-06-23,0,GTA VI,MY
2024-06-30,0,GTA VI,MY
2024-07-07,0,GTA VI,MY
2024-07-14,0,GTA VI,MY
2024-07-21,0,GTA VI,MY
2024-07-28,0,GTA VI,MY
2024-08-04,0,GTA VI,MY
2024-08-11,0,GTA VI,MY
2024-08-18,0,GTA VI,MY
2024-08-25,0,GTA VI,MY
2024-09-01,0,GTA VI,MY
2024-09-08,0,GTA VI,MY
2024-09-15,0,GTA VI,MY
2024-09-22,0,GTA VI,MY
2024-09-29,0,GTA VI,MY
2024-10-06,0,GTA VI,MY
2024-10-13,0,GTA VI,MY
2024-10-20,0,GTA VI,MY
2024-10-27,0,GTA VI,MY
2024-11-03,0,GTA VI,MY
2024-11-10,0,GTA VI,MY
2024-11-17,0,GTA VI,MY
2024-11-24,0,GTA VI,MY
2024-12-01,0,GTA VI,MY
2024-12-08,0,GTA VI,MY
2024-12-15,0,GTA VI,MY
2024-12-22,0,GTA VI,MY
2024-12-29,0,GTA VI,MY
2025-01-05,0,GTA VI,MY
2025-01-12,0,GTA VI,MY
2025-01-19,0,GTA VI,MY
2025-01-26,0,GTA VI,MY
2025-02-02,0,GTA VI,MY
2025-02-09,0,GTA VI,MY
2025-02-16,0,GTA VI,MY
2025-02-23,0,GTA VI,MY
2025-03-02,0,GTA VI,MY
2025-03-09,0,GTA VI,MY
2025-03-16,0,GTA VI,MY
2025-03-23,0,GTA VI,MY
2025-03-30,0,GTA VI,MY
2025-04-06,0,GTA VI,MY
2025-04-13,0,GTA VI,MY
2025-04-20,0,GTA VI,MY
2025-04-27,0,GTA VI,MY
2025-05-04,34,GTA VI,MY
2025-05-11,11,GTA VI,MY
2025-05-18,0,GTA VI,MY
2025-05-25,0,GTA VI,MY
2025-06-01,0,GTA VI,MY
2025-06-08,0,GTA VI,MY
2025-06-15,0,GTA VI,MY
2025-06-22,0,GTA VI,MY
2025-06-29,0,GTA VI,MY
2025-07-06,0,GTA VI,MY
2025-07-13,0,GTA VI,MY
2025-07-20,0,GTA VI,MY
2025-07-27,0,GTA VI,MY
2025-08-03,0,GTA VI,MY
2025-08-10,0,GTA VI,MY
2025-08-17,0,GTA VI,MY
2025-08-24,0,GTA VI,MY
2025-08-31,0,GTA VI,MY
2025-09-07,0,GTA VI,MY
2025-09-14,0,GTA VI,MY
2025-09-21,0,GTA VI,MY
2025-09-28,0,GTA VI,MY
2025-10-05,0,GTA VI,MY
2025-10-12,0,GTA VI,MY
2025-10-19,0,GTA VI,MY
2025-10-26,0,GTA VI,MY
2025-11-02,9,GTA VI,MY
2025-11-09,0,GTA VI,MY
2025-11-16,0,GTA VI,MY
2025-11-23,0,GTA VI,MY
2025-11-30,0,GTA VI,MY
2025-12-07,0,GTA VI,MY
2025-12-14,0,GTA VI,MY
2025-12-21,0,GTA VI,MY
2025-12-28,0,GTA VI,MY
2026-01-04,0,GTA VI,MY
2026-01-11,0,GTA VI,MY
2026-01-18,0,GTA VI,MY
2026-01-25,0,GTA VI,MY
2026-02-01,9,GTA VI,MY
2026-02-08,0,GTA VI,MY
2026-02-15,0,GTA VI,MY
2026-02-22,0,GTA VI,MY
2026-03-01,0,GTA VI,MY
2026-03-08,10,GTA VI,MY
2026-03-15,0,GTA VI,MY
2026-03-22,0,GTA VI,MY
2026-03-29,0,GTA VI,MY
2026-04-05,0,GTA VI,MY
2026-04-12,11,GTA VI,MY
2026-04-19,0,GTA VI,MY
2026-04-26,0,GTA VI,MY
2026-05-03,0,GTA VI,MY
2026-05-10,0,GTA VI,MY
2026-05-17,0,GTA VI,MY
2026-05-24,12,GTA VI,MY
2026-05-31,0,GTA VI,MY
2026-06-07,0,GTA VI,MY
2026-06-14,29,GTA VI,MY
2026-06-21,100,GTA VI,MY
2026-06-28,32,GTA VI,MY
2026-07-05,18,GTA VI,MY
2026-07-12,11,GTA VI,MY
2026-07-19,0,GTA VI,MY
2026-07-26,0,GTA VI,MY
2026-08-02,9,GTA VI,MY
2026-08-09,13,GTA VI,MY
2026-08-16,15,GTA VI,MY
2026-08-23,46,GTA VI,MY
2026-08-30,37,GTA VI,MY
2026-09-06,21,GTA VI,MY
2023-01-01,0,GTA VI,SG
2023-01-08,0,GTA VI,SG
2023-01-15,0,GTA VI,SG
2023-01-22,0,GTA VI,SG
2023-01-29,0,GTA VI,SG
2023-02-05,0,GTA VI,SG
2023-02-12,0,GTA VI,SG
2023-02-19,0,GTA VI,SG
2023-02-26,0,GTA VI,SG
2023-03-05,0,GTA VI,SG
2023-03-12,0,GTA VI,SG
2023-03-19,0,GTA VI,SG
2023-03-26,0,GTA VI,SG
2023-04-02,0,GTA VI,SG
2023-04-09,0,GTA VI,SG
2023-04-16,0,GTA VI,SG
2023-04-23,0,GTA VI,SG
2023-04-30,0,GTA VI,SG
2023-05-07,0,GTA VI,SG
2023-05-14,0,GTA VI,SG
2023-05-21,0,GTA VI,SG
2023-05-28,0,GTA VI,SG
2023-06-04,0,GTA VI,SG
2023-06-11,0,GTA VI,SG
2023-06-18,0,GTA VI,SG
2023-06-25,0,GTA VI,SG
2023-07-02,0,GTA VI,SG
2023-07-09,0,GTA VI,SG
2023-07-16,0,GTA VI,SG
2023-07-23,0,GTA VI,SG
2023-07-30,0,GTA VI,SG
2023-08-06,0,GTA VI,SG
2023-08-13,0,GTA VI,SG
2023-08-20,0,GTA VI,SG
2023-08-27,0,GTA VI,SG
2023-09-03,0,GTA VI,SG
2023-09-10,0,GTA VI,SG
2023-09-17,0,GTA VI,SG
2023-09-24,0,GTA VI,SG
2023-10-01,0,GTA VI,SG
2023-10-08,0,GTA VI,SG
2023-10-15,0,GTA VI,SG
2023-10-22,0,GTA VI,SG
2023-10-29,0,GTA VI,SG
2023-11-05,0,GTA VI,SG
2023-11-12,0,GTA VI,SG
2023-11-19,0,GTA VI,SG
2023-11-26,0,GTA VI,SG
2023-12-03,28,GTA VI,SG
2023-12-10,0,GTA VI,SG
2023-12-17,0,GTA VI,SG
2023-12-24,0,GTA VI,SG
2023-12-31,0,GTA VI,SG
2024-01-07,0,GTA VI,SG
2024-01-14,0,GTA VI,SG
2024-01-21,0,GTA VI,SG
2024-01-28,0,GTA VI,SG
2024-02-04,0,GTA VI,SG
2024-02-11,0,GTA VI,SG
2024-02-18,0,GTA VI,SG
2024-02-25,0,GTA VI,SG
2024-03-03,0,GTA VI,SG
2024-03-10,0,GTA VI,SG
2024-03-17,0,GTA VI,SG
2024-03-24,0,GTA VI,SG
2024-03-31,0,GTA VI,SG
2024-04-07,0,GTA VI,SG
2024-04-14,0,GTA VI,SG
2024-04-21,0,GTA VI,SG
2024-04-28,0,GTA VI,SG
2024-05-05,0,GTA VI,SG
2024-05-12,0,GTA VI,SG
2024-05-19,0,GTA VI,SG
2024-05-26,0,GTA VI,SG
2024-06-02,0,GTA VI,SG
2024-06-09,0,GTA VI,SG
2024-06-16,0,GTA VI,SG
2024-06-23,0,GTA VI,SG
2024-06-30,0,GTA VI,SG
2024-07-07,0,GTA VI,SG
2024-07-14,0,GTA VI,SG
2024-07-21,0,GTA VI,SG
2024-07-28,0,GTA VI,SG
2024-08-04,0,GTA VI,SG
2024-08-11,0,GTA VI,SG
2024-08-18,0,GTA VI,SG
2024-08-25,0,GTA VI,SG
2024-09-01,0,GTA VI,SG
2024-09-08,0,GTA VI,SG
2024-09-15,0,GTA VI,SG
2024-09-22,0,GTA VI,SG
2024-09-29,0,GTA VI,SG
2024-10-06,0,GTA VI,SG
2024-10-13,0,GTA VI,SG
2024-10-20,0,GTA VI,SG
2024-10-27,0,GTA VI,SG
2024-11-03,0,GTA VI,SG
2024-11-10,0,GTA VI,SG
2024-11-17,0,GTA VI,SG
2024-11-24,0,GTA VI,SG
2024-12-01,0,GTA VI,SG
2024-12-08,0,GTA VI,SG
2024-12-15,0,GTA VI,SG
2024-12-22,0,GTA VI,SG
2024-12-29,0,GTA VI,SG
2025-01-05,0,GTA VI,SG
2025-01-12,0,GTA VI,SG
2025-01-19,0,GTA VI,SG
2025-01-26,0,GTA VI,SG
2025-02-02,0,GTA VI,SG
2025-02-09,0,GTA VI,SG
2025-02-16,0,GTA VI,SG
2025-02-23,0,GTA VI,SG
2025-03-02,0,GTA VI,SG
2025-03-09,0,GTA VI,SG
2025-03-16,0,GTA VI,SG
2025-03-23,0,GTA VI,SG
2025-03-30,0,GTA VI,SG
2025-04-06,0,GTA VI,SG
2025-04-13,0,GTA VI,SG
2025-04-20,0,GTA VI,SG
2025-04-27,0,GTA VI,SG
2025-05-04,10,GTA VI,SG
2025-05-11,0,GTA VI,SG
2025-05-18,0,GTA VI,SG
2025-05-25,0,GTA VI,SG
2025-06-01,0,GTA VI,SG
2025-06-08,0,GTA VI,SG
2025-06-15,0,GTA VI,SG
2025-06-22,0,GTA VI,SG
2025-06-29,0,GTA VI,SG
2025-07-06,0,GTA VI,SG
2025-07-13,0,GTA VI,SG
2025-07-20,0,GTA VI,SG
2025-07-27,0,GTA VI,SG
2025-08-03,0,GTA VI,SG
2025-08-10,0,GTA VI,SG
2025-08-17,0,GTA VI,SG
2025-08-24,0,GTA VI,SG
2025-08-31,0,GTA VI,SG
2025-09-07,0,GTA VI,SG
2025-09-14,0,GTA VI,SG
2025-09-21,0,GTA VI,SG
2025-09-28,0,GTA VI,SG
2025-10-05,0,GTA VI,SG
2025-10-12,0,GTA VI,SG
2025-10-19,0,GTA VI,SG
2025-10-26,0,GTA VI,SG
2025-11-02,0,GTA VI,SG
2025-11-09,0,GTA VI,SG
2025-11-16,0,GTA VI,SG
2025-11-23,0,GTA VI,SG
2025-11-30,0,GTA VI,SG
2025-12-07,0,GTA VI,SG
2025-12-14,0,GTA VI,SG
2025-12-21,0,GTA VI,SG
2025-12-28,12,GTA VI,SG
2026-01-04,0,GTA VI,SG
2026-01-11,0,GTA VI,SG
2026-01-18,0,GTA VI,SG
2026-01-25,0,GTA VI,SG
2026-02-01,0,GTA VI,SG
2026-02-08,0,GTA VI,SG
2026-02-15,0,GTA VI,SG
2026-02-22,0,GTA VI,SG
2026-03-01,0,GTA VI,SG
2026-03-08,0,GTA VI,SG
2026-03-15,0,GTA VI,SG
2026-03-22,10,GTA VI,SG
2026-03-29,0,GTA VI,SG
2026-04-05,11,GTA VI,SG
2026-04-12,0,GTA VI,SG
2026-04-19,0,GTA VI,SG
2026-04-26,0,GTA VI,SG
2026-05-03,0,GTA VI,SG
2026-05-10,13,GTA VI,SG
2026-05-17,13,GTA VI,SG
2026-05-24,0,GTA VI,SG
2026-05-31,0,GTA VI,SG
2026-06-07,10,GTA VI,SG
2026-06-14,29,GTA VI,SG
2026-06-21,100,GTA VI,SG
2026-06-28,37,GTA VI,SG
2026-07-05,10,GTA VI,SG
2026-07-12,9,GTA VI,SG
2026-07-19,9,GTA VI,SG
2026-07-26,0,GTA VI,SG
2026-08-02,0,GTA VI,SG
2026-08-09,0,GTA VI,SG
2026-08-16,18,GTA VI,SG
2026-08-23,26,GTA VI,SG
2026-08-30,14,GTA VI,SG
2026-09-06,7,GTA VI,SG
2023-01-01,0,Grand Theft Auto VI,worldwide
2023-01-08,0,Grand Theft Auto VI,worldwide
2023-01-15,0,Grand Theft Auto VI,worldwide
2023-01-22,0,Grand Theft Auto VI,worldwide
2023-01-29,0,Grand Theft Auto VI,worldwide
2023-02-05,0,Grand Theft Auto VI,worldwide
2023-02-12,0,Grand Theft Auto VI,worldwide
2023-02-19,0,Grand Theft Auto VI,worldwide
2023-02-26,0,Grand Theft Auto VI,worldwide
2023-03-05,0,Grand Theft Auto VI,worldwide
2023-03-12,0,Grand Theft Auto VI,worldwide
2023-03-19,0,Grand Theft Auto VI,worldwide
2023-03-26,0,Grand Theft Auto VI,worldwide
2023-04-02,0,Grand Theft Auto VI,worldwide
2023-04-09,0,Grand Theft Auto VI,worldwide
2023-04-16,0,Grand Theft Auto VI,worldwide
2023-04-23,0,Grand Theft Auto VI,worldwide
2023-04-30,0,Grand Theft Auto VI,worldwide
2023-05-07,0,Grand Theft Auto VI,worldwide
2023-05-14,0,Grand Theft Auto VI,worldwide
2023-05-21,0,Grand Theft Auto VI,worldwide
2023-05-28,0,Grand Theft Auto VI,worldwide
2023-06-04,0,Grand Theft Auto VI,worldwide
2023-06-11,0,Grand Theft Auto VI,worldwide
2023-06-18,0,Grand Theft Auto VI,worldwide
2023-06-25,0,Grand Theft Auto VI,worldwide
2023-07-02,0,Grand Theft Auto VI,worldwide
2023-07-09,0,Grand Theft Auto VI,worldwide
2023-07-16,0,Grand Theft Auto VI,worldwide
2023-07-23,0,Grand Theft Auto VI,worldwide
2023-07-30,0,Grand Theft Auto VI,worldwide
2023-08-06,0,Grand Theft Auto VI,worldwide
2023-08-13,0,Grand Theft Auto VI,worldwide
2023-08-20,0,Grand Theft Auto VI,worldwide
2023-08-27,0,Grand Theft Auto VI,worldwide
2023-09-03,0,Grand Theft Auto VI,worldwide
2023-09-10,0,Grand Theft Auto VI,worldwide
2023-09-17,0,Grand Theft Auto VI,worldwide
2023-09-24,0,Grand Theft Auto VI,worldwide
2023-10-01,0,Grand Theft Auto VI,worldwide
2023-10-08,0,Grand Theft Auto VI,worldwide
2023-10-15,0,Grand Theft Auto VI,worldwide
2023-10-22,0,Grand Theft Auto VI,worldwide
2023-10-29,0,Grand Theft Auto VI,worldwide
2023-11-05,0,Grand Theft Auto VI,worldwide
2023-11-12,0,Grand Theft Auto VI,worldwide
2023-11-19,0,Grand Theft Auto VI,worldwide
2023-11-26,0,Grand Theft Auto VI,worldwide
2023-12-03,8,Grand Theft Auto VI,worldwide
2023-12-10,5,Grand Theft Auto VI,worldwide
2023-12-17,4,Grand Theft Auto VI,worldwide
2023-12-24,0,Grand Theft Auto VI,worldwide
2023-12-31,4,Grand Theft Auto VI,worldwide
2024-01-07,0,Grand Theft Auto VI,worldwide
2024-01-14,0,Grand Theft Auto VI,worldwide
2024-01-21,0,Grand Theft Auto VI,worldwide
2024-01-28,0,Grand Theft Auto VI,worldwide
2024-02-04,0,Grand Theft Auto VI,worldwide
2024-02-11,0,Grand Theft Auto VI,worldwide
2024-02-18,0,Grand Theft Auto VI,worldwide
2024-02-25,0,Grand Theft Auto VI,worldwide
2024-03-03,0,Grand Theft Auto VI,worldwide
2024-03-10,0,Grand Theft Auto VI,worldwide
2024-03-17,0,Grand Theft Auto VI,worldwide
2024-03-24,0,Grand Theft Auto VI,worldwide
2024-03-31,0,Grand Theft Auto VI,worldwide
2024-04-07,0,Grand Theft Auto VI,worldwide
2024-04-14,0,Grand Theft Auto VI,worldwide
2024-04-21,0,Grand Theft Auto VI,worldwide
2024-04-28,0,Grand Theft Auto VI,worldwide
2024-05-05,0,Grand Theft Auto VI,worldwide
2024-05-12,2,Grand Theft Auto VI,worldwide
2024-05-19,3,Grand Theft Auto VI,worldwide
2024-05-26,2,Grand Theft Auto VI,worldwide
2024-06-02,0,Grand Theft Auto VI,worldwide
2024-06-09,0,Grand Theft Auto VI,worldwide
2024-06-16,0,Grand Theft Auto VI,worldwide
2024-06-23,0,Grand Theft Auto VI,worldwide
2024-06-30,0,Grand Theft Auto VI,worldwide
2024-07-07,0,Grand Theft Auto VI,worldwide
2024-07-14,0,Grand Theft Auto VI,worldwide
2024-07-21,3,Grand Theft Auto VI,worldwide
2024-07-28,0,Grand Theft Auto VI,worldwide
2024-08-04,0,Grand Theft Auto VI,worldwide
2024-08-11,0,Grand Theft Auto VI,worldwide
2024-08-18,0,Grand Theft Auto VI,worldwide
2024-08-25,0,Grand Theft Auto VI,worldwide
2024-09-01,0,Grand Theft Auto VI,worldwide
2024-09-08,0,Grand Theft Auto VI,worldwide
2024-09-15,0,Grand Theft Auto VI,worldwide
2024-09-22,0,Grand Theft Auto VI,worldwide
2024-09-29,0,Grand Theft Auto VI,worldwide
2024-10-06,0,Grand Theft Auto VI,worldwide
2024-10-13,0,Grand Theft Auto VI,worldwide
2024-10-20,0,Grand Theft Auto VI,worldwide
2024-10-27,0,Grand Theft Auto VI,worldwide
2024-11-03,2,Grand Theft Auto VI,worldwide
2024-11-10,0,Grand Theft Auto VI,worldwide
2024-11-17,0,Grand Theft Auto VI,worldwide
2024-11-24,4,Grand Theft Auto VI,worldwide
2024-12-01,0,Grand Theft Auto VI,worldwide
2024-12-08,0,Grand Theft Auto VI,worldwide
2024-12-15,0,Grand Theft Auto VI,worldwide
2024-12-22,3,Grand Theft Auto VI,worldwide
2024-12-29,6,Grand Theft Auto VI,worldwide
2025-01-05,3,Grand Theft Auto VI,worldwide
2025-01-12,4,Grand Theft Auto VI,worldwide
2025-01-19,0,Grand Theft Auto VI,worldwide
2025-01-26,3,Grand Theft Auto VI,worldwide
2025-02-02,5,Grand Theft Auto VI,worldwide
2025-02-09,0,Grand Theft Auto VI,worldwide
2025-02-16,0,Grand Theft Auto VI,worldwide
2025-02-23,0,Grand Theft Auto VI,worldwide
2025-03-02,4,Grand Theft Auto VI,worldwide
2025-03-09,3,Grand Theft Auto VI,worldwide
2025-03-16,3,Grand Theft Auto VI,worldwide
2025-03-23,0,Grand Theft Auto VI,worldwide
2025-03-30,0,Grand Theft Auto VI,worldwide
2025-04-06,2,Grand Theft Auto VI,worldwide
2025-04-13,0,Grand Theft Auto VI,worldwide
2025-04-20,4,Grand Theft Auto VI,worldwide
2025-04-27,5,Grand Theft Auto VI,worldwide
2025-05-04,14,Grand Theft Auto VI,worldwide
2025-05-11,8,Grand Theft Auto VI,worldwide
2025-05-18,5,Grand Theft Auto VI,worldwide
2025-05-25,3,Grand Theft Auto VI,worldwide
2025-06-01,0,Grand Theft Auto VI,worldwide
2025-06-08,3,Grand Theft Auto VI,worldwide
2025-06-15,4,Grand Theft Auto VI,worldwide
2025-06-22,0,Grand Theft Auto VI,worldwide
2025-06-29,9,Grand Theft Auto VI,worldwide
2025-07-06,5,Grand Theft Auto VI,worldwide
2025-07-13,4,Grand Theft Auto VI,worldwide
2025-07-20,0,Grand Theft Auto VI,worldwide
2025-07-27,0,Grand Theft Auto VI,worldwide
2025-08-03,3,Grand Theft Auto VI,worldwide
2025-08-10,3,Grand Theft Auto VI,worldwide
2025-08-17,0,Grand Theft Auto VI,worldwide
2025-08-24,0,Grand Theft Auto VI,worldwide
2025-08-31,3,Grand Theft Auto VI,worldwide
2025-09-07,3,Grand Theft Auto VI,worldwide
2025-09-14,3,Grand Theft Auto VI,worldwide
2025-09-21,3,Grand Theft Auto VI,worldwide
2025-09-28,3,Grand Theft Auto VI,worldwide
2025-10-05,0,Grand Theft Auto VI,worldwide
2025-10-12,2,Grand Theft Auto VI,worldwide
2025-10-19,0,Grand Theft Auto VI,worldwide
2025-10-26,0,Grand Theft Auto VI,worldwide
2025-11-02,4,Grand Theft Auto VI,worldwide
2025-11-09,3,Grand Theft Auto VI,worldwide
2025-11-16,0,Grand Theft Auto VI,worldwide
2025-11-23,4,Grand Theft Auto VI,worldwide
2025-11-30,0,Grand Theft Auto VI,worldwide
2025-12-07,3,Grand Theft Auto VI,worldwide
2025-12-14,4,Grand Theft Auto VI,worldwide
2025-12-21,9,Grand Theft Auto VI,worldwide
2025-12-28,4,Grand Theft Auto VI,worldwide
2026-01-04,5,Grand Theft Auto VI,worldwide
2026-01-11,2,Grand Theft Auto VI,worldwide
2026-01-18,6,Grand Theft Auto VI,worldwide
2026-01-25,4,Grand Theft Auto VI,worldwide
2026-02-01,4,Grand Theft Auto VI,worldwide
2026-02-08,3,Grand Theft Auto VI,worldwide
2026-02-15,4,Grand Theft Auto VI,worldwide
2026-02-22,4,Grand Theft Auto VI,worldwide
2026-03-01,5,Grand Theft Auto VI,worldwide
2026-03-08,2,Grand Theft Auto VI,worldwide
2026-03-15,3,Grand Theft Auto VI,worldwide
2026-03-22,4,Grand Theft Auto VI,worldwide
2026-03-29,5,Grand Theft Auto VI,worldwide
2026-04-05,20,Grand Theft Auto VI,worldwide
2026-04-12,9,Grand Theft Auto VI,worldwide
2026-04-19,9,Grand Theft Auto VI,worldwide
2026-04-26,100,Grand Theft Auto VI,worldwide
2026-05-03,17,Grand Theft Auto VI,worldwide
2026-05-10,21,Grand Theft Auto VI,worldwide
2026-05-17,78,Grand Theft Auto VI,worldwide
2026-05-24,17,Grand Theft Auto VI,worldwide
2026-05-31,5,Grand Theft Auto VI,worldwide
2026-06-07,49,Grand Theft Auto VI,worldwide
2026-06-14,34,Grand Theft Auto VI,worldwide
2026-06-21,91,Grand Theft Auto VI,worldwide
2026-06-28,70,Grand Theft Auto VI,worldwide
2026-07-05,32,Grand Theft Auto VI,worldwide
2026-07-12,28,Grand Theft Auto VI,worldwide
2026-07-19,12,Grand Theft Auto VI,worldwide
2026-07-26,29,Grand Theft Auto VI,worldwide
2026-08-02,36,Grand Theft Auto VI,worldwide
2026-08-09,14,Grand Theft Auto VI,worldwide
2026-08-16,29,Grand Theft Auto VI,worldwide
2026-08-23,76,Grand Theft Auto VI,worldwide
2026-08-30,39,Grand Theft Auto VI,worldwide
2026-09-06,43,Grand Theft Auto VI,worldwide
2023-01-01,0,Grand Theft Auto VI,US
2023-01-08,0,Grand Theft Auto VI,US
2023-01-15,0,Grand Theft Auto VI,US
2023-01-22,0,Grand Theft Auto VI,US
2023-01-29,0,Grand Theft Auto VI,US
2023-02-05,0,Grand Theft Auto VI,US
2023-02-12,0,Grand Theft Auto VI,US
2023-02-19,0,Grand Theft Auto VI,US
2023-02-26,0,Grand Theft Auto VI,US
2023-03-05,0,Grand Theft Auto VI,US
2023-03-12,0,Grand Theft Auto VI,US
2023-03-19,0,Grand Theft Auto VI,US
2023-03-26,0,Grand Theft Auto VI,US
2023-04-02,0,Grand Theft Auto VI,US
2023-04-09,0,Grand Theft Auto VI,US
2023-04-16,0,Grand Theft Auto VI,US
2023-04-23,0,Grand Theft Auto VI,US
2023-04-30,0,Grand Theft Auto VI,US
2023-05-07,1,Grand Theft Auto VI,US
2023-05-14,0,Grand Theft Auto VI,US
2023-05-21,0,Grand Theft Auto VI,US
2023-05-28,0,Grand Theft Auto VI,US
2023-06-04,0,Grand Theft Auto VI,US
2023-06-11,0,Grand Theft Auto VI,US
2023-06-18,0,Grand Theft Auto VI,US
2023-06-25,1,Grand Theft Auto VI,US
2023-07-02,0,Grand Theft Auto VI,US
2023-07-09,0,Grand Theft Auto VI,US
2023-07-16,1,Grand Theft Auto VI,US
2023-07-23,0,Grand Theft Auto VI,US
2023-07-30,0,Grand Theft Auto VI,US
2023-08-06,1,Grand Theft Auto VI,US
2023-08-13,0,Grand Theft Auto VI,US
2023-08-20,0,Grand Theft Auto VI,US
2023-08-27,0,Grand Theft Auto VI,US
2023-09-03,1,Grand Theft Auto VI,US
2023-09-10,0,Grand Theft Auto VI,US
2023-09-17,0,Grand Theft Auto VI,US
2023-09-24,0,Grand Theft Auto VI,US
2023-10-01,0,Grand Theft Auto VI,US
2023-10-08,1,Grand Theft Auto VI,US
2023-10-15,1,Grand Theft Auto VI,US
2023-10-22,1,Grand Theft Auto VI,US
2023-10-29,0,Grand Theft Auto VI,US
2023-11-05,2,Grand Theft Auto VI,US
2023-11-12,1,Grand Theft Auto VI,US
2023-11-19,0,Grand Theft Auto VI,US
2023-11-26,1,Grand Theft Auto VI,US
2023-12-03,15,Grand Theft Auto VI,US
2023-12-10,12,Grand Theft Auto VI,US
2023-12-17,7,Grand Theft Auto VI,US
2023-12-24,6,Grand Theft Auto VI,US
2023-12-31,2,Grand Theft Auto VI,US
2024-01-07,2,Grand Theft Auto VI,US
2024-01-14,2,Grand Theft Auto VI,US
2024-01-21,2,Grand Theft Auto VI,US
2024-01-28,1,Grand Theft Auto VI,US
2024-02-04,2,Grand Theft Auto VI,US
2024-02-11,2,Grand Theft Auto VI,US
2024-02-18,2,Grand Theft Auto VI,US
2024-02-25,2,Grand Theft Auto VI,US
2024-03-03,2,Grand Theft Auto VI,US
2024-03-10,2,Grand Theft Auto VI,US
2024-03-17,2,Grand Theft Auto VI,US
2024-03-24,2,Grand Theft Auto VI,US
2024-03-31,2,Grand Theft Auto VI,US
2024-04-07,2,Grand Theft Auto VI,US
2024-04-14,3,Grand Theft Auto VI,US
2024-04-21,2,Grand Theft Auto VI,US
2024-04-28,2,Grand Theft Auto VI,US
2024-05-05,1,Grand Theft Auto VI,US
2024-05-12,3,Grand Theft Auto VI,US
2024-05-19,3,Grand Theft Auto VI,US
2024-05-26,2,Grand Theft Auto VI,US
2024-06-02,3,Grand Theft Auto VI,US
2024-06-09,3,Grand Theft Auto VI,US
2024-06-16,2,Grand Theft Auto VI,US
2024-06-23,2,Grand Theft Auto VI,US
2024-06-30,3,Grand Theft Auto VI,US
2024-07-07,3,Grand Theft Auto VI,US
2024-07-14,3,Grand Theft Auto VI,US
2024-07-21,3,Grand Theft Auto VI,US
2024-07-28,2,Grand Theft Auto VI,US
2024-08-04,2,Grand Theft Auto VI,US
2024-08-11,4,Grand Theft Auto VI,US
2024-08-18,2,Grand Theft Auto VI,US
2024-08-25,2,Grand Theft Auto VI,US
2024-09-01,3,Grand Theft Auto VI,US
2024-09-08,3,Grand Theft Auto VI,US
2024-09-15,3,Grand Theft Auto VI,US
2024-09-22,2,Grand Theft Auto VI,US
2024-09-29,2,Grand Theft Auto VI,US
2024-10-06,2,Grand Theft Auto VI,US
2024-10-13,2,Grand Theft Auto VI,US
2024-10-20,2,Grand Theft Auto VI,US
2024-10-27,3,Grand Theft Auto VI,US
2024-11-03,2,Grand Theft Auto VI,US
2024-11-10,3,Grand Theft Auto VI,US
2024-11-17,3,Grand Theft Auto VI,US
2024-11-24,4,Grand Theft Auto VI,US
2024-12-01,4,Grand Theft Auto VI,US
2024-12-08,4,Grand Theft Auto VI,US
2024-12-15,3,Grand Theft Auto VI,US
2024-12-22,6,Grand Theft Auto VI,US
2024-12-29,7,Grand Theft Auto VI,US
2025-01-05,5,Grand Theft Auto VI,US
2025-01-12,4,Grand Theft Auto VI,US
2025-01-19,5,Grand Theft Auto VI,US
2025-01-26,4,Grand Theft Auto VI,US
2025-02-02,4,Grand Theft Auto VI,US
2025-02-09,6,Grand Theft Auto VI,US
2025-02-16,6,Grand Theft Auto VI,US
2025-02-23,7,Grand Theft Auto VI,US
2025-03-02,6,Grand Theft Auto VI,US
2025-03-09,5,Grand Theft Auto VI,US
2025-03-16,5,Grand Theft Auto VI,US
2025-03-23,5,Grand Theft Auto VI,US
2025-03-30,4,Grand Theft Auto VI,US
2025-04-06,5,Grand Theft Auto VI,US
2025-04-13,4,Grand Theft Auto VI,US
2025-04-20,4,Grand Theft Auto VI,US
2025-04-27,13,Grand Theft Auto VI,US
2025-05-04,25,Grand Theft Auto VI,US
2025-05-11,9,Grand Theft Auto VI,US
2025-05-18,5,Grand Theft Auto VI,US
2025-05-25,5,Grand Theft Auto VI,US
2025-06-01,3,Grand Theft Auto VI,US
2025-06-08,4,Grand Theft Auto VI,US
2025-06-15,3,Grand Theft Auto VI,US
2025-06-22,3,Grand Theft Auto VI,US
2025-06-29,3,Grand Theft Auto VI,US
2025-07-06,3,Grand Theft Auto VI,US
2025-07-13,3,Grand Theft Auto VI,US
2025-07-20,6,Grand Theft Auto VI,US
2025-07-27,10,Grand Theft Auto VI,US
2025-08-03,5,Grand Theft Auto VI,US
2025-08-10,4,Grand Theft Auto VI,US
2025-08-17,3,Grand Theft Auto VI,US
2025-08-24,3,Grand Theft Auto VI,US
2025-08-31,3,Grand Theft Auto VI,US
2025-09-07,2,Grand Theft Auto VI,US
2025-09-14,3,Grand Theft Auto VI,US
2025-09-21,3,Grand Theft Auto VI,US
2025-09-28,3,Grand Theft Auto VI,US
2025-10-05,2,Grand Theft Auto VI,US
2025-10-12,3,Grand Theft Auto VI,US
2025-10-19,3,Grand Theft Auto VI,US
2025-10-26,3,Grand Theft Auto VI,US
2025-11-02,8,Grand Theft Auto VI,US
2025-11-09,5,Grand Theft Auto VI,US
2025-11-16,4,Grand Theft Auto VI,US
2025-11-23,5,Grand Theft Auto VI,US
2025-11-30,4,Grand Theft Auto VI,US
2025-12-07,7,Grand Theft Auto VI,US
2025-12-14,3,Grand Theft Auto VI,US
2025-12-21,5,Grand Theft Auto VI,US
2025-12-28,9,Grand Theft Auto VI,US
2026-01-04,7,Grand Theft Auto VI,US
2026-01-11,5,Grand Theft Auto VI,US
2026-01-18,6,Grand Theft Auto VI,US
2026-01-25,6,Grand Theft Auto VI,US
2026-02-01,6,Grand Theft Auto VI,US
2026-02-08,6,Grand Theft Auto VI,US
2026-02-15,5,Grand Theft Auto VI,US
2026-02-22,6,Grand Theft Auto VI,US
2026-03-01,6,Grand Theft Auto VI,US
2026-03-08,7,Grand Theft Auto VI,US
2026-03-15,8,Grand Theft Auto VI,US
2026-03-22,24,Grand Theft Auto VI,US
2026-03-29,6,Grand Theft Auto VI,US
2026-04-05,10,Grand Theft Auto VI,US
2026-04-12,10,Grand Theft Auto VI,US
2026-04-19,23,Grand Theft Auto VI,US
2026-04-26,14,Grand Theft Auto VI,US
2026-05-03,11,Grand Theft Auto VI,US
2026-05-10,14,Grand Theft Auto VI,US
2026-05-17,30,Grand Theft Auto VI,US
2026-05-24,16,Grand Theft Auto VI,US
2026-05-31,13,Grand Theft Auto VI,US
2026-06-07,14,Grand Theft Auto VI,US
2026-06-14,25,Grand Theft Auto VI,US
2026-06-21,100,Grand Theft Auto VI,US
2026-06-28,50,Grand Theft Auto VI,US
2026-07-05,21,Grand Theft Auto VI,US
2026-07-12,13,Grand Theft Auto VI,US
2026-07-19,19,Grand Theft Auto VI,US
2026-07-26,9,Grand Theft Auto VI,US
2026-08-02,14,Grand Theft Auto VI,US
2026-08-09,23,Grand Theft Auto VI,US
2026-08-16,24,Grand Theft Auto VI,US
2026-08-23,45,Grand Theft Auto VI,US
2026-08-30,48,Grand Theft Auto VI,US
2026-09-06,21,Grand Theft Auto VI,US
2023-01-01,0,Grand Theft Auto VI,GB
2023-01-08,0,Grand Theft Auto VI,GB
2023-01-15,0,Grand Theft Auto VI,GB
2023-01-22,0,Grand Theft Auto VI,GB
2023-01-29,0,Grand Theft Auto VI,GB
2023-02-05,0,Grand Theft Auto VI,GB
2023-02-12,0,Grand Theft Auto VI,GB
2023-02-19,0,Grand Theft Auto VI,GB
2023-02-26,0,Grand Theft Auto VI,GB
2023-03-05,0,Grand Theft Auto VI,GB
2023-03-12,0,Grand Theft Auto VI,GB
2023-03-19,0,Grand Theft Auto VI,GB
2023-03-26,0,Grand Theft Auto VI,GB
2023-04-02,0,Grand Theft Auto VI,GB
2023-04-09,0,Grand Theft Auto VI,GB
2023-04-16,0,Grand Theft Auto VI,GB
2023-04-23,0,Grand Theft Auto VI,GB
2023-04-30,0,Grand Theft Auto VI,GB
2023-05-07,0,Grand Theft Auto VI,GB
2023-05-14,0,Grand Theft Auto VI,GB
2023-05-21,0,Grand Theft Auto VI,GB
2023-05-28,0,Grand Theft Auto VI,GB
2023-06-04,0,Grand Theft Auto VI,GB
2023-06-11,0,Grand Theft Auto VI,GB
2023-06-18,0,Grand Theft Auto VI,GB
2023-06-25,1,Grand Theft Auto VI,GB
2023-07-02,0,Grand Theft Auto VI,GB
2023-07-09,0,Grand Theft Auto VI,GB
2023-07-16,0,Grand Theft Auto VI,GB
2023-07-23,0,Grand Theft Auto VI,GB
2023-07-30,0,Grand Theft Auto VI,GB
2023-08-06,0,Grand Theft Auto VI,GB
2023-08-13,0,Grand Theft Auto VI,GB
2023-08-20,0,Grand Theft Auto VI,GB
2023-08-27,0,Grand Theft Auto VI,GB
2023-09-03,0,Grand Theft Auto VI,GB
2023-09-10,0,Grand Theft Auto VI,GB
2023-09-17,0,Grand Theft Auto VI,GB
2023-09-24,0,Grand Theft Auto VI,GB
2023-10-01,0,Grand Theft Auto VI,GB
2023-10-08,0,Grand Theft Auto VI,GB
2023-10-15,1,Grand Theft Auto VI,GB
2023-10-22,0,Grand Theft Auto VI,GB
2023-10-29,0,Grand Theft Auto VI,GB
2023-11-05,0,Grand Theft Auto VI,GB
2023-11-12,0,Grand Theft Auto VI,GB
2023-11-19,0,Grand Theft Auto VI,GB
2023-11-26,0,Grand Theft Auto VI,GB
2023-12-03,8,Grand Theft Auto VI,GB
2023-12-10,1,Grand Theft Auto VI,GB
2023-12-17,1,Grand Theft Auto VI,GB
2023-12-24,0,Grand Theft Auto VI,GB
2023-12-31,0,Grand Theft Auto VI,GB
2024-01-07,0,Grand Theft Auto VI,GB
2024-01-14,0,Grand Theft Auto VI,GB
2024-01-21,0,Grand Theft Auto VI,GB
2024-01-28,0,Grand Theft Auto VI,GB
2024-02-04,0,Grand Theft Auto VI,GB
2024-02-11,0,Grand Theft Auto VI,GB
2024-02-18,0,Grand Theft Auto VI,GB
2024-02-25,0,Grand Theft Auto VI,GB
2024-03-03,0,Grand Theft Auto VI,GB
2024-03-10,1,Grand Theft Auto VI,GB
2024-03-17,0,Grand Theft Auto VI,GB
2024-03-24,1,Grand Theft Auto VI,GB
2024-03-31,0,Grand Theft Auto VI,GB
2024-04-07,0,Grand Theft Auto VI,GB
2024-04-14,0,Grand Theft Auto VI,GB
2024-04-21,0,Grand Theft Auto VI,GB
2024-04-28,0,Grand Theft Auto VI,GB
2024-05-05,0,Grand Theft Auto VI,GB
2024-05-12,2,Grand Theft Auto VI,GB
2024-05-19,0,Grand Theft Auto VI,GB
2024-05-26,0,Grand Theft Auto VI,GB
2024-06-02,1,Grand Theft Auto VI,GB
2024-06-09,0,Grand Theft Auto VI,GB
2024-06-16,0,Grand Theft Auto VI,GB
2024-06-23,1,Grand Theft Auto VI,GB
2024-06-30,1,Grand Theft Auto VI,GB
2024-07-07,1,Grand Theft Auto VI,GB
2024-07-14,0,Grand Theft Auto VI,GB
2024-07-21,1,Grand Theft Auto VI,GB
2024-07-28,1,Grand Theft Auto VI,GB
2024-08-04,1,Grand Theft Auto VI,GB
2024-08-11,0,Grand Theft Auto VI,GB
2024-08-18,1,Grand Theft Auto VI,GB
2024-08-25,0,Grand Theft Auto VI,GB
2024-09-01,1,Grand Theft Auto VI,GB
2024-09-08,2,Grand Theft Auto VI,GB
2024-09-15,1,Grand Theft Auto VI,GB
2024-09-22,1,Grand Theft Auto VI,GB
2024-09-29,0,Grand Theft Auto VI,GB
2024-10-06,1,Grand Theft Auto VI,GB
2024-10-13,1,Grand Theft Auto VI,GB
2024-10-20,2,Grand Theft Auto VI,GB
2024-10-27,1,Grand Theft Auto VI,GB
2024-11-03,1,Grand Theft Auto VI,GB
2024-11-10,1,Grand Theft Auto VI,GB
2024-11-17,1,Grand Theft Auto VI,GB
2024-11-24,2,Grand Theft Auto VI,GB
2024-12-01,2,Grand Theft Auto VI,GB
2024-12-08,2,Grand Theft Auto VI,GB
2024-12-15,1,Grand Theft Auto VI,GB
2024-12-22,3,Grand Theft Auto VI,GB
2024-12-29,3,Grand Theft Auto VI,GB
2025-01-05,2,Grand Theft Auto VI,GB
2025-01-12,2,Grand Theft Auto VI,GB
2025-01-19,2,Grand Theft Auto VI,GB
2025-01-26,2,Grand Theft Auto VI,GB
2025-02-02,2,Grand Theft Auto VI,GB
2025-02-09,1,Grand Theft Auto VI,GB
2025-02-16,2,Grand Theft Auto VI,GB
2025-02-23,0,Grand Theft Auto VI,GB
2025-03-02,2,Grand Theft Auto VI,GB
2025-03-09,2,Grand Theft Auto VI,GB
2025-03-16,2,Grand Theft Auto VI,GB
2025-03-23,2,Grand Theft Auto VI,GB
2025-03-30,2,Grand Theft Auto VI,GB
2025-04-06,1,Grand Theft Auto VI,GB
2025-04-13,1,Grand Theft Auto VI,GB
2025-04-20,2,Grand Theft Auto VI,GB
2025-04-27,5,Grand Theft Auto VI,GB
2025-05-04,11,Grand Theft Auto VI,GB
2025-05-11,3,Grand Theft Auto VI,GB
2025-05-18,2,Grand Theft Auto VI,GB
2025-05-25,0,Grand Theft Auto VI,GB
2025-06-01,1,Grand Theft Auto VI,GB
2025-06-08,0,Grand Theft Auto VI,GB
2025-06-15,2,Grand Theft Auto VI,GB
2025-06-22,1,Grand Theft Auto VI,GB
2025-06-29,2,Grand Theft Auto VI,GB
2025-07-06,1,Grand Theft Auto VI,GB
2025-07-13,0,Grand Theft Auto VI,GB
2025-07-20,0,Grand Theft Auto VI,GB
2025-07-27,2,Grand Theft Auto VI,GB
2025-08-03,2,Grand Theft Auto VI,GB
2025-08-10,0,Grand Theft Auto VI,GB
2025-08-17,2,Grand Theft Auto VI,GB
2025-08-24,2,Grand Theft Auto VI,GB
2025-08-31,0,Grand Theft Auto VI,GB
2025-09-07,1,Grand Theft Auto VI,GB
2025-09-14,2,Grand Theft Auto VI,GB
2025-09-21,2,Grand Theft Auto VI,GB
2025-09-28,2,Grand Theft Auto VI,GB
2025-10-05,1,Grand Theft Auto VI,GB
2025-10-12,2,Grand Theft Auto VI,GB
2025-10-19,2,Grand Theft Auto VI,GB
2025-10-26,1,Grand Theft Auto VI,GB
2025-11-02,6,Grand Theft Auto VI,GB
2025-11-09,3,Grand Theft Auto VI,GB
2025-11-16,2,Grand Theft Auto VI,GB
2025-11-23,1,Grand Theft Auto VI,GB
2025-11-30,2,Grand Theft Auto VI,GB
2025-12-07,2,Grand Theft Auto VI,GB
2025-12-14,2,Grand Theft Auto VI,GB
2025-12-21,2,Grand Theft Auto VI,GB
2025-12-28,2,Grand Theft Auto VI,GB
2026-01-04,2,Grand Theft Auto VI,GB
2026-01-11,2,Grand Theft Auto VI,GB
2026-01-18,3,Grand Theft Auto VI,GB
2026-01-25,1,Grand Theft Auto VI,GB
2026-02-01,5,Grand Theft Auto VI,GB
2026-02-08,3,Grand Theft Auto VI,GB
2026-02-15,1,Grand Theft Auto VI,GB
2026-02-22,2,Grand Theft Auto VI,GB
2026-03-01,3,Grand Theft Auto VI,GB
2026-03-08,2,Grand Theft Auto VI,GB
2026-03-15,2,Grand Theft Auto VI,GB
2026-03-22,7,Grand Theft Auto VI,GB
2026-03-29,13,Grand Theft Auto VI,GB
2026-04-05,14,Grand Theft Auto VI,GB
2026-04-12,17,Grand Theft Auto VI,GB
2026-04-19,19,Grand Theft Auto VI,GB
2026-04-26,12,Grand Theft Auto VI,GB
2026-05-03,13,Grand Theft Auto VI,GB
2026-05-10,28,Grand Theft Auto VI,GB
2026-05-17,67,Grand Theft Auto VI,GB
2026-05-24,13,Grand Theft Auto VI,GB
2026-05-31,5,Grand Theft Auto VI,GB
2026-06-07,5,Grand Theft Auto VI,GB
2026-06-14,22,Grand Theft Auto VI,GB
2026-06-21,100,Grand Theft Auto VI,GB
2026-06-28,28,Grand Theft Auto VI,GB
2026-07-05,10,Grand Theft Auto VI,GB
2026-07-12,10,Grand Theft Auto VI,GB
2026-07-19,10,Grand Theft Auto VI,GB
2026-07-26,10,Grand Theft Auto VI,GB
2026-08-02,12,Grand Theft Auto VI,GB
2026-08-09,16,Grand Theft Auto VI,GB
2026-08-16,52,Grand Theft Auto VI,GB
2026-08-23,64,Grand Theft Auto VI,GB
2026-08-30,51,Grand Theft Auto VI,GB
2026-09-06,41,Grand Theft Auto VI,GB
2023-01-01,0,Grand Theft Auto VI,IN
2023-01-08,0,Grand Theft Auto VI,IN
2023-01-15,0,Grand Theft Auto VI,IN
2023-01-22,0,Grand Theft Auto VI,IN
2023-01-29,0,Grand Theft Auto VI,IN
2023-02-05,0,Grand Theft Auto VI,IN
2023-02-12,0,Grand Theft Auto VI,IN
2023-02-19,0,Grand Theft Auto VI,IN
2023-02-26,0,Grand Theft Auto VI,IN
2023-03-05,0,Grand Theft Auto VI,IN
2023-03-12,0,Grand Theft Auto VI,IN
2023-03-19,0,Grand Theft Auto VI,IN
2023-03-26,0,Grand Theft Auto VI,IN
2023-04-02,0,Grand Theft Auto VI,IN
2023-04-09,0,Grand Theft Auto VI,IN
2023-04-16,0,Grand Theft Auto VI,IN
2023-04-23,0,Grand Theft Auto VI,IN
2023-04-30,0,Grand Theft Auto VI,IN
2023-05-07,0,Grand Theft Auto VI,IN
2023-05-14,0,Grand Theft Auto VI,IN
2023-05-21,0,Grand Theft Auto VI,IN
2023-05-28,0,Grand Theft Auto VI,IN
2023-06-04,0,Grand Theft Auto VI,IN
2023-06-11,0,Grand Theft Auto VI,IN
2023-06-18,0,Grand Theft Auto VI,IN
2023-06-25,0,Grand Theft Auto VI,IN
2023-07-02,0,Grand Theft Auto VI,IN
2023-07-09,0,Grand Theft Auto VI,IN
2023-07-16,0,Grand Theft Auto VI,IN
2023-07-23,0,Grand Theft Auto VI,IN
2023-07-30,0,Grand Theft Auto VI,IN
2023-08-06,0,Grand Theft Auto VI,IN
2023-08-13,0,Grand Theft Auto VI,IN
2023-08-20,0,Grand Theft Auto VI,IN
2023-08-27,0,Grand Theft Auto VI,IN
2023-09-03,0,Grand Theft Auto VI,IN
2023-09-10,0,Grand Theft Auto VI,IN
2023-09-17,0,Grand Theft Auto VI,IN
2023-09-24,0,Grand Theft Auto VI,IN
2023-10-01,0,Grand Theft Auto VI,IN
2023-10-08,0,Grand Theft Auto VI,IN
2023-10-15,0,Grand Theft Auto VI,IN
2023-10-22,0,Grand Theft Auto VI,IN
2023-10-29,0,Grand Theft Auto VI,IN
2023-11-05,0,Grand Theft Auto VI,IN
2023-11-12,0,Grand Theft Auto VI,IN
2023-11-19,0,Grand Theft Auto VI,IN
2023-11-26,0,Grand Theft Auto VI,IN
2023-12-03,10,Grand Theft Auto VI,IN
2023-12-10,3,Grand Theft Auto VI,IN
2023-12-17,4,Grand Theft Auto VI,IN
2023-12-24,4,Grand Theft Auto VI,IN
2023-12-31,3,Grand Theft Auto VI,IN
2024-01-07,2,Grand Theft Auto VI,IN
2024-01-14,2,Grand Theft Auto VI,IN
2024-01-21,1,Grand Theft Auto VI,IN
2024-01-28,1,Grand Theft Auto VI,IN
2024-02-04,2,Grand Theft Auto VI,IN
2024-02-11,2,Grand Theft Auto VI,IN
2024-02-18,0,Grand Theft Auto VI,IN
2024-02-25,2,Grand Theft Auto VI,IN
2024-03-03,2,Grand Theft Auto VI,IN
2024-03-10,2,Grand Theft Auto VI,IN
2024-03-17,2,Grand Theft Auto VI,IN
2024-03-24,3,Grand Theft Auto VI,IN
2024-03-31,2,Grand Theft Auto VI,IN
2024-04-07,1,Grand Theft Auto VI,IN
2024-04-14,0,Grand Theft Auto VI,IN
2024-04-21,0,Grand Theft Auto VI,IN
2024-04-28,0,Grand Theft Auto VI,IN
2024-05-05,0,Grand Theft Auto VI,IN
2024-05-12,3,Grand Theft Auto VI,IN
2024-05-19,0,Grand Theft Auto VI,IN
2024-05-26,2,Grand Theft Auto VI,IN
2024-06-02,1,Grand Theft Auto VI,IN
2024-06-09,2,Grand Theft Auto VI,IN
2024-06-16,0,Grand Theft Auto VI,IN
2024-06-23,0,Grand Theft Auto VI,IN
2024-06-30,0,Grand Theft Auto VI,IN
2024-07-07,2,Grand Theft Auto VI,IN
2024-07-14,1,Grand Theft Auto VI,IN
2024-07-21,4,Grand Theft Auto VI,IN
2024-07-28,3,Grand Theft Auto VI,IN
2024-08-04,2,Grand Theft Auto VI,IN
2024-08-11,2,Grand Theft Auto VI,IN
2024-08-18,0,Grand Theft Auto VI,IN
2024-08-25,0,Grand Theft Auto VI,IN
2024-09-01,0,Grand Theft Auto VI,IN
2024-09-08,0,Grand Theft Auto VI,IN
2024-09-15,0,Grand Theft Auto VI,IN
2024-09-22,1,Grand Theft Auto VI,IN
2024-09-29,0,Grand Theft Auto VI,IN
2024-10-06,2,Grand Theft Auto VI,IN
2024-10-13,1,Grand Theft Auto VI,IN
2024-10-20,0,Grand Theft Auto VI,IN
2024-10-27,2,Grand Theft Auto VI,IN
2024-11-03,0,Grand Theft Auto VI,IN
2024-11-10,2,Grand Theft Auto VI,IN
2024-11-17,0,Grand Theft Auto VI,IN
2024-11-24,3,Grand Theft Auto VI,IN
2024-12-01,2,Grand Theft Auto VI,IN
2024-12-08,0,Grand Theft Auto VI,IN
2024-12-15,2,Grand Theft Auto VI,IN
2024-12-22,3,Grand Theft Auto VI,IN
2024-12-29,2,Grand Theft Auto VI,IN
2025-01-05,2,Grand Theft Auto VI,IN
2025-01-12,0,Grand Theft Auto VI,IN
2025-01-19,1,Grand Theft Auto VI,IN
2025-01-26,0,Grand Theft Auto VI,IN
2025-02-02,2,Grand Theft Auto VI,IN
2025-02-09,2,Grand Theft Auto VI,IN
2025-02-16,0,Grand Theft Auto VI,IN
2025-02-23,0,Grand Theft Auto VI,IN
2025-03-02,0,Grand Theft Auto VI,IN
2025-03-09,2,Grand Theft Auto VI,IN
2025-03-16,0,Grand Theft Auto VI,IN
2025-03-23,2,Grand Theft Auto VI,IN
2025-03-30,0,Grand Theft Auto VI,IN
2025-04-06,0,Grand Theft Auto VI,IN
2025-04-13,0,Grand Theft Auto VI,IN
2025-04-20,0,Grand Theft Auto VI,IN
2025-04-27,3,Grand Theft Auto VI,IN
2025-05-04,7,Grand Theft Auto VI,IN
2025-05-11,7,Grand Theft Auto VI,IN
2025-05-18,3,Grand Theft Auto VI,IN
2025-05-25,4,Grand Theft Auto VI,IN
2025-06-01,4,Grand Theft Auto VI,IN
2025-06-08,5,Grand Theft Auto VI,IN
2025-06-15,4,Grand Theft Auto VI,IN
2025-06-22,5,Grand Theft Auto VI,IN
2025-06-29,12,Grand Theft Auto VI,IN
2025-07-06,2,Grand Theft Auto VI,IN
2025-07-13,3,Grand Theft Auto VI,IN
2025-07-20,2,Grand Theft Auto VI,IN
2025-07-27,3,Grand Theft Auto VI,IN
2025-08-03,4,Grand Theft Auto VI,IN
2025-08-10,4,Grand Theft Auto VI,IN
2025-08-17,3,Grand Theft Auto VI,IN
2025-08-24,2,Grand Theft Auto VI,IN
2025-08-31,3,Grand Theft Auto VI,IN
2025-09-07,2,Grand Theft Auto VI,IN
2025-09-14,2,Grand Theft Auto VI,IN
2025-09-21,3,Grand Theft Auto VI,IN
2025-09-28,3,Grand Theft Auto VI,IN
2025-10-05,3,Grand Theft Auto VI,IN
2025-10-12,3,Grand Theft Auto VI,IN
2025-10-19,4,Grand Theft Auto VI,IN
2025-10-26,3,Grand Theft Auto VI,IN
2025-11-02,6,Grand Theft Auto VI,IN
2025-11-09,3,Grand Theft Auto VI,IN
2025-11-16,3,Grand Theft Auto VI,IN
2025-11-23,3,Grand Theft Auto VI,IN
2025-11-30,4,Grand Theft Auto VI,IN
2025-12-07,5,Grand Theft Auto VI,IN
2025-12-14,2,Grand Theft Auto VI,IN
2025-12-21,4,Grand Theft Auto VI,IN
2025-12-28,4,Grand Theft Auto VI,IN
2026-01-04,3,Grand Theft Auto VI,IN
2026-01-11,3,Grand Theft Auto VI,IN
2026-01-18,3,Grand Theft Auto VI,IN
2026-01-25,3,Grand Theft Auto VI,IN
2026-02-01,23,Grand Theft Auto VI,IN
2026-02-08,4,Grand Theft Auto VI,IN
2026-02-15,0,Grand Theft Auto VI,IN
2026-02-22,5,Grand Theft Auto VI,IN
2026-03-01,4,Grand Theft Auto VI,IN
2026-03-08,3,Grand Theft Auto VI,IN
2026-03-15,4,Grand Theft Auto VI,IN
2026-03-22,28,Grand Theft Auto VI,IN
2026-03-29,20,Grand Theft Auto VI,IN
2026-04-05,26,Grand Theft Auto VI,IN
2026-04-12,11,Grand Theft Auto VI,IN
2026-04-19,20,Grand Theft Auto VI,IN
2026-04-26,15,Grand Theft Auto VI,IN
2026-05-03,16,Grand Theft Auto VI,IN
2026-05-10,26,Grand Theft Auto VI,IN
2026-05-17,47,Grand Theft Auto VI,IN
2026-05-24,34,Grand Theft Auto VI,IN
2026-05-31,5,Grand Theft Auto VI,IN
2026-06-07,7,Grand Theft Auto VI,IN
2026-06-14,71,Grand Theft Auto VI,IN
2026-06-21,100,Grand Theft Auto VI,IN
2026-06-28,22,Grand Theft Auto VI,IN
2026-07-05,13,Grand Theft Auto VI,IN
2026-07-12,25,Grand Theft Auto VI,IN
2026-07-19,6,Grand Theft Auto VI,IN
2026-07-26,20,Grand Theft Auto VI,IN
2026-08-02,33,Grand Theft Auto VI,IN
2026-08-09,21,Grand Theft Auto VI,IN
2026-08-16,18,Grand Theft Auto VI,IN
2026-08-23,35,Grand Theft Auto VI,IN
2026-08-30,26,Grand Theft Auto VI,IN
2026-09-06,27,Grand Theft Auto VI,IN
2023-01-01,0,Grand Theft Auto VI,BR
2023-01-08,0,Grand Theft Auto VI,BR
2023-01-15,0,Grand Theft Auto VI,BR
2023-01-22,0,Grand Theft Auto VI,BR
2023-01-29,0,Grand Theft Auto VI,BR
2023-02-05,0,Grand Theft Auto VI,BR
2023-02-12,0,Grand Theft Auto VI,BR
2023-02-19,0,Grand Theft Auto VI,BR
2023-02-26,0,Grand Theft Auto VI,BR
2023-03-05,0,Grand Theft Auto VI,BR
2023-03-12,0,Grand Theft Auto VI,BR
2023-03-19,0,Grand Theft Auto VI,BR
2023-03-26,0,Grand Theft Auto VI,BR
2023-04-02,0,Grand Theft Auto VI,BR
2023-04-09,0,Grand Theft Auto VI,BR
2023-04-16,0,Grand Theft Auto VI,BR
2023-04-23,0,Grand Theft Auto VI,BR
2023-04-30,0,Grand Theft Auto VI,BR
2023-05-07,0,Grand Theft Auto VI,BR
2023-05-14,0,Grand Theft Auto VI,BR
2023-05-21,0,Grand Theft Auto VI,BR
2023-05-28,0,Grand Theft Auto VI,BR
2023-06-04,0,Grand Theft Auto VI,BR
2023-06-11,0,Grand Theft Auto VI,BR
2023-06-18,0,Grand Theft Auto VI,BR
2023-06-25,0,Grand Theft Auto VI,BR
2023-07-02,0,Grand Theft Auto VI,BR
2023-07-09,0,Grand Theft Auto VI,BR
2023-07-16,0,Grand Theft Auto VI,BR
2023-07-23,0,Grand Theft Auto VI,BR
2023-07-30,0,Grand Theft Auto VI,BR
2023-08-06,0,Grand Theft Auto VI,BR
2023-08-13,0,Grand Theft Auto VI,BR
2023-08-20,0,Grand Theft Auto VI,BR
2023-08-27,0,Grand Theft Auto VI,BR
2023-09-03,0,Grand Theft Auto VI,BR
2023-09-10,0,Grand Theft Auto VI,BR
2023-09-17,0,Grand Theft Auto VI,BR
2023-09-24,0,Grand Theft Auto VI,BR
2023-10-01,0,Grand Theft Auto VI,BR
2023-10-08,0,Grand Theft Auto VI,BR
2023-10-15,0,Grand Theft Auto VI,BR
2023-10-22,3,Grand Theft Auto VI,BR
2023-10-29,0,Grand Theft Auto VI,BR
2023-11-05,1,Grand Theft Auto VI,BR
2023-11-12,0,Grand Theft Auto VI,BR
2023-11-19,0,Grand Theft Auto VI,BR
2023-11-26,0,Grand Theft Auto VI,BR
2023-12-03,11,Grand Theft Auto VI,BR
2023-12-10,3,Grand Theft Auto VI,BR
2023-12-17,3,Grand Theft Auto VI,BR
2023-12-24,2,Grand Theft Auto VI,BR
2023-12-31,3,Grand Theft Auto VI,BR
2024-01-07,1,Grand Theft Auto VI,BR
2024-01-14,1,Grand Theft Auto VI,BR
2024-01-21,1,Grand Theft Auto VI,BR
2024-01-28,1,Grand Theft Auto VI,BR
2024-02-04,1,Grand Theft Auto VI,BR
2024-02-11,1,Grand Theft Auto VI,BR
2024-02-18,0,Grand Theft Auto VI,BR
2024-02-25,0,Grand Theft Auto VI,BR
2024-03-03,2,Grand Theft Auto VI,BR
2024-03-10,1,Grand Theft Auto VI,BR
2024-03-17,1,Grand Theft Auto VI,BR
2024-03-24,1,Grand Theft Auto VI,BR
2024-03-31,0,Grand Theft Auto VI,BR
2024-04-07,1,Grand Theft Auto VI,BR
2024-04-14,0,Grand Theft Auto VI,BR
2024-04-21,0,Grand Theft Auto VI,BR
2024-04-28,0,Grand Theft Auto VI,BR
2024-05-05,1,Grand Theft Auto VI,BR
2024-05-12,1,Grand Theft Auto VI,BR
2024-05-19,2,Grand Theft Auto VI,BR
2024-05-26,0,Grand Theft Auto VI,BR
2024-06-02,1,Grand Theft Auto VI,BR
2024-06-09,1,Grand Theft Auto VI,BR
2024-06-16,1,Grand Theft Auto VI,BR
2024-06-23,0,Grand Theft Auto VI,BR
2024-06-30,0,Grand Theft Auto VI,BR
2024-07-07,0,Grand Theft Auto VI,BR
2024-07-14,0,Grand Theft Auto VI,BR
2024-07-21,1,Grand Theft Auto VI,BR
2024-07-28,1,Grand Theft Auto VI,BR
2024-08-04,0,Grand Theft Auto VI,BR
2024-08-11,0,Grand Theft Auto VI,BR
2024-08-18,0,Grand Theft Auto VI,BR
2024-08-25,0,Grand Theft Auto VI,BR
2024-09-01,0,Grand Theft Auto VI,BR
2024-09-08,0,Grand Theft Auto VI,BR
2024-09-15,0,Grand Theft Auto VI,BR
2024-09-22,0,Grand Theft Auto VI,BR
2024-09-29,0,Grand Theft Auto VI,BR
2024-10-06,0,Grand Theft Auto VI,BR
2024-10-13,0,Grand Theft Auto VI,BR
2024-10-20,0,Grand Theft Auto VI,BR
2024-10-27,0,Grand Theft Auto VI,BR
2024-11-03,1,Grand Theft Auto VI,BR
2024-11-10,0,Grand Theft Auto VI,BR
2024-11-17,0,Grand Theft Auto VI,BR
2024-11-24,0,Grand Theft Auto VI,BR
2024-12-01,1,Grand Theft Auto VI,BR
2024-12-08,1,Grand Theft Auto VI,BR
2024-12-15,1,Grand Theft Auto VI,BR
2024-12-22,1,Grand Theft Auto VI,BR
2024-12-29,2,Grand Theft Auto VI,BR
2025-01-05,1,Grand Theft Auto VI,BR
2025-01-12,1,Grand Theft Auto VI,BR
2025-01-19,0,Grand Theft Auto VI,BR
2025-01-26,0,Grand Theft Auto VI,BR
2025-02-02,1,Grand Theft Auto VI,BR
2025-02-09,1,Grand Theft Auto VI,BR
2025-02-16,1,Grand Theft Auto VI,BR
2025-02-23,0,Grand Theft Auto VI,BR
2025-03-02,1,Grand Theft Auto VI,BR
2025-03-09,0,Grand Theft Auto VI,BR
2025-03-16,0,Grand Theft Auto VI,BR
2025-03-23,0,Grand Theft Auto VI,BR
2025-03-30,0,Grand Theft Auto VI,BR
2025-04-06,0,Grand Theft Auto VI,BR
2025-04-13,0,Grand Theft Auto VI,BR
2025-04-20,1,Grand Theft Auto VI,BR
2025-04-27,2,Grand Theft Auto VI,BR
2025-05-04,9,Grand Theft Auto VI,BR
2025-05-11,3,Grand Theft Auto VI,BR
2025-05-18,1,Grand Theft Auto VI,BR
2025-05-25,1,Grand Theft Auto VI,BR
2025-06-01,1,Grand Theft Auto VI,BR
2025-06-08,0,Grand Theft Auto VI,BR
2025-06-15,1,Grand Theft Auto VI,BR
2025-06-22,2,Grand Theft Auto VI,BR
2025-06-29,1,Grand Theft Auto VI,BR
2025-07-06,2,Grand Theft Auto VI,BR
2025-07-13,0,Grand Theft Auto VI,BR
2025-07-20,1,Grand Theft Auto VI,BR
2025-07-27,0,Grand Theft Auto VI,BR
2025-08-03,3,Grand Theft Auto VI,BR
2025-08-10,1,Grand Theft Auto VI,BR
2025-08-17,1,Grand Theft Auto VI,BR
2025-08-24,0,Grand Theft Auto VI,BR
2025-08-31,7,Grand Theft Auto VI,BR
2025-09-07,2,Grand Theft Auto VI,BR
2025-09-14,1,Grand Theft Auto VI,BR
2025-09-21,1,Grand Theft Auto VI,BR
2025-09-28,0,Grand Theft Auto VI,BR
2025-10-05,0,Grand Theft Auto VI,BR
2025-10-12,0,Grand Theft Auto VI,BR
2025-10-19,0,Grand Theft Auto VI,BR
2025-10-26,1,Grand Theft Auto VI,BR
2025-11-02,2,Grand Theft Auto VI,BR
2025-11-09,0,Grand Theft Auto VI,BR
2025-11-16,2,Grand Theft Auto VI,BR
2025-11-23,0,Grand Theft Auto VI,BR
2025-11-30,1,Grand Theft Auto VI,BR
2025-12-07,1,Grand Theft Auto VI,BR
2025-12-14,0,Grand Theft Auto VI,BR
2025-12-21,0,Grand Theft Auto VI,BR
2025-12-28,2,Grand Theft Auto VI,BR
2026-01-04,2,Grand Theft Auto VI,BR
2026-01-11,2,Grand Theft Auto VI,BR
2026-01-18,4,Grand Theft Auto VI,BR
2026-01-25,4,Grand Theft Auto VI,BR
2026-02-01,9,Grand Theft Auto VI,BR
2026-02-08,2,Grand Theft Auto VI,BR
2026-02-15,2,Grand Theft Auto VI,BR
2026-02-22,2,Grand Theft Auto VI,BR
2026-03-01,2,Grand Theft Auto VI,BR
2026-03-08,1,Grand Theft Auto VI,BR
2026-03-15,2,Grand Theft Auto VI,BR
2026-03-22,2,Grand Theft Auto VI,BR
2026-03-29,0,Grand Theft Auto VI,BR
2026-04-05,9,Grand Theft Auto VI,BR
2026-04-12,13,Grand Theft Auto VI,BR
2026-04-19,11,Grand Theft Auto VI,BR
2026-04-26,6,Grand Theft Auto VI,BR
2026-05-03,23,Grand Theft Auto VI,BR
2026-05-10,16,Grand Theft Auto VI,BR
2026-05-17,31,Grand Theft Auto VI,BR
2026-05-24,18,Grand Theft Auto VI,BR
2026-05-31,3,Grand Theft Auto VI,BR
2026-06-07,14,Grand Theft Auto VI,BR
2026-06-14,24,Grand Theft Auto VI,BR
2026-06-21,84,Grand Theft Auto VI,BR
2026-06-28,100,Grand Theft Auto VI,BR
2026-07-05,38,Grand Theft Auto VI,BR
2026-07-12,18,Grand Theft Auto VI,BR
2026-07-19,15,Grand Theft Auto VI,BR
2026-07-26,16,Grand Theft Auto VI,BR
2026-08-02,54,Grand Theft Auto VI,BR
2026-08-09,35,Grand Theft Auto VI,BR
2026-08-16,49,Grand Theft Auto VI,BR
2026-08-23,94,Grand Theft Auto VI,BR
2026-08-30,68,Grand Theft Auto VI,BR
2026-09-06,27,Grand Theft Auto VI,BR
2023-01-01,0,Grand Theft Auto VI,MX
2023-01-08,0,Grand Theft Auto VI,MX
2023-01-15,0,Grand Theft Auto VI,MX
2023-01-22,0,Grand Theft Auto VI,MX
2023-01-29,0,Grand Theft Auto VI,MX
2023-02-05,0,Grand Theft Auto VI,MX
2023-02-12,0,Grand Theft Auto VI,MX
2023-02-19,0,Grand Theft Auto VI,MX
2023-02-26,0,Grand Theft Auto VI,MX
2023-03-05,0,Grand Theft Auto VI,MX
2023-03-12,0,Grand Theft Auto VI,MX
2023-03-19,0,Grand Theft Auto VI,MX
2023-03-26,0,Grand Theft Auto VI,MX
2023-04-02,0,Grand Theft Auto VI,MX
2023-04-09,0,Grand Theft Auto VI,MX
2023-04-16,0,Grand Theft Auto VI,MX
2023-04-23,0,Grand Theft Auto VI,MX
2023-04-30,0,Grand Theft Auto VI,MX
2023-05-07,0,Grand Theft Auto VI,MX
2023-05-14,0,Grand Theft Auto VI,MX
2023-05-21,0,Grand Theft Auto VI,MX
2023-05-28,0,Grand Theft Auto VI,MX
2023-06-04,0,Grand Theft Auto VI,MX
2023-06-11,0,Grand Theft Auto VI,MX
2023-06-18,0,Grand Theft Auto VI,MX
2023-06-25,0,Grand Theft Auto VI,MX
2023-07-02,0,Grand Theft Auto VI,MX
2023-07-09,0,Grand Theft Auto VI,MX
2023-07-16,0,Grand Theft Auto VI,MX
2023-07-23,0,Grand Theft Auto VI,MX
2023-07-30,0,Grand Theft Auto VI,MX
2023-08-06,0,Grand Theft Auto VI,MX
2023-08-13,0,Grand Theft Auto VI,MX
2023-08-20,0,Grand Theft Auto VI,MX
2023-08-27,0,Grand Theft Auto VI,MX
2023-09-03,0,Grand Theft Auto VI,MX
2023-09-10,0,Grand Theft Auto VI,MX
2023-09-17,0,Grand Theft Auto VI,MX
2023-09-24,0,Grand Theft Auto VI,MX
2023-10-01,0,Grand Theft Auto VI,MX
2023-10-08,0,Grand Theft Auto VI,MX
2023-10-15,0,Grand Theft Auto VI,MX
2023-10-22,0,Grand Theft Auto VI,MX
2023-10-29,0,Grand Theft Auto VI,MX
2023-11-05,0,Grand Theft Auto VI,MX
2023-11-12,0,Grand Theft Auto VI,MX
2023-11-19,0,Grand Theft Auto VI,MX
2023-11-26,0,Grand Theft Auto VI,MX
2023-12-03,8,Grand Theft Auto VI,MX
2023-12-10,5,Grand Theft Auto VI,MX
2023-12-17,4,Grand Theft Auto VI,MX
2023-12-24,0,Grand Theft Auto VI,MX
2023-12-31,4,Grand Theft Auto VI,MX
2024-01-07,0,Grand Theft Auto VI,MX
2024-01-14,0,Grand Theft Auto VI,MX
2024-01-21,0,Grand Theft Auto VI,MX
2024-01-28,0,Grand Theft Auto VI,MX
2024-02-04,0,Grand Theft Auto VI,MX
2024-02-11,0,Grand Theft Auto VI,MX
2024-02-18,0,Grand Theft Auto VI,MX
2024-02-25,0,Grand Theft Auto VI,MX
2024-03-03,0,Grand Theft Auto VI,MX
2024-03-10,0,Grand Theft Auto VI,MX
2024-03-17,0,Grand Theft Auto VI,MX
2024-03-24,0,Grand Theft Auto VI,MX
2024-03-31,0,Grand Theft Auto VI,MX
2024-04-07,0,Grand Theft Auto VI,MX
2024-04-14,0,Grand Theft Auto VI,MX
2024-04-21,0,Grand Theft Auto VI,MX
2024-04-28,0,Grand Theft Auto VI,MX
2024-05-05,0,Grand Theft Auto VI,MX
2024-05-12,2,Grand Theft Auto VI,MX
2024-05-19,3,Grand Theft Auto VI,MX
2024-05-26,2,Grand Theft Auto VI,MX
2024-06-02,0,Grand Theft Auto VI,MX
2024-06-09,0,Grand Theft Auto VI,MX
2024-06-16,0,Grand Theft Auto VI,MX
2024-06-23,0,Grand Theft Auto VI,MX
2024-06-30,0,Grand Theft Auto VI,MX
2024-07-07,0,Grand Theft Auto VI,MX
2024-07-14,0,Grand Theft Auto VI,MX
2024-07-21,3,Grand Theft Auto VI,MX
2024-07-28,0,Grand Theft Auto VI,MX
2024-08-04,0,Grand Theft Auto VI,MX
2024-08-11,0,Grand Theft Auto VI,MX
2024-08-18,0,Grand Theft Auto VI,MX
2024-08-25,0,Grand Theft Auto VI,MX
2024-09-01,0,Grand Theft Auto VI,MX
2024-09-08,0,Grand Theft Auto VI,MX
2024-09-15,0,Grand Theft Auto VI,MX
2024-09-22,0,Grand Theft Auto VI,MX
2024-09-29,0,Grand Theft Auto VI,MX
2024-10-06,0,Grand Theft Auto VI,MX
2024-10-13,0,Grand Theft Auto VI,MX
2024-10-20,0,Grand Theft Auto VI,MX
2024-10-27,0,Grand Theft Auto VI,MX
2024-11-03,2,Grand Theft Auto VI,MX
2024-11-10,0,Grand Theft Auto VI,MX
2024-11-17,0,Grand Theft Auto VI,MX
2024-11-24,4,Grand Theft Auto VI,MX
2024-12-01,0,Grand Theft Auto VI,MX
2024-12-08,0,Grand Theft Auto VI,MX
2024-12-15,0,Grand Theft Auto VI,MX
2024-12-22,3,Grand Theft Auto VI,MX
2024-12-29,6,Grand Theft Auto VI,MX
2025-01-05,3,Grand Theft Auto VI,MX
2025-01-12,4,Grand Theft Auto VI,MX
2025-01-19,0,Grand Theft Auto VI,MX
2025-01-26,3,Grand Theft Auto VI,MX
2025-02-02,5,Grand Theft Auto VI,MX
2025-02-09,0,Grand Theft Auto VI,MX
2025-02-16,0,Grand Theft Auto VI,MX
2025-02-23,0,Grand Theft Auto VI,MX
2025-03-02,4,Grand Theft Auto VI,MX
2025-03-09,3,Grand Theft Auto VI,MX
2025-03-16,3,Grand Theft Auto VI,MX
2025-03-23,0,Grand Theft Auto VI,MX
2025-03-30,0,Grand Theft Auto VI,MX
2025-04-06,2,Grand Theft Auto VI,MX
2025-04-13,0,Grand Theft Auto VI,MX
2025-04-20,4,Grand Theft Auto VI,MX
2025-04-27,5,Grand Theft Auto VI,MX
2025-05-04,14,Grand Theft Auto VI,MX
2025-05-11,8,Grand Theft Auto VI,MX
2025-05-18,5,Grand Theft Auto VI,MX
2025-05-25,3,Grand Theft Auto VI,MX
2025-06-01,0,Grand Theft Auto VI,MX
2025-06-08,3,Grand Theft Auto VI,MX
2025-06-15,4,Grand Theft Auto VI,MX
2025-06-22,0,Grand Theft Auto VI,MX
2025-06-29,9,Grand Theft Auto VI,MX
2025-07-06,5,Grand Theft Auto VI,MX
2025-07-13,4,Grand Theft Auto VI,MX
2025-07-20,0,Grand Theft Auto VI,MX
2025-07-27,0,Grand Theft Auto VI,MX
2025-08-03,3,Grand Theft Auto VI,MX
2025-08-10,3,Grand Theft Auto VI,MX
2025-08-17,0,Grand Theft Auto VI,MX
2025-08-24,0,Grand Theft Auto VI,MX
2025-08-31,3,Grand Theft Auto VI,MX
2025-09-07,3,Grand Theft Auto VI,MX
2025-09-14,3,Grand Theft Auto VI,MX
2025-09-21,3,Grand Theft Auto VI,MX
2025-09-28,3,Grand Theft Auto VI,MX
2025-10-05,0,Grand Theft Auto VI,MX
2025-10-12,2,Grand Theft Auto VI,MX
2025-10-19,0,Grand Theft Auto VI,MX
2025-10-26,0,Grand Theft Auto VI,MX
2025-11-02,4,Grand Theft Auto VI,MX
2025-11-09,3,Grand Theft Auto VI,MX
2025-11-16,0,Grand Theft Auto VI,MX
2025-11-23,4,Grand Theft Auto VI,MX
2025-11-30,0,Grand Theft Auto VI,MX
2025-12-07,3,Grand Theft Auto VI,MX
2025-12-14,4,Grand Theft Auto VI,MX
2025-12-21,9,Grand Theft Auto VI,MX
2025-12-28,4,Grand Theft Auto VI,MX
2026-01-04,5,Grand Theft Auto VI,MX
2026-01-11,2,Grand Theft Auto VI,MX
2026-01-18,6,Grand Theft Auto VI,MX
2026-01-25,4,Grand Theft Auto VI,MX
2026-02-01,4,Grand Theft Auto VI,MX
2026-02-08,3,Grand Theft Auto VI,MX
2026-02-15,4,Grand Theft Auto VI,MX
2026-02-22,4,Grand Theft Auto VI,MX
2026-03-01,5,Grand Theft Auto VI,MX
2026-03-08,2,Grand Theft Auto VI,MX
2026-03-15,3,Grand Theft Auto VI,MX
2026-03-22,4,Grand Theft Auto VI,MX
2026-03-29,5,Grand Theft Auto VI,MX
2026-04-05,20,Grand Theft Auto VI,MX
2026-04-12,9,Grand Theft Auto VI,MX
2026-04-19,9,Grand Theft Auto VI,MX
2026-04-26,100,Grand Theft Auto VI,MX
2026-05-03,17,Grand Theft Auto VI,MX
2026-05-10,21,Grand Theft Auto VI,MX
2026-05-17,78,Grand Theft Auto VI,MX
2026-05-24,17,Grand Theft Auto VI,MX
2026-05-31,5,Grand Theft Auto VI,MX
2026-06-07,49,Grand Theft Auto VI,MX
2026-06-14,34,Grand Theft Auto VI,MX
2026-06-21,91,Grand Theft Auto VI,MX
2026-06-28,70,Grand Theft Auto VI,MX
2026-07-05,32,Grand Theft Auto VI,MX
2026-07-12,28,Grand Theft Auto VI,MX
2026-07-19,12,Grand Theft Auto VI,MX
2026-07-26,29,Grand Theft Auto VI,MX
2026-08-02,36,Grand Theft Auto VI,MX
2026-08-09,14,Grand Theft Auto VI,MX
2026-08-16,29,Grand Theft Auto VI,MX
2026-08-23,76,Grand Theft Auto VI,MX
2026-08-30,39,Grand Theft Auto VI,MX
2026-09-06,43,Grand Theft Auto VI,MX
2023-01-01,0,Grand Theft Auto VI,CA
2023-01-08,0,Grand Theft Auto VI,CA
2023-01-15,0,Grand Theft Auto VI,CA
2023-01-22,0,Grand Theft Auto VI,CA
2023-01-29,0,Grand Theft Auto VI,CA
2023-02-05,0,Grand Theft Auto VI,CA
2023-02-12,0,Grand Theft Auto VI,CA
2023-02-19,0,Grand Theft Auto VI,CA
2023-02-26,0,Grand Theft Auto VI,CA
2023-03-05,0,Grand Theft Auto VI,CA
2023-03-12,0,Grand Theft Auto VI,CA
2023-03-19,0,Grand Theft Auto VI,CA
2023-03-26,0,Grand Theft Auto VI,CA
2023-04-02,0,Grand Theft Auto VI,CA
2023-04-09,0,Grand Theft Auto VI,CA
2023-04-16,0,Grand Theft Auto VI,CA
2023-04-23,0,Grand Theft Auto VI,CA
2023-04-30,0,Grand Theft Auto VI,CA
2023-05-07,0,Grand Theft Auto VI,CA
2023-05-14,0,Grand Theft Auto VI,CA
2023-05-21,0,Grand Theft Auto VI,CA
2023-05-28,0,Grand Theft Auto VI,CA
2023-06-04,0,Grand Theft Auto VI,CA
2023-06-11,0,Grand Theft Auto VI,CA
2023-06-18,0,Grand Theft Auto VI,CA
2023-06-25,0,Grand Theft Auto VI,CA
2023-07-02,0,Grand Theft Auto VI,CA
2023-07-09,0,Grand Theft Auto VI,CA
2023-07-16,0,Grand Theft Auto VI,CA
2023-07-23,0,Grand Theft Auto VI,CA
2023-07-30,0,Grand Theft Auto VI,CA
2023-08-06,0,Grand Theft Auto VI,CA
2023-08-13,0,Grand Theft Auto VI,CA
2023-08-20,0,Grand Theft Auto VI,CA
2023-08-27,0,Grand Theft Auto VI,CA
2023-09-03,0,Grand Theft Auto VI,CA
2023-09-10,0,Grand Theft Auto VI,CA
2023-09-17,0,Grand Theft Auto VI,CA
2023-09-24,0,Grand Theft Auto VI,CA
2023-10-01,0,Grand Theft Auto VI,CA
2023-10-08,0,Grand Theft Auto VI,CA
2023-10-15,0,Grand Theft Auto VI,CA
2023-10-22,0,Grand Theft Auto VI,CA
2023-10-29,0,Grand Theft Auto VI,CA
2023-11-05,0,Grand Theft Auto VI,CA
2023-11-12,0,Grand Theft Auto VI,CA
2023-11-19,0,Grand Theft Auto VI,CA
2023-11-26,0,Grand Theft Auto VI,CA
2023-12-03,11,Grand Theft Auto VI,CA
2023-12-10,7,Grand Theft Auto VI,CA
2023-12-17,3,Grand Theft Auto VI,CA
2023-12-24,3,Grand Theft Auto VI,CA
2023-12-31,0,Grand Theft Auto VI,CA
2024-01-07,0,Grand Theft Auto VI,CA
2024-01-14,0,Grand Theft Auto VI,CA
2024-01-21,0,Grand Theft Auto VI,CA
2024-01-28,0,Grand Theft Auto VI,CA
2024-02-04,0,Grand Theft Auto VI,CA
2024-02-11,0,Grand Theft Auto VI,CA
2024-02-18,0,Grand Theft Auto VI,CA
2024-02-25,0,Grand Theft Auto VI,CA
2024-03-03,0,Grand Theft Auto VI,CA
2024-03-10,0,Grand Theft Auto VI,CA
2024-03-17,0,Grand Theft Auto VI,CA
2024-03-24,0,Grand Theft Auto VI,CA
2024-03-31,2,Grand Theft Auto VI,CA
2024-04-07,0,Grand Theft Auto VI,CA
2024-04-14,0,Grand Theft Auto VI,CA
2024-04-21,0,Grand Theft Auto VI,CA
2024-04-28,0,Grand Theft Auto VI,CA
2024-05-05,0,Grand Theft Auto VI,CA
2024-05-12,2,Grand Theft Auto VI,CA
2024-05-19,0,Grand Theft Auto VI,CA
2024-05-26,0,Grand Theft Auto VI,CA
2024-06-02,0,Grand Theft Auto VI,CA
2024-06-09,0,Grand Theft Auto VI,CA
2024-06-16,0,Grand Theft Auto VI,CA
2024-06-23,0,Grand Theft Auto VI,CA
2024-06-30,0,Grand Theft Auto VI,CA
2024-07-07,0,Grand Theft Auto VI,CA
2024-07-14,0,Grand Theft Auto VI,CA
2024-07-21,0,Grand Theft Auto VI,CA
2024-07-28,0,Grand Theft Auto VI,CA
2024-08-04,0,Grand Theft Auto VI,CA
2024-08-11,0,Grand Theft Auto VI,CA
2024-08-18,0,Grand Theft Auto VI,CA
2024-08-25,0,Grand Theft Auto VI,CA
2024-09-01,0,Grand Theft Auto VI,CA
2024-09-08,0,Grand Theft Auto VI,CA
2024-09-15,0,Grand Theft Auto VI,CA
2024-09-22,0,Grand Theft Auto VI,CA
2024-09-29,0,Grand Theft Auto VI,CA
2024-10-06,0,Grand Theft Auto VI,CA
2024-10-13,0,Grand Theft Auto VI,CA
2024-10-20,0,Grand Theft Auto VI,CA
2024-10-27,0,Grand Theft Auto VI,CA
2024-11-03,0,Grand Theft Auto VI,CA
2024-11-10,2,Grand Theft Auto VI,CA
2024-11-17,0,Grand Theft Auto VI,CA
2024-11-24,0,Grand Theft Auto VI,CA
2024-12-01,2,Grand Theft Auto VI,CA
2024-12-08,0,Grand Theft Auto VI,CA
2024-12-15,2,Grand Theft Auto VI,CA
2024-12-22,0,Grand Theft Auto VI,CA
2024-12-29,4,Grand Theft Auto VI,CA
2025-01-05,0,Grand Theft Auto VI,CA
2025-01-12,2,Grand Theft Auto VI,CA
2025-01-19,0,Grand Theft Auto VI,CA
2025-01-26,2,Grand Theft Auto VI,CA
2025-02-02,0,Grand Theft Auto VI,CA
2025-02-09,0,Grand Theft Auto VI,CA
2025-02-16,0,Grand Theft Auto VI,CA
2025-02-23,2,Grand Theft Auto VI,CA
2025-03-02,2,Grand Theft Auto VI,CA
2025-03-09,2,Grand Theft Auto VI,CA
2025-03-16,3,Grand Theft Auto VI,CA
2025-03-23,2,Grand Theft Auto VI,CA
2025-03-30,3,Grand Theft Auto VI,CA
2025-04-06,0,Grand Theft Auto VI,CA
2025-04-13,0,Grand Theft Auto VI,CA
2025-04-20,0,Grand Theft Auto VI,CA
2025-04-27,6,Grand Theft Auto VI,CA
2025-05-04,11,Grand Theft Auto VI,CA
2025-05-11,4,Grand Theft Auto VI,CA
2025-05-18,2,Grand Theft Auto VI,CA
2025-05-25,3,Grand Theft Auto VI,CA
2025-06-01,3,Grand Theft Auto VI,CA
2025-06-08,2,Grand Theft Auto VI,CA
2025-06-15,0,Grand Theft Auto VI,CA
2025-06-22,2,Grand Theft Auto VI,CA
2025-06-29,0,Grand Theft Auto VI,CA
2025-07-06,0,Grand Theft Auto VI,CA
2025-07-13,0,Grand Theft Auto VI,CA
2025-07-20,0,Grand Theft Auto VI,CA
2025-07-27,2,Grand Theft Auto VI,CA
2025-08-03,0,Grand Theft Auto VI,CA
2025-08-10,0,Grand Theft Auto VI,CA
2025-08-17,0,Grand Theft Auto VI,CA
2025-08-24,0,Grand Theft Auto VI,CA
2025-08-31,0,Grand Theft Auto VI,CA
2025-09-07,0,Grand Theft Auto VI,CA
2025-09-14,0,Grand Theft Auto VI,CA
2025-09-21,0,Grand Theft Auto VI,CA
2025-09-28,0,Grand Theft Auto VI,CA
2025-10-05,0,Grand Theft Auto VI,CA
2025-10-12,2,Grand Theft Auto VI,CA
2025-10-19,0,Grand Theft Auto VI,CA
2025-10-26,0,Grand Theft Auto VI,CA
2025-11-02,5,Grand Theft Auto VI,CA
2025-11-09,2,Grand Theft Auto VI,CA
2025-11-16,2,Grand Theft Auto VI,CA
2025-11-23,3,Grand Theft Auto VI,CA
2025-11-30,0,Grand Theft Auto VI,CA
2025-12-07,0,Grand Theft Auto VI,CA
2025-12-14,0,Grand Theft Auto VI,CA
2025-12-21,0,Grand Theft Auto VI,CA
2025-12-28,0,Grand Theft Auto VI,CA
2026-01-04,3,Grand Theft Auto VI,CA
2026-01-11,2,Grand Theft Auto VI,CA
2026-01-18,3,Grand Theft Auto VI,CA
2026-01-25,3,Grand Theft Auto VI,CA
2026-02-01,0,Grand Theft Auto VI,CA
2026-02-08,6,Grand Theft Auto VI,CA
2026-02-15,2,Grand Theft Auto VI,CA
2026-02-22,3,Grand Theft Auto VI,CA
2026-03-01,2,Grand Theft Auto VI,CA
2026-03-08,3,Grand Theft Auto VI,CA
2026-03-15,4,Grand Theft Auto VI,CA
2026-03-22,7,Grand Theft Auto VI,CA
2026-03-29,0,Grand Theft Auto VI,CA
2026-04-05,11,Grand Theft Auto VI,CA
2026-04-12,7,Grand Theft Auto VI,CA
2026-04-19,16,Grand Theft Auto VI,CA
2026-04-26,8,Grand Theft Auto VI,CA
2026-05-03,7,Grand Theft Auto VI,CA
2026-05-10,21,Grand Theft Auto VI,CA
2026-05-17,37,Grand Theft Auto VI,CA
2026-05-24,15,Grand Theft Auto VI,CA
2026-05-31,9,Grand Theft Auto VI,CA
2026-06-07,12,Grand Theft Auto VI,CA
2026-06-14,42,Grand Theft Auto VI,CA
2026-06-21,74,Grand Theft Auto VI,CA
2026-06-28,45,Grand Theft Auto VI,CA
2026-07-05,14,Grand Theft Auto VI,CA
2026-07-12,21,Grand Theft Auto VI,CA
2026-07-19,11,Grand Theft Auto VI,CA
2026-07-26,15,Grand Theft Auto VI,CA
2026-08-02,12,Grand Theft Auto VI,CA
2026-08-09,19,Grand Theft Auto VI,CA
2026-08-16,52,Grand Theft Auto VI,CA
2026-08-23,70,Grand Theft Auto VI,CA
2026-08-30,79,Grand Theft Auto VI,CA
2026-09-06,100,Grand Theft Auto VI,CA
2023-01-01,0,Grand Theft Auto VI,AU
2023-01-08,0,Grand Theft Auto VI,AU
2023-01-15,0,Grand Theft Auto VI,AU
2023-01-22,0,Grand Theft Auto VI,AU
2023-01-29,0,Grand Theft Auto VI,AU
2023-02-05,0,Grand Theft Auto VI,AU
2023-02-12,0,Grand Theft Auto VI,AU
2023-02-19,0,Grand Theft Auto VI,AU
2023-02-26,0,Grand Theft Auto VI,AU
2023-03-05,0,Grand Theft Auto VI,AU
2023-03-12,0,Grand Theft Auto VI,AU
2023-03-19,0,Grand Theft Auto VI,AU
2023-03-26,0,Grand Theft Auto VI,AU
2023-04-02,0,Grand Theft Auto VI,AU
2023-04-09,0,Grand Theft Auto VI,AU
2023-04-16,0,Grand Theft Auto VI,AU
2023-04-23,0,Grand Theft Auto VI,AU
2023-04-30,0,Grand Theft Auto VI,AU
2023-05-07,0,Grand Theft Auto VI,AU
2023-05-14,0,Grand Theft Auto VI,AU
2023-05-21,0,Grand Theft Auto VI,AU
2023-05-28,0,Grand Theft Auto VI,AU
2023-06-04,0,Grand Theft Auto VI,AU
2023-06-11,0,Grand Theft Auto VI,AU
2023-06-18,0,Grand Theft Auto VI,AU
2023-06-25,0,Grand Theft Auto VI,AU
2023-07-02,0,Grand Theft Auto VI,AU
2023-07-09,0,Grand Theft Auto VI,AU
2023-07-16,0,Grand Theft Auto VI,AU
2023-07-23,0,Grand Theft Auto VI,AU
2023-07-30,0,Grand Theft Auto VI,AU
2023-08-06,0,Grand Theft Auto VI,AU
2023-08-13,0,Grand Theft Auto VI,AU
2023-08-20,0,Grand Theft Auto VI,AU
2023-08-27,0,Grand Theft Auto VI,AU
2023-09-03,0,Grand Theft Auto VI,AU
2023-09-10,0,Grand Theft Auto VI,AU
2023-09-17,0,Grand Theft Auto VI,AU
2023-09-24,0,Grand Theft Auto VI,AU
2023-10-01,0,Grand Theft Auto VI,AU
2023-10-08,0,Grand Theft Auto VI,AU
2023-10-15,0,Grand Theft Auto VI,AU
2023-10-22,0,Grand Theft Auto VI,AU
2023-10-29,0,Grand Theft Auto VI,AU
2023-11-05,0,Grand Theft Auto VI,AU
2023-11-12,0,Grand Theft Auto VI,AU
2023-11-19,0,Grand Theft Auto VI,AU
2023-11-26,0,Grand Theft Auto VI,AU
2023-12-03,12,Grand Theft Auto VI,AU
2023-12-10,4,Grand Theft Auto VI,AU
2023-12-17,0,Grand Theft Auto VI,AU
2023-12-24,0,Grand Theft Auto VI,AU
2023-12-31,0,Grand Theft Auto VI,AU
2024-01-07,0,Grand Theft Auto VI,AU
2024-01-14,0,Grand Theft Auto VI,AU
2024-01-21,0,Grand Theft Auto VI,AU
2024-01-28,0,Grand Theft Auto VI,AU
2024-02-04,0,Grand Theft Auto VI,AU
2024-02-11,0,Grand Theft Auto VI,AU
2024-02-18,0,Grand Theft Auto VI,AU
2024-02-25,0,Grand Theft Auto VI,AU
2024-03-03,0,Grand Theft Auto VI,AU
2024-03-10,0,Grand Theft Auto VI,AU
2024-03-17,0,Grand Theft Auto VI,AU
2024-03-24,0,Grand Theft Auto VI,AU
2024-03-31,0,Grand Theft Auto VI,AU
2024-04-07,0,Grand Theft Auto VI,AU
2024-04-14,0,Grand Theft Auto VI,AU
2024-04-21,0,Grand Theft Auto VI,AU
2024-04-28,0,Grand Theft Auto VI,AU
2024-05-05,0,Grand Theft Auto VI,AU
2024-05-12,0,Grand Theft Auto VI,AU
2024-05-19,0,Grand Theft Auto VI,AU
2024-05-26,0,Grand Theft Auto VI,AU
2024-06-02,0,Grand Theft Auto VI,AU
2024-06-09,0,Grand Theft Auto VI,AU
2024-06-16,0,Grand Theft Auto VI,AU
2024-06-23,0,Grand Theft Auto VI,AU
2024-06-30,0,Grand Theft Auto VI,AU
2024-07-07,0,Grand Theft Auto VI,AU
2024-07-14,0,Grand Theft Auto VI,AU
2024-07-21,0,Grand Theft Auto VI,AU
2024-07-28,0,Grand Theft Auto VI,AU
2024-08-04,0,Grand Theft Auto VI,AU
2024-08-11,0,Grand Theft Auto VI,AU
2024-08-18,0,Grand Theft Auto VI,AU
2024-08-25,0,Grand Theft Auto VI,AU
2024-09-01,0,Grand Theft Auto VI,AU
2024-09-08,0,Grand Theft Auto VI,AU
2024-09-15,0,Grand Theft Auto VI,AU
2024-09-22,0,Grand Theft Auto VI,AU
2024-09-29,0,Grand Theft Auto VI,AU
2024-10-06,0,Grand Theft Auto VI,AU
2024-10-13,0,Grand Theft Auto VI,AU
2024-10-20,0,Grand Theft Auto VI,AU
2024-10-27,0,Grand Theft Auto VI,AU
2024-11-03,0,Grand Theft Auto VI,AU
2024-11-10,0,Grand Theft Auto VI,AU
2024-11-17,0,Grand Theft Auto VI,AU
2024-11-24,0,Grand Theft Auto VI,AU
2024-12-01,0,Grand Theft Auto VI,AU
2024-12-08,0,Grand Theft Auto VI,AU
2024-12-15,0,Grand Theft Auto VI,AU
2024-12-22,4,Grand Theft Auto VI,AU
2024-12-29,0,Grand Theft Auto VI,AU
2025-01-05,0,Grand Theft Auto VI,AU
2025-01-12,4,Grand Theft Auto VI,AU
2025-01-19,4,Grand Theft Auto VI,AU
2025-01-26,0,Grand Theft Auto VI,AU
2025-02-02,0,Grand Theft Auto VI,AU
2025-02-09,4,Grand Theft Auto VI,AU
2025-02-16,0,Grand Theft Auto VI,AU
2025-02-23,0,Grand Theft Auto VI,AU
2025-03-02,0,Grand Theft Auto VI,AU
2025-03-09,0,Grand Theft Auto VI,AU
2025-03-16,0,Grand Theft Auto VI,AU
2025-03-23,0,Grand Theft Auto VI,AU
2025-03-30,0,Grand Theft Auto VI,AU
2025-04-06,0,Grand Theft Auto VI,AU
2025-04-13,0,Grand Theft Auto VI,AU
2025-04-20,0,Grand Theft Auto VI,AU
2025-04-27,4,Grand Theft Auto VI,AU
2025-05-04,13,Grand Theft Auto VI,AU
2025-05-11,6,Grand Theft Auto VI,AU
2025-05-18,0,Grand Theft Auto VI,AU
2025-05-25,3,Grand Theft Auto VI,AU
2025-06-01,0,Grand Theft Auto VI,AU
2025-06-08,0,Grand Theft Auto VI,AU
2025-06-15,0,Grand Theft Auto VI,AU
2025-06-22,0,Grand Theft Auto VI,AU
2025-06-29,0,Grand Theft Auto VI,AU
2025-07-06,0,Grand Theft Auto VI,AU
2025-07-13,0,Grand Theft Auto VI,AU
2025-07-20,0,Grand Theft Auto VI,AU
2025-07-27,0,Grand Theft Auto VI,AU
2025-08-03,0,Grand Theft Auto VI,AU
2025-08-10,0,Grand Theft Auto VI,AU
2025-08-17,0,Grand Theft Auto VI,AU
2025-08-24,0,Grand Theft Auto VI,AU
2025-08-31,0,Grand Theft Auto VI,AU
2025-09-07,0,Grand Theft Auto VI,AU
2025-09-14,0,Grand Theft Auto VI,AU
2025-09-21,0,Grand Theft Auto VI,AU
2025-09-28,0,Grand Theft Auto VI,AU
2025-10-05,0,Grand Theft Auto VI,AU
2025-10-12,0,Grand Theft Auto VI,AU
2025-10-19,0,Grand Theft Auto VI,AU
2025-10-26,0,Grand Theft Auto VI,AU
2025-11-02,0,Grand Theft Auto VI,AU
2025-11-09,0,Grand Theft Auto VI,AU
2025-11-16,0,Grand Theft Auto VI,AU
2025-11-23,0,Grand Theft Auto VI,AU
2025-11-30,0,Grand Theft Auto VI,AU
2025-12-07,0,Grand Theft Auto VI,AU
2025-12-14,0,Grand Theft Auto VI,AU
2025-12-21,4,Grand Theft Auto VI,AU
2025-12-28,0,Grand Theft Auto VI,AU
2026-01-04,0,Grand Theft Auto VI,AU
2026-01-11,0,Grand Theft Auto VI,AU
2026-01-18,0,Grand Theft Auto VI,AU
2026-01-25,0,Grand Theft Auto VI,AU
2026-02-01,6,Grand Theft Auto VI,AU
2026-02-08,0,Grand Theft Auto VI,AU
2026-02-15,0,Grand Theft Auto VI,AU
2026-02-22,3,Grand Theft Auto VI,AU
2026-03-01,0,Grand Theft Auto VI,AU
2026-03-08,0,Grand Theft Auto VI,AU
2026-03-15,0,Grand Theft Auto VI,AU
2026-03-22,8,Grand Theft Auto VI,AU
2026-03-29,4,Grand Theft Auto VI,AU
2026-04-05,9,Grand Theft Auto VI,AU
2026-04-12,4,Grand Theft Auto VI,AU
2026-04-19,8,Grand Theft Auto VI,AU
2026-04-26,10,Grand Theft Auto VI,AU
2026-05-03,11,Grand Theft Auto VI,AU
2026-05-10,15,Grand Theft Auto VI,AU
2026-05-17,34,Grand Theft Auto VI,AU
2026-05-24,12,Grand Theft Auto VI,AU
2026-05-31,5,Grand Theft Auto VI,AU
2026-06-07,14,Grand Theft Auto VI,AU
2026-06-14,45,Grand Theft Auto VI,AU
2026-06-21,100,Grand Theft Auto VI,AU
2026-06-28,32,Grand Theft Auto VI,AU
2026-07-05,18,Grand Theft Auto VI,AU
2026-07-12,14,Grand Theft Auto VI,AU
2026-07-19,10,Grand Theft Auto VI,AU
2026-07-26,7,Grand Theft Auto VI,AU
2026-08-02,32,Grand Theft Auto VI,AU
2026-08-09,14,Grand Theft Auto VI,AU
2026-08-16,92,Grand Theft Auto VI,AU
2026-08-23,77,Grand Theft Auto VI,AU
2026-08-30,43,Grand Theft Auto VI,AU
2026-09-06,42,Grand Theft Auto VI,AU
2023-01-01,0,Grand Theft Auto VI,DE
2023-01-08,0,Grand Theft Auto VI,DE
2023-01-15,0,Grand Theft Auto VI,DE
2023-01-22,0,Grand Theft Auto VI,DE
2023-01-29,0,Grand Theft Auto VI,DE
2023-02-05,0,Grand Theft Auto VI,DE
2023-02-12,0,Grand Theft Auto VI,DE
2023-02-19,0,Grand Theft Auto VI,DE
2023-02-26,0,Grand Theft Auto VI,DE
2023-03-05,0,Grand Theft Auto VI,DE
2023-03-12,0,Grand Theft Auto VI,DE
2023-03-19,0,Grand Theft Auto VI,DE
2023-03-26,0,Grand Theft Auto VI,DE
2023-04-02,0,Grand Theft Auto VI,DE
2023-04-09,0,Grand Theft Auto VI,DE
2023-04-16,0,Grand Theft Auto VI,DE
2023-04-23,0,Grand Theft Auto VI,DE
2023-04-30,0,Grand Theft Auto VI,DE
2023-05-07,0,Grand Theft Auto VI,DE
2023-05-14,1,Grand Theft Auto VI,DE
2023-05-21,0,Grand Theft Auto VI,DE
2023-05-28,0,Grand Theft Auto VI,DE
2023-06-04,0,Grand Theft Auto VI,DE
2023-06-11,0,Grand Theft Auto VI,DE
2023-06-18,0,Grand Theft Auto VI,DE
2023-06-25,0,Grand Theft Auto VI,DE
2023-07-02,0,Grand Theft Auto VI,DE
2023-07-09,0,Grand Theft Auto VI,DE
2023-07-16,0,Grand Theft Auto VI,DE
2023-07-23,0,Grand Theft Auto VI,DE
2023-07-30,0,Grand Theft Auto VI,DE
2023-08-06,0,Grand Theft Auto VI,DE
2023-08-13,1,Grand Theft Auto VI,DE
2023-08-20,0,Grand Theft Auto VI,DE
2023-08-27,0,Grand Theft Auto VI,DE
2023-09-03,0,Grand Theft Auto VI,DE
2023-09-10,0,Grand Theft Auto VI,DE
2023-09-17,1,Grand Theft Auto VI,DE
2023-09-24,0,Grand Theft Auto VI,DE
2023-10-01,1,Grand Theft Auto VI,DE
2023-10-08,1,Grand Theft Auto VI,DE
2023-10-15,0,Grand Theft Auto VI,DE
2023-10-22,4,Grand Theft Auto VI,DE
2023-10-29,1,Grand Theft Auto VI,DE
2023-11-05,2,Grand Theft Auto VI,DE
2023-11-12,2,Grand Theft Auto VI,DE
2023-11-19,0,Grand Theft Auto VI,DE
2023-11-26,1,Grand Theft Auto VI,DE
2023-12-03,9,Grand Theft Auto VI,DE
2023-12-10,2,Grand Theft Auto VI,DE
2023-12-17,1,Grand Theft Auto VI,DE
2023-12-24,2,Grand Theft Auto VI,DE
2023-12-31,0,Grand Theft Auto VI,DE
2024-01-07,0,Grand Theft Auto VI,DE
2024-01-14,0,Grand Theft Auto VI,DE
2024-01-21,0,Grand Theft Auto VI,DE
2024-01-28,0,Grand Theft Auto VI,DE
2024-02-04,1,Grand Theft Auto VI,DE
2024-02-11,1,Grand Theft Auto VI,DE
2024-02-18,0,Grand Theft Auto VI,DE
2024-02-25,0,Grand Theft Auto VI,DE
2024-03-03,0,Grand Theft Auto VI,DE
2024-03-10,0,Grand Theft Auto VI,DE
2024-03-17,0,Grand Theft Auto VI,DE
2024-03-24,0,Grand Theft Auto VI,DE
2024-03-31,0,Grand Theft Auto VI,DE
2024-04-07,0,Grand Theft Auto VI,DE
2024-04-14,0,Grand Theft Auto VI,DE
2024-04-21,0,Grand Theft Auto VI,DE
2024-04-28,0,Grand Theft Auto VI,DE
2024-05-05,0,Grand Theft Auto VI,DE
2024-05-12,0,Grand Theft Auto VI,DE
2024-05-19,0,Grand Theft Auto VI,DE
2024-05-26,0,Grand Theft Auto VI,DE
2024-06-02,0,Grand Theft Auto VI,DE
2024-06-09,0,Grand Theft Auto VI,DE
2024-06-16,0,Grand Theft Auto VI,DE
2024-06-23,0,Grand Theft Auto VI,DE
2024-06-30,0,Grand Theft Auto VI,DE
2024-07-07,0,Grand Theft Auto VI,DE
2024-07-14,0,Grand Theft Auto VI,DE
2024-07-21,0,Grand Theft Auto VI,DE
2024-07-28,1,Grand Theft Auto VI,DE
2024-08-04,0,Grand Theft Auto VI,DE
2024-08-11,0,Grand Theft Auto VI,DE
2024-08-18,0,Grand Theft Auto VI,DE
2024-08-25,0,Grand Theft Auto VI,DE
2024-09-01,0,Grand Theft Auto VI,DE
2024-09-08,1,Grand Theft Auto VI,DE
2024-09-15,0,Grand Theft Auto VI,DE
2024-09-22,0,Grand Theft Auto VI,DE
2024-09-29,0,Grand Theft Auto VI,DE
2024-10-06,0,Grand Theft Auto VI,DE
2024-10-13,0,Grand Theft Auto VI,DE
2024-10-20,0,Grand Theft Auto VI,DE
2024-10-27,0,Grand Theft Auto VI,DE
2024-11-03,0,Grand Theft Auto VI,DE
2024-11-10,0,Grand Theft Auto VI,DE
2024-11-17,1,Grand Theft Auto VI,DE
2024-11-24,1,Grand Theft Auto VI,DE
2024-12-01,0,Grand Theft Auto VI,DE
2024-12-08,0,Grand Theft Auto VI,DE
2024-12-15,0,Grand Theft Auto VI,DE
2024-12-22,2,Grand Theft Auto VI,DE
2024-12-29,1,Grand Theft Auto VI,DE
2025-01-05,1,Grand Theft Auto VI,DE
2025-01-12,1,Grand Theft Auto VI,DE
2025-01-19,0,Grand Theft Auto VI,DE
2025-01-26,2,Grand Theft Auto VI,DE
2025-02-02,0,Grand Theft Auto VI,DE
2025-02-09,0,Grand Theft Auto VI,DE
2025-02-16,0,Grand Theft Auto VI,DE
2025-02-23,0,Grand Theft Auto VI,DE
2025-03-02,0,Grand Theft Auto VI,DE
2025-03-09,1,Grand Theft Auto VI,DE
2025-03-16,0,Grand Theft Auto VI,DE
2025-03-23,0,Grand Theft Auto VI,DE
2025-03-30,0,Grand Theft Auto VI,DE
2025-04-06,0,Grand Theft Auto VI,DE
2025-04-13,0,Grand Theft Auto VI,DE
2025-04-20,0,Grand Theft Auto VI,DE
2025-04-27,2,Grand Theft Auto VI,DE
2025-05-04,6,Grand Theft Auto VI,DE
2025-05-11,3,Grand Theft Auto VI,DE
2025-05-18,0,Grand Theft Auto VI,DE
2025-05-25,0,Grand Theft Auto VI,DE
2025-06-01,0,Grand Theft Auto VI,DE
2025-06-08,0,Grand Theft Auto VI,DE
2025-06-15,0,Grand Theft Auto VI,DE
2025-06-22,0,Grand Theft Auto VI,DE
2025-06-29,0,Grand Theft Auto VI,DE
2025-07-06,0,Grand Theft Auto VI,DE
2025-07-13,0,Grand Theft Auto VI,DE
2025-07-20,0,Grand Theft Auto VI,DE
2025-07-27,0,Grand Theft Auto VI,DE
2025-08-03,0,Grand Theft Auto VI,DE
2025-08-10,2,Grand Theft Auto VI,DE
2025-08-17,0,Grand Theft Auto VI,DE
2025-08-24,0,Grand Theft Auto VI,DE
2025-08-31,1,Grand Theft Auto VI,DE
2025-09-07,0,Grand Theft Auto VI,DE
2025-09-14,0,Grand Theft Auto VI,DE
2025-09-21,0,Grand Theft Auto VI,DE
2025-09-28,0,Grand Theft Auto VI,DE
2025-10-05,0,Grand Theft Auto VI,DE
2025-10-12,2,Grand Theft Auto VI,DE
2025-10-19,1,Grand Theft Auto VI,DE
2025-10-26,1,Grand Theft Auto VI,DE
2025-11-02,3,Grand Theft Auto VI,DE
2025-11-09,2,Grand Theft Auto VI,DE
2025-11-16,0,Grand Theft Auto VI,DE
2025-11-23,0,Grand Theft Auto VI,DE
2025-11-30,1,Grand Theft Auto VI,DE
2025-12-07,1,Grand Theft Auto VI,DE
2025-12-14,0,Grand Theft Auto VI,DE
2025-12-21,2,Grand Theft Auto VI,DE
2025-12-28,2,Grand Theft Auto VI,DE
2026-01-04,2,Grand Theft Auto VI,DE
2026-01-11,2,Grand Theft Auto VI,DE
2026-01-18,2,Grand Theft Auto VI,DE
2026-01-25,1,Grand Theft Auto VI,DE
2026-02-01,1,Grand Theft Auto VI,DE
2026-02-08,2,Grand Theft Auto VI,DE
2026-02-15,2,Grand Theft Auto VI,DE
2026-02-22,1,Grand Theft Auto VI,DE
2026-03-01,2,Grand Theft Auto VI,DE
2026-03-08,2,Grand Theft Auto VI,DE
2026-03-15,2,Grand Theft Auto VI,DE
2026-03-22,2,Grand Theft Auto VI,DE
2026-03-29,11,Grand Theft Auto VI,DE
2026-04-05,15,Grand Theft Auto VI,DE
2026-04-12,16,Grand Theft Auto VI,DE
2026-04-19,57,Grand Theft Auto VI,DE
2026-04-26,15,Grand Theft Auto VI,DE
2026-05-03,25,Grand Theft Auto VI,DE
2026-05-10,14,Grand Theft Auto VI,DE
2026-05-17,22,Grand Theft Auto VI,DE
2026-05-24,29,Grand Theft Auto VI,DE
2026-05-31,32,Grand Theft Auto VI,DE
2026-06-07,12,Grand Theft Auto VI,DE
2026-06-14,27,Grand Theft Auto VI,DE
2026-06-21,85,Grand Theft Auto VI,DE
2026-06-28,58,Grand Theft Auto VI,DE
2026-07-05,25,Grand Theft Auto VI,DE
2026-07-12,20,Grand Theft Auto VI,DE
2026-07-19,6,Grand Theft Auto VI,DE
2026-07-26,28,Grand Theft Auto VI,DE
2026-08-02,23,Grand Theft Auto VI,DE
2026-08-09,30,Grand Theft Auto VI,DE
2026-08-16,29,Grand Theft Auto VI,DE
2026-08-23,87,Grand Theft Auto VI,DE
2026-08-30,100,Grand Theft Auto VI,DE
2026-09-06,80,Grand Theft Auto VI,DE
2023-01-01 00:00:00,0,Grand Theft Auto VI,FR
2023-01-08 00:00:00,0,Grand Theft Auto VI,FR
2023-01-15 00:00:00,0,Grand Theft Auto VI,FR
2023-01-22 00:00:00,0,Grand Theft Auto VI,FR
2023-01-29 00:00:00,0,Grand Theft Auto VI,FR
2023-02-05 00:00:00,0,Grand Theft Auto VI,FR
2023-02-12 00:00:00,0,Grand Theft Auto VI,FR
2023-02-19 00:00:00,0,Grand Theft Auto VI,FR
2023-02-26 00:00:00,0,Grand Theft Auto VI,FR
2023-03-05 00:00:00,0,Grand Theft Auto VI,FR
2023-03-12 00:00:00,0,Grand Theft Auto VI,FR
2023-03-19 00:00:00,0,Grand Theft Auto VI,FR
2023-03-26 00:00:00,0,Grand Theft Auto VI,FR
2023-04-02 00:00:00,0,Grand Theft Auto VI,FR
2023-04-09 00:00:00,0,Grand Theft Auto VI,FR
2023-04-16 00:00:00,0,Grand Theft Auto VI,FR
2023-04-23 00:00:00,0,Grand Theft Auto VI,FR
2023-04-30 00:00:00,0,Grand Theft Auto VI,FR
2023-05-07 00:00:00,0,Grand Theft Auto VI,FR
2023-05-14 00:00:00,0,Grand Theft Auto VI,FR
2023-05-21 00:00:00,0,Grand Theft Auto VI,FR
2023-05-28 00:00:00,0,Grand Theft Auto VI,FR
2023-06-04 00:00:00,0,Grand Theft Auto VI,FR
2023-06-11 00:00:00,0,Grand Theft Auto VI,FR
2023-06-18 00:00:00,0,Grand Theft Auto VI,FR
2023-06-25 00:00:00,0,Grand Theft Auto VI,FR
2023-07-02 00:00:00,0,Grand Theft Auto VI,FR
2023-07-09 00:00:00,0,Grand Theft Auto VI,FR
2023-07-16 00:00:00,0,Grand Theft Auto VI,FR
2023-07-23 00:00:00,0,Grand Theft Auto VI,FR
2023-07-30 00:00:00,0,Grand Theft Auto VI,FR
2023-08-06 00:00:00,0,Grand Theft Auto VI,FR
2023-08-13 00:00:00,0,Grand Theft Auto VI,FR
2023-08-20 00:00:00,0,Grand Theft Auto VI,FR
2023-08-27 00:00:00,0,Grand Theft Auto VI,FR
2023-09-03 00:00:00,0,Grand Theft Auto VI,FR
2023-09-10 00:00:00,0,Grand Theft Auto VI,FR
2023-09-17 00:00:00,0,Grand Theft Auto VI,FR
2023-09-24 00:00:00,0,Grand Theft Auto VI,FR
2023-10-01 00:00:00,0,Grand Theft Auto VI,FR
2023-10-08 00:00:00,0,Grand Theft Auto VI,FR
2023-10-15 00:00:00,0,Grand Theft Auto VI,FR
2023-10-22 00:00:00,0,Grand Theft Auto VI,FR
2023-10-29 00:00:00,0,Grand Theft Auto VI,FR
2023-11-05 00:00:00,0,Grand Theft Auto VI,FR
2023-11-12 00:00:00,0,Grand Theft Auto VI,FR
2023-11-19 00:00:00,0,Grand Theft Auto VI,FR
2023-11-26 00:00:00,0,Grand Theft Auto VI,FR
2023-12-03 00:00:00,5,Grand Theft Auto VI,FR
2023-12-10 00:00:00,2,Grand Theft Auto VI,FR
2023-12-17 00:00:00,0,Grand Theft Auto VI,FR
2023-12-24 00:00:00,0,Grand Theft Auto VI,FR
2023-12-31 00:00:00,0,Grand Theft Auto VI,FR
2024-01-07 00:00:00,0,Grand Theft Auto VI,FR
2024-01-14 00:00:00,0,Grand Theft Auto VI,FR
2024-01-21 00:00:00,0,Grand Theft Auto VI,FR
2024-01-28 00:00:00,0,Grand Theft Auto VI,FR
2024-02-04 00:00:00,0,Grand Theft Auto VI,FR
2024-02-11 00:00:00,0,Grand Theft Auto VI,FR
2024-02-18 00:00:00,0,Grand Theft Auto VI,FR
2024-02-25 00:00:00,0,Grand Theft Auto VI,FR
2024-03-03 00:00:00,0,Grand Theft Auto VI,FR
2024-03-10 00:00:00,0,Grand Theft Auto VI,FR
2024-03-17 00:00:00,0,Grand Theft Auto VI,FR
2024-03-24 00:00:00,2,Grand Theft Auto VI,FR
2024-03-31 00:00:00,0,Grand Theft Auto VI,FR
2024-04-07 00:00:00,0,Grand Theft Auto VI,FR
2024-04-14 00:00:00,2,Grand Theft Auto VI,FR
2024-04-21 00:00:00,0,Grand Theft Auto VI,FR
2024-04-28 00:00:00,0,Grand Theft Auto VI,FR
2024-05-05 00:00:00,0,Grand Theft Auto VI,FR
2024-05-12 00:00:00,0,Grand Theft Auto VI,FR
2024-05-19 00:00:00,0,Grand Theft Auto VI,FR
2024-05-26 00:00:00,0,Grand Theft Auto VI,FR
2024-06-02 00:00:00,0,Grand Theft Auto VI,FR
2024-06-09 00:00:00,0,Grand Theft Auto VI,FR
2024-06-16 00:00:00,0,Grand Theft Auto VI,FR
2024-06-23 00:00:00,0,Grand Theft Auto VI,FR
2024-06-30 00:00:00,0,Grand Theft Auto VI,FR
2024-07-07 00:00:00,0,Grand Theft Auto VI,FR
2024-07-14 00:00:00,0,Grand Theft Auto VI,FR
2024-07-21 00:00:00,0,Grand Theft Auto VI,FR
2024-07-28 00:00:00,0,Grand Theft Auto VI,FR
2024-08-04 00:00:00,2,Grand Theft Auto VI,FR
2024-08-11 00:00:00,0,Grand Theft Auto VI,FR
2024-08-18 00:00:00,0,Grand Theft Auto VI,FR
2024-08-25 00:00:00,0,Grand Theft Auto VI,FR
2024-09-01 00:00:00,0,Grand Theft Auto VI,FR
2024-09-08 00:00:00,0,Grand Theft Auto VI,FR
2024-09-15 00:00:00,0,Grand Theft Auto VI,FR
2024-09-22 00:00:00,2,Grand Theft Auto VI,FR
2024-09-29 00:00:00,0,Grand Theft Auto VI,FR
2024-10-06 00:00:00,0,Grand Theft Auto VI,FR
2024-10-13 00:00:00,0,Grand Theft Auto VI,FR
2024-10-20 00:00:00,0,Grand Theft Auto VI,FR
2024-10-27 00:00:00,0,Grand Theft Auto VI,FR
2024-11-03 00:00:00,0,Grand Theft Auto VI,FR
2024-11-10 00:00:00,0,Grand Theft Auto VI,FR
2024-11-17 00:00:00,0,Grand Theft Auto VI,FR
2024-11-24 00:00:00,0,Grand Theft Auto VI,FR
2024-12-01 00:00:00,0,Grand Theft Auto VI,FR
2024-12-08 00:00:00,2,Grand Theft Auto VI,FR
2024-12-15 00:00:00,0,Grand Theft Auto VI,FR
2024-12-22 00:00:00,0,Grand Theft Auto VI,FR
2024-12-29 00:00:00,2,Grand Theft Auto VI,FR
2025-01-05 00:00:00,2,Grand Theft Auto VI,FR
2025-01-12 00:00:00,0,Grand Theft Auto VI,FR
2025-01-19 00:00:00,0,Grand Theft Auto VI,FR
2025-01-26 00:00:00,2,Grand Theft Auto VI,FR
2025-02-02 00:00:00,0,Grand Theft Auto VI,FR
2025-02-09 00:00:00,0,Grand Theft Auto VI,FR
2025-02-16 00:00:00,0,Grand Theft Auto VI,FR
2025-02-23 00:00:00,0,Grand Theft Auto VI,FR
2025-03-02 00:00:00,0,Grand Theft Auto VI,FR
2025-03-09 00:00:00,0,Grand Theft Auto VI,FR
2025-03-16 00:00:00,0,Grand Theft Auto VI,FR
2025-03-23 00:00:00,0,Grand Theft Auto VI,FR
2025-03-30 00:00:00,0,Grand Theft Auto VI,FR
2025-04-06 00:00:00,0,Grand Theft Auto VI,FR
2025-04-13 00:00:00,0,Grand Theft Auto VI,FR
2025-04-20 00:00:00,0,Grand Theft Auto VI,FR
2025-04-27 00:00:00,2,Grand Theft Auto VI,FR
2025-05-04 00:00:00,7,Grand Theft Auto VI,FR
2025-05-11 00:00:00,4,Grand Theft Auto VI,FR
2025-05-18 00:00:00,0,Grand Theft Auto VI,FR
2025-05-25 00:00:00,0,Grand Theft Auto VI,FR
2025-06-01 00:00:00,0,Grand Theft Auto VI,FR
2025-06-08 00:00:00,2,Grand Theft Auto VI,FR
2025-06-15 00:00:00,0,Grand Theft Auto VI,FR
2025-06-22 00:00:00,0,Grand Theft Auto VI,FR
2025-06-29 00:00:00,0,Grand Theft Auto VI,FR
2025-07-06 00:00:00,0,Grand Theft Auto VI,FR
2025-07-13 00:00:00,0,Grand Theft Auto VI,FR
2025-07-20 00:00:00,0,Grand Theft Auto VI,FR
2025-07-27 00:00:00,0,Grand Theft Auto VI,FR
2025-08-03 00:00:00,0,Grand Theft Auto VI,FR
2025-08-10 00:00:00,2,Grand Theft Auto VI,FR
2025-08-17 00:00:00,0,Grand Theft Auto VI,FR
2025-08-24 00:00:00,0,Grand Theft Auto VI,FR
2025-08-31 00:00:00,0,Grand Theft Auto VI,FR
2025-09-07 00:00:00,0,Grand Theft Auto VI,FR
2025-09-14 00:00:00,0,Grand Theft Auto VI,FR
2025-09-21 00:00:00,0,Grand Theft Auto VI,FR
2025-09-28 00:00:00,0,Grand Theft Auto VI,FR
2025-10-05 00:00:00,0,Grand Theft Auto VI,FR
2025-10-12 00:00:00,0,Grand Theft Auto VI,FR
2025-10-19 00:00:00,0,Grand Theft Auto VI,FR
2025-10-26 00:00:00,2,Grand Theft Auto VI,FR
2025-11-02 00:00:00,4,Grand Theft Auto VI,FR
2025-11-09 00:00:00,3,Grand Theft Auto VI,FR
2025-11-16 00:00:00,0,Grand Theft Auto VI,FR
2025-11-23 00:00:00,0,Grand Theft Auto VI,FR
2025-11-30 00:00:00,0,Grand Theft Auto VI,FR
2025-12-07 00:00:00,0,Grand Theft Auto VI,FR
2025-12-14 00:00:00,3,Grand Theft Auto VI,FR
2025-12-21 00:00:00,3,Grand Theft Auto VI,FR
2025-12-28 00:00:00,0,Grand Theft Auto VI,FR
2026-01-04 00:00:00,4,Grand Theft Auto VI,FR
2026-01-11 00:00:00,0,Grand Theft Auto VI,FR
2026-01-18 00:00:00,2,Grand Theft Auto VI,FR
2026-01-25 00:00:00,0,Grand Theft Auto VI,FR
2026-02-01 00:00:00,4,Grand Theft Auto VI,FR
2026-02-08 00:00:00,9,Grand Theft Auto VI,FR
2026-02-15 00:00:00,2,Grand Theft Auto VI,FR
2026-02-22 00:00:00,4,Grand Theft Auto VI,FR
2026-03-01 00:00:00,4,Grand Theft Auto VI,FR
2026-03-08 00:00:00,3,Grand Theft Auto VI,FR
2026-03-15 00:00:00,7,Grand Theft Auto VI,FR
2026-03-22 00:00:00,3,Grand Theft Auto VI,FR
2026-03-29 00:00:00,3,Grand Theft Auto VI,FR
2026-04-05 00:00:00,19,Grand Theft Auto VI,FR
2026-04-12 00:00:00,9,Grand Theft Auto VI,FR
2026-04-19 00:00:00,53,Grand Theft Auto VI,FR
2026-04-26 00:00:00,7,Grand Theft Auto VI,FR
2026-05-03 00:00:00,16,Grand Theft Auto VI,FR
2026-05-10 00:00:00,17,Grand Theft Auto VI,FR
2026-05-17 00:00:00,41,Grand Theft Auto VI,FR
2026-05-24 00:00:00,34,Grand Theft Auto VI,FR
2026-05-31 00:00:00,16,Grand Theft Auto VI,FR
2026-06-07 00:00:00,39,Grand Theft Auto VI,FR
2026-06-14 00:00:00,28,Grand Theft Auto VI,FR
2026-06-21 00:00:00,63,Grand Theft Auto VI,FR
2026-06-28 00:00:00,48,Grand Theft Auto VI,FR
2026-07-05 00:00:00,28,Grand Theft Auto VI,FR
2026-07-12 00:00:00,44,Grand Theft Auto VI,FR
2026-07-19 00:00:00,17,Grand Theft Auto VI,FR
2026-07-26 00:00:00,26,Grand Theft Auto VI,FR
2026-08-02 00:00:00,17,Grand Theft Auto VI,FR
2026-08-09 00:00:00,25,Grand Theft Auto VI,FR
2026-08-16 00:00:00,61,Grand Theft Auto VI,FR
2026-08-23 00:00:00,93,Grand Theft Auto VI,FR
2026-08-30 00:00:00,72,Grand Theft Auto VI,FR
2026-09-06 00:00:00,100,Grand Theft Auto VI,FR
2023-01-01,0,Grand Theft Auto VI,JP
2023-01-08,0,Grand Theft Auto VI,JP
2023-01-15,0,Grand Theft Auto VI,JP
2023-01-22,0,Grand Theft Auto VI,JP
2023-01-29,0,Grand Theft Auto VI,JP
2023-02-05,0,Grand Theft Auto VI,JP
2023-02-12,0,Grand Theft Auto VI,JP
2023-02-19,0,Grand Theft Auto VI,JP
2023-02-26,0,Grand Theft Auto VI,JP
2023-03-05,0,Grand Theft Auto VI,JP
2023-03-12,0,Grand Theft Auto VI,JP
2023-03-19,0,Grand Theft Auto VI,JP
2023-03-26,0,Grand Theft Auto VI,JP
2023-04-02,0,Grand Theft Auto VI,JP
2023-04-09,0,Grand Theft Auto VI,JP
2023-04-16,0,Grand Theft Auto VI,JP
2023-04-23,0,Grand Theft Auto VI,JP
2023-04-30,0,Grand Theft Auto VI,JP
2023-05-07,0,Grand Theft Auto VI,JP
2023-05-14,0,Grand Theft Auto VI,JP
2023-05-21,0,Grand Theft Auto VI,JP
2023-05-28,0,Grand Theft Auto VI,JP
2023-06-04,0,Grand Theft Auto VI,JP
2023-06-11,0,Grand Theft Auto VI,JP
2023-06-18,0,Grand Theft Auto VI,JP
2023-06-25,0,Grand Theft Auto VI,JP
2023-07-02,0,Grand Theft Auto VI,JP
2023-07-09,0,Grand Theft Auto VI,JP
2023-07-16,0,Grand Theft Auto VI,JP
2023-07-23,0,Grand Theft Auto VI,JP
2023-07-30,0,Grand Theft Auto VI,JP
2023-08-06,0,Grand Theft Auto VI,JP
2023-08-13,0,Grand Theft Auto VI,JP
2023-08-20,0,Grand Theft Auto VI,JP
2023-08-27,0,Grand Theft Auto VI,JP
2023-09-03,0,Grand Theft Auto VI,JP
2023-09-10,0,Grand Theft Auto VI,JP
2023-09-17,0,Grand Theft Auto VI,JP
2023-09-24,0,Grand Theft Auto VI,JP
2023-10-01,0,Grand Theft Auto VI,JP
2023-10-08,0,Grand Theft Auto VI,JP
2023-10-15,0,Grand Theft Auto VI,JP
2023-10-22,0,Grand Theft Auto VI,JP
2023-10-29,0,Grand Theft Auto VI,JP
2023-11-05,0,Grand Theft Auto VI,JP
2023-11-12,0,Grand Theft Auto VI,JP
2023-11-19,0,Grand Theft Auto VI,JP
2023-11-26,0,Grand Theft Auto VI,JP
2023-12-03,10,Grand Theft Auto VI,JP
2023-12-10,0,Grand Theft Auto VI,JP
2023-12-17,0,Grand Theft Auto VI,JP
2023-12-24,0,Grand Theft Auto VI,JP
2023-12-31,0,Grand Theft Auto VI,JP
2024-01-07,0,Grand Theft Auto VI,JP
2024-01-14,0,Grand Theft Auto VI,JP
2024-01-21,0,Grand Theft Auto VI,JP
2024-01-28,0,Grand Theft Auto VI,JP
2024-02-04,0,Grand Theft Auto VI,JP
2024-02-11,0,Grand Theft Auto VI,JP
2024-02-18,0,Grand Theft Auto VI,JP
2024-02-25,0,Grand Theft Auto VI,JP
2024-03-03,0,Grand Theft Auto VI,JP
2024-03-10,0,Grand Theft Auto VI,JP
2024-03-17,0,Grand Theft Auto VI,JP
2024-03-24,0,Grand Theft Auto VI,JP
2024-03-31,0,Grand Theft Auto VI,JP
2024-04-07,0,Grand Theft Auto VI,JP
2024-04-14,0,Grand Theft Auto VI,JP
2024-04-21,0,Grand Theft Auto VI,JP
2024-04-28,0,Grand Theft Auto VI,JP
2024-05-05,0,Grand Theft Auto VI,JP
2024-05-12,100,Grand Theft Auto VI,JP
2024-05-19,21,Grand Theft Auto VI,JP
2024-05-26,0,Grand Theft Auto VI,JP
2024-06-02,0,Grand Theft Auto VI,JP
2024-06-09,0,Grand Theft Auto VI,JP
2024-06-16,0,Grand Theft Auto VI,JP
2024-06-23,0,Grand Theft Auto VI,JP
2024-06-30,0,Grand Theft Auto VI,JP
2024-07-07,0,Grand Theft Auto VI,JP
2024-07-14,0,Grand Theft Auto VI,JP
2024-07-21,0,Grand Theft Auto VI,JP
2024-07-28,0,Grand Theft Auto VI,JP
2024-08-04,0,Grand Theft Auto VI,JP
2024-08-11,0,Grand Theft Auto VI,JP
2024-08-18,0,Grand Theft Auto VI,JP
2024-08-25,0,Grand Theft Auto VI,JP
2024-09-01,0,Grand Theft Auto VI,JP
2024-09-08,0,Grand Theft Auto VI,JP
2024-09-15,0,Grand Theft Auto VI,JP
2024-09-22,0,Grand Theft Auto VI,JP
2024-09-29,0,Grand Theft Auto VI,JP
2024-10-06,0,Grand Theft Auto VI,JP
2024-10-13,0,Grand Theft Auto VI,JP
2024-10-20,0,Grand Theft Auto VI,JP
2024-10-27,0,Grand Theft Auto VI,JP
2024-11-03,0,Grand Theft Auto VI,JP
2024-11-10,0,Grand Theft Auto VI,JP
2024-11-17,0,Grand Theft Auto VI,JP
2024-11-24,0,Grand Theft Auto VI,JP
2024-12-01,0,Grand Theft Auto VI,JP
2024-12-08,0,Grand Theft Auto VI,JP
2024-12-15,0,Grand Theft Auto VI,JP
2024-12-22,0,Grand Theft Auto VI,JP
2024-12-29,0,Grand Theft Auto VI,JP
2025-01-05,0,Grand Theft Auto VI,JP
2025-01-12,0,Grand Theft Auto VI,JP
2025-01-19,0,Grand Theft Auto VI,JP
2025-01-26,0,Grand Theft Auto VI,JP
2025-02-02,0,Grand Theft Auto VI,JP
2025-02-09,0,Grand Theft Auto VI,JP
2025-02-16,0,Grand Theft Auto VI,JP
2025-02-23,0,Grand Theft Auto VI,JP
2025-03-02,0,Grand Theft Auto VI,JP
2025-03-09,0,Grand Theft Auto VI,JP
2025-03-16,0,Grand Theft Auto VI,JP
2025-03-23,0,Grand Theft Auto VI,JP
2025-03-30,0,Grand Theft Auto VI,JP
2025-04-06,0,Grand Theft Auto VI,JP
2025-04-13,0,Grand Theft Auto VI,JP
2025-04-20,0,Grand Theft Auto VI,JP
2025-04-27,0,Grand Theft Auto VI,JP
2025-05-04,6,Grand Theft Auto VI,JP
2025-05-11,0,Grand Theft Auto VI,JP
2025-05-18,0,Grand Theft Auto VI,JP
2025-05-25,0,Grand Theft Auto VI,JP
2025-06-01,0,Grand Theft Auto VI,JP
2025-06-08,0,Grand Theft Auto VI,JP
2025-06-15,0,Grand Theft Auto VI,JP
2025-06-22,0,Grand Theft Auto VI,JP
2025-06-29,0,Grand Theft Auto VI,JP
2025-07-06,0,Grand Theft Auto VI,JP
2025-07-13,0,Grand Theft Auto VI,JP
2025-07-20,0,Grand Theft Auto VI,JP
2025-07-27,0,Grand Theft Auto VI,JP
2025-08-03,0,Grand Theft Auto VI,JP
2025-08-10,0,Grand Theft Auto VI,JP
2025-08-17,0,Grand Theft Auto VI,JP
2025-08-24,0,Grand Theft Auto VI,JP
2025-08-31,0,Grand Theft Auto VI,JP
2025-09-07,0,Grand Theft Auto VI,JP
2025-09-14,0,Grand Theft Auto VI,JP
2025-09-21,0,Grand Theft Auto VI,JP
2025-09-28,0,Grand Theft Auto VI,JP
2025-10-05,0,Grand Theft Auto VI,JP
2025-10-12,0,Grand Theft Auto VI,JP
2025-10-19,0,Grand Theft Auto VI,JP
2025-10-26,0,Grand Theft Auto VI,JP
2025-11-02,0,Grand Theft Auto VI,JP
2025-11-09,0,Grand Theft Auto VI,JP
2025-11-16,0,Grand Theft Auto VI,JP
2025-11-23,5,Grand Theft Auto VI,JP
2025-11-30,0,Grand Theft Auto VI,JP
2025-12-07,0,Grand Theft Auto VI,JP
2025-12-14,0,Grand Theft Auto VI,JP
2025-12-21,4,Grand Theft Auto VI,JP
2025-12-28,0,Grand Theft Auto VI,JP
2026-01-04,0,Grand Theft Auto VI,JP
2026-01-11,0,Grand Theft Auto VI,JP
2026-01-18,0,Grand Theft Auto VI,JP
2026-01-25,0,Grand Theft Auto VI,JP
2026-02-01,0,Grand Theft Auto VI,JP
2026-02-08,0,Grand Theft Auto VI,JP
2026-02-15,0,Grand Theft Auto VI,JP
2026-02-22,0,Grand Theft Auto VI,JP
2026-03-01,0,Grand Theft Auto VI,JP
2026-03-08,7,Grand Theft Auto VI,JP
2026-03-15,0,Grand Theft Auto VI,JP
2026-03-22,5,Grand Theft Auto VI,JP
2026-03-29,6,Grand Theft Auto VI,JP
2026-04-05,0,Grand Theft Auto VI,JP
2026-04-12,0,Grand Theft Auto VI,JP
2026-04-19,0,Grand Theft Auto VI,JP
2026-04-26,5,Grand Theft Auto VI,JP
2026-05-03,0,Grand Theft Auto VI,JP
2026-05-10,6,Grand Theft Auto VI,JP
2026-05-17,9,Grand Theft Auto VI,JP
2026-05-24,7,Grand Theft Auto VI,JP
2026-05-31,0,Grand Theft Auto VI,JP
2026-06-07,6,Grand Theft Auto VI,JP
2026-06-14,13,Grand Theft Auto VI,JP
2026-06-21,39,Grand Theft Auto VI,JP
2026-06-28,27,Grand Theft Auto VI,JP
2026-07-05,15,Grand Theft Auto VI,JP
2026-07-12,5,Grand Theft Auto VI,JP
2026-07-19,0,Grand Theft Auto VI,JP
2026-07-26,0,Grand Theft Auto VI,JP
2026-08-02,0,Grand Theft Auto VI,JP
2026-08-09,0,Grand Theft Auto VI,JP
2026-08-16,10,Grand Theft Auto VI,JP
2026-08-23,10,Grand Theft Auto VI,JP
2026-08-30,7,Grand Theft Auto VI,JP
2026-09-06,4,Grand Theft Auto VI,JP
2023-01-01,0,Grand Theft Auto VI,KR
2023-01-08,0,Grand Theft Auto VI,KR
2023-01-15,0,Grand Theft Auto VI,KR
2023-01-22,0,Grand Theft Auto VI,KR
2023-01-29,0,Grand Theft Auto VI,KR
2023-02-05,0,Grand Theft Auto VI,KR
2023-02-12,0,Grand Theft Auto VI,KR
2023-02-19,0,Grand Theft Auto VI,KR
2023-02-26,0,Grand Theft Auto VI,KR
2023-03-05,0,Grand Theft Auto VI,KR
2023-03-12,0,Grand Theft Auto VI,KR
2023-03-19,0,Grand Theft Auto VI,KR
2023-03-26,0,Grand Theft Auto VI,KR
2023-04-02,0,Grand Theft Auto VI,KR
2023-04-09,0,Grand Theft Auto VI,KR
2023-04-16,0,Grand Theft Auto VI,KR
2023-04-23,0,Grand Theft Auto VI,KR
2023-04-30,0,Grand Theft Auto VI,KR
2023-05-07,0,Grand Theft Auto VI,KR
2023-05-14,0,Grand Theft Auto VI,KR
2023-05-21,0,Grand Theft Auto VI,KR
2023-05-28,0,Grand Theft Auto VI,KR
2023-06-04,0,Grand Theft Auto VI,KR
2023-06-11,0,Grand Theft Auto VI,KR
2023-06-18,0,Grand Theft Auto VI,KR
2023-06-25,0,Grand Theft Auto VI,KR
2023-07-02,0,Grand Theft Auto VI,KR
2023-07-09,0,Grand Theft Auto VI,KR
2023-07-16,0,Grand Theft Auto VI,KR
2023-07-23,0,Grand Theft Auto VI,KR
2023-07-30,0,Grand Theft Auto VI,KR
2023-08-06,0,Grand Theft Auto VI,KR
2023-08-13,0,Grand Theft Auto VI,KR
2023-08-20,0,Grand Theft Auto VI,KR
2023-08-27,0,Grand Theft Auto VI,KR
2023-09-03,0,Grand Theft Auto VI,KR
2023-09-10,0,Grand Theft Auto VI,KR
2023-09-17,0,Grand Theft Auto VI,KR
2023-09-24,0,Grand Theft Auto VI,KR
2023-10-01,0,Grand Theft Auto VI,KR
2023-10-08,0,Grand Theft Auto VI,KR
2023-10-15,0,Grand Theft Auto VI,KR
2023-10-22,0,Grand Theft Auto VI,KR
2023-10-29,0,Grand Theft Auto VI,KR
2023-11-05,0,Grand Theft Auto VI,KR
2023-11-12,0,Grand Theft Auto VI,KR
2023-11-19,0,Grand Theft Auto VI,KR
2023-11-26,0,Grand Theft Auto VI,KR
2023-12-03,0,Grand Theft Auto VI,KR
2023-12-10,0,Grand Theft Auto VI,KR
2023-12-17,0,Grand Theft Auto VI,KR
2023-12-24,0,Grand Theft Auto VI,KR
2023-12-31,0,Grand Theft Auto VI,KR
2024-01-07,0,Grand Theft Auto VI,KR
2024-01-14,0,Grand Theft Auto VI,KR
2024-01-21,0,Grand Theft Auto VI,KR
2024-01-28,0,Grand Theft Auto VI,KR
2024-02-04,0,Grand Theft Auto VI,KR
2024-02-11,0,Grand Theft Auto VI,KR
2024-02-18,0,Grand Theft Auto VI,KR
2024-02-25,0,Grand Theft Auto VI,KR
2024-03-03,0,Grand Theft Auto VI,KR
2024-03-10,0,Grand Theft Auto VI,KR
2024-03-17,0,Grand Theft Auto VI,KR
2024-03-24,0,Grand Theft Auto VI,KR
2024-03-31,0,Grand Theft Auto VI,KR
2024-04-07,0,Grand Theft Auto VI,KR
2024-04-14,0,Grand Theft Auto VI,KR
2024-04-21,0,Grand Theft Auto VI,KR
2024-04-28,0,Grand Theft Auto VI,KR
2024-05-05,0,Grand Theft Auto VI,KR
2024-05-12,0,Grand Theft Auto VI,KR
2024-05-19,0,Grand Theft Auto VI,KR
2024-05-26,0,Grand Theft Auto VI,KR
2024-06-02,0,Grand Theft Auto VI,KR
2024-06-09,0,Grand Theft Auto VI,KR
2024-06-16,0,Grand Theft Auto VI,KR
2024-06-23,0,Grand Theft Auto VI,KR
2024-06-30,0,Grand Theft Auto VI,KR
2024-07-07,0,Grand Theft Auto VI,KR
2024-07-14,0,Grand Theft Auto VI,KR
2024-07-21,0,Grand Theft Auto VI,KR
2024-07-28,0,Grand Theft Auto VI,KR
2024-08-04,0,Grand Theft Auto VI,KR
2024-08-11,0,Grand Theft Auto VI,KR
2024-08-18,0,Grand Theft Auto VI,KR
2024-08-25,0,Grand Theft Auto VI,KR
2024-09-01,0,Grand Theft Auto VI,KR
2024-09-08,0,Grand Theft Auto VI,KR
2024-09-15,0,Grand Theft Auto VI,KR
2024-09-22,0,Grand Theft Auto VI,KR
2024-09-29,0,Grand Theft Auto VI,KR
2024-10-06,0,Grand Theft Auto VI,KR
2024-10-13,0,Grand Theft Auto VI,KR
2024-10-20,0,Grand Theft Auto VI,KR
2024-10-27,0,Grand Theft Auto VI,KR
2024-11-03,0,Grand Theft Auto VI,KR
2024-11-10,0,Grand Theft Auto VI,KR
2024-11-17,0,Grand Theft Auto VI,KR
2024-11-24,0,Grand Theft Auto VI,KR
2024-12-01,0,Grand Theft Auto VI,KR
2024-12-08,0,Grand Theft Auto VI,KR
2024-12-15,0,Grand Theft Auto VI,KR
2024-12-22,0,Grand Theft Auto VI,KR
2024-12-29,0,Grand Theft Auto VI,KR
2025-01-05,0,Grand Theft Auto VI,KR
2025-01-12,0,Grand Theft Auto VI,KR
2025-01-19,0,Grand Theft Auto VI,KR
2025-01-26,0,Grand Theft Auto VI,KR
2025-02-02,0,Grand Theft Auto VI,KR
2025-02-09,0,Grand Theft Auto VI,KR
2025-02-16,0,Grand Theft Auto VI,KR
2025-02-23,0,Grand Theft Auto VI,KR
2025-03-02,0,Grand Theft Auto VI,KR
2025-03-09,0,Grand Theft Auto VI,KR
2025-03-16,0,Grand Theft Auto VI,KR
2025-03-23,0,Grand Theft Auto VI,KR
2025-03-30,0,Grand Theft Auto VI,KR
2025-04-06,0,Grand Theft Auto VI,KR
2025-04-13,0,Grand Theft Auto VI,KR
2025-04-20,0,Grand Theft Auto VI,KR
2025-04-27,0,Grand Theft Auto VI,KR
2025-05-04,0,Grand Theft Auto VI,KR
2025-05-11,0,Grand Theft Auto VI,KR
2025-05-18,0,Grand Theft Auto VI,KR
2025-05-25,0,Grand Theft Auto VI,KR
2025-06-01,0,Grand Theft Auto VI,KR
2025-06-08,0,Grand Theft Auto VI,KR
2025-06-15,0,Grand Theft Auto VI,KR
2025-06-22,0,Grand Theft Auto VI,KR
2025-06-29,0,Grand Theft Auto VI,KR
2025-07-06,0,Grand Theft Auto VI,KR
2025-07-13,0,Grand Theft Auto VI,KR
2025-07-20,0,Grand Theft Auto VI,KR
2025-07-27,0,Grand Theft Auto VI,KR
2025-08-03,0,Grand Theft Auto VI,KR
2025-08-10,0,Grand Theft Auto VI,KR
2025-08-17,0,Grand Theft Auto VI,KR
2025-08-24,0,Grand Theft Auto VI,KR
2025-08-31,0,Grand Theft Auto VI,KR
2025-09-07,0,Grand Theft Auto VI,KR
2025-09-14,0,Grand Theft Auto VI,KR
2025-09-21,0,Grand Theft Auto VI,KR
2025-09-28,0,Grand Theft Auto VI,KR
2025-10-05,0,Grand Theft Auto VI,KR
2025-10-12,0,Grand Theft Auto VI,KR
2025-10-19,0,Grand Theft Auto VI,KR
2025-10-26,0,Grand Theft Auto VI,KR
2025-11-02,0,Grand Theft Auto VI,KR
2025-11-09,0,Grand Theft Auto VI,KR
2025-11-16,0,Grand Theft Auto VI,KR
2025-11-23,0,Grand Theft Auto VI,KR
2025-11-30,0,Grand Theft Auto VI,KR
2025-12-07,0,Grand Theft Auto VI,KR
2025-12-14,0,Grand Theft Auto VI,KR
2025-12-21,0,Grand Theft Auto VI,KR
2025-12-28,21,Grand Theft Auto VI,KR
2026-01-04,0,Grand Theft Auto VI,KR
2026-01-11,0,Grand Theft Auto VI,KR
2026-01-18,0,Grand Theft Auto VI,KR
2026-01-25,0,Grand Theft Auto VI,KR
2026-02-01,0,Grand Theft Auto VI,KR
2026-02-08,0,Grand Theft Auto VI,KR
2026-02-15,0,Grand Theft Auto VI,KR
2026-02-22,17,Grand Theft Auto VI,KR
2026-03-01,0,Grand Theft Auto VI,KR
2026-03-08,31,Grand Theft Auto VI,KR
2026-03-15,0,Grand Theft Auto VI,KR
2026-03-22,0,Grand Theft Auto VI,KR
2026-03-29,0,Grand Theft Auto VI,KR
2026-04-05,0,Grand Theft Auto VI,KR
2026-04-12,0,Grand Theft Auto VI,KR
2026-04-19,0,Grand Theft Auto VI,KR
2026-04-26,0,Grand Theft Auto VI,KR
2026-05-03,0,Grand Theft Auto VI,KR
2026-05-10,0,Grand Theft Auto VI,KR
2026-05-17,0,Grand Theft Auto VI,KR
2026-05-24,0,Grand Theft Auto VI,KR
2026-05-31,0,Grand Theft Auto VI,KR
2026-06-07,0,Grand Theft Auto VI,KR
2026-06-14,20,Grand Theft Auto VI,KR
2026-06-21,100,Grand Theft Auto VI,KR
2026-06-28,59,Grand Theft Auto VI,KR
2026-07-05,26,Grand Theft Auto VI,KR
2026-07-12,0,Grand Theft Auto VI,KR
2026-07-19,0,Grand Theft Auto VI,KR
2026-07-26,0,Grand Theft Auto VI,KR
2026-08-02,0,Grand Theft Auto VI,KR
2026-08-09,0,Grand Theft Auto VI,KR
2026-08-16,0,Grand Theft Auto VI,KR
2026-08-23,12,Grand Theft Auto VI,KR
2026-08-30,19,Grand Theft Auto VI,KR
2026-09-06,22,Grand Theft Auto VI,KR
2023-01-01,0,Grand Theft Auto VI,ID
2023-01-08,0,Grand Theft Auto VI,ID
2023-01-15,0,Grand Theft Auto VI,ID
2023-01-22,0,Grand Theft Auto VI,ID
2023-01-29,0,Grand Theft Auto VI,ID
2023-02-05,0,Grand Theft Auto VI,ID
2023-02-12,0,Grand Theft Auto VI,ID
2023-02-19,0,Grand Theft Auto VI,ID
2023-02-26,0,Grand Theft Auto VI,ID
2023-03-05,0,Grand Theft Auto VI,ID
2023-03-12,0,Grand Theft Auto VI,ID
2023-03-19,0,Grand Theft Auto VI,ID
2023-03-26,0,Grand Theft Auto VI,ID
2023-04-02,0,Grand Theft Auto VI,ID
2023-04-09,0,Grand Theft Auto VI,ID
2023-04-16,0,Grand Theft Auto VI,ID
2023-04-23,0,Grand Theft Auto VI,ID
2023-04-30,0,Grand Theft Auto VI,ID
2023-05-07,0,Grand Theft Auto VI,ID
2023-05-14,0,Grand Theft Auto VI,ID
2023-05-21,0,Grand Theft Auto VI,ID
2023-05-28,0,Grand Theft Auto VI,ID
2023-06-04,0,Grand Theft Auto VI,ID
2023-06-11,0,Grand Theft Auto VI,ID
2023-06-18,0,Grand Theft Auto VI,ID
2023-06-25,0,Grand Theft Auto VI,ID
2023-07-02,0,Grand Theft Auto VI,ID
2023-07-09,0,Grand Theft Auto VI,ID
2023-07-16,0,Grand Theft Auto VI,ID
2023-07-23,0,Grand Theft Auto VI,ID
2023-07-30,0,Grand Theft Auto VI,ID
2023-08-06,0,Grand Theft Auto VI,ID
2023-08-13,0,Grand Theft Auto VI,ID
2023-08-20,0,Grand Theft Auto VI,ID
2023-08-27,0,Grand Theft Auto VI,ID
2023-09-03,0,Grand Theft Auto VI,ID
2023-09-10,0,Grand Theft Auto VI,ID
2023-09-17,0,Grand Theft Auto VI,ID
2023-09-24,0,Grand Theft Auto VI,ID
2023-10-01,0,Grand Theft Auto VI,ID
2023-10-08,0,Grand Theft Auto VI,ID
2023-10-15,0,Grand Theft Auto VI,ID
2023-10-22,0,Grand Theft Auto VI,ID
2023-10-29,0,Grand Theft Auto VI,ID
2023-11-05,0,Grand Theft Auto VI,ID
2023-11-12,0,Grand Theft Auto VI,ID
2023-11-19,0,Grand Theft Auto VI,ID
2023-11-26,0,Grand Theft Auto VI,ID
2023-12-03,23,Grand Theft Auto VI,ID
2023-12-10,0,Grand Theft Auto VI,ID
2023-12-17,0,Grand Theft Auto VI,ID
2023-12-24,0,Grand Theft Auto VI,ID
2023-12-31,0,Grand Theft Auto VI,ID
2024-01-07,0,Grand Theft Auto VI,ID
2024-01-14,0,Grand Theft Auto VI,ID
2024-01-21,0,Grand Theft Auto VI,ID
2024-01-28,15,Grand Theft Auto VI,ID
2024-02-04,17,Grand Theft Auto VI,ID
2024-02-11,0,Grand Theft Auto VI,ID
2024-02-18,0,Grand Theft Auto VI,ID
2024-02-25,0,Grand Theft Auto VI,ID
2024-03-03,0,Grand Theft Auto VI,ID
2024-03-10,0,Grand Theft Auto VI,ID
2024-03-17,0,Grand Theft Auto VI,ID
2024-03-24,0,Grand Theft Auto VI,ID
2024-03-31,0,Grand Theft Auto VI,ID
2024-04-07,0,Grand Theft Auto VI,ID
2024-04-14,0,Grand Theft Auto VI,ID
2024-04-21,0,Grand Theft Auto VI,ID
2024-04-28,0,Grand Theft Auto VI,ID
2024-05-05,0,Grand Theft Auto VI,ID
2024-05-12,0,Grand Theft Auto VI,ID
2024-05-19,0,Grand Theft Auto VI,ID
2024-05-26,0,Grand Theft Auto VI,ID
2024-06-02,0,Grand Theft Auto VI,ID
2024-06-09,0,Grand Theft Auto VI,ID
2024-06-16,0,Grand Theft Auto VI,ID
2024-06-23,0,Grand Theft Auto VI,ID
2024-06-30,0,Grand Theft Auto VI,ID
2024-07-07,0,Grand Theft Auto VI,ID
2024-07-14,0,Grand Theft Auto VI,ID
2024-07-21,0,Grand Theft Auto VI,ID
2024-07-28,0,Grand Theft Auto VI,ID
2024-08-04,0,Grand Theft Auto VI,ID
2024-08-11,0,Grand Theft Auto VI,ID
2024-08-18,0,Grand Theft Auto VI,ID
2024-08-25,0,Grand Theft Auto VI,ID
2024-09-01,0,Grand Theft Auto VI,ID
2024-09-08,0,Grand Theft Auto VI,ID
2024-09-15,0,Grand Theft Auto VI,ID
2024-09-22,0,Grand Theft Auto VI,ID
2024-09-29,0,Grand Theft Auto VI,ID
2024-10-06,0,Grand Theft Auto VI,ID
2024-10-13,0,Grand Theft Auto VI,ID
2024-10-20,0,Grand Theft Auto VI,ID
2024-10-27,0,Grand Theft Auto VI,ID
2024-11-03,0,Grand Theft Auto VI,ID
2024-11-10,0,Grand Theft Auto VI,ID
2024-11-17,0,Grand Theft Auto VI,ID
2024-11-24,0,Grand Theft Auto VI,ID
2024-12-01,0,Grand Theft Auto VI,ID
2024-12-08,0,Grand Theft Auto VI,ID
2024-12-15,0,Grand Theft Auto VI,ID
2024-12-22,0,Grand Theft Auto VI,ID
2024-12-29,0,Grand Theft Auto VI,ID
2025-01-05,0,Grand Theft Auto VI,ID
2025-01-12,0,Grand Theft Auto VI,ID
2025-01-19,0,Grand Theft Auto VI,ID
2025-01-26,0,Grand Theft Auto VI,ID
2025-02-02,0,Grand Theft Auto VI,ID
2025-02-09,0,Grand Theft Auto VI,ID
2025-02-16,0,Grand Theft Auto VI,ID
2025-02-23,0,Grand Theft Auto VI,ID
2025-03-02,0,Grand Theft Auto VI,ID
2025-03-09,0,Grand Theft Auto VI,ID
2025-03-16,0,Grand Theft Auto VI,ID
2025-03-23,0,Grand Theft Auto VI,ID
2025-03-30,0,Grand Theft Auto VI,ID
2025-04-06,0,Grand Theft Auto VI,ID
2025-04-13,0,Grand Theft Auto VI,ID
2025-04-20,0,Grand Theft Auto VI,ID
2025-04-27,0,Grand Theft Auto VI,ID
2025-05-04,18,Grand Theft Auto VI,ID
2025-05-11,0,Grand Theft Auto VI,ID
2025-05-18,0,Grand Theft Auto VI,ID
2025-05-25,0,Grand Theft Auto VI,ID
2025-06-01,0,Grand Theft Auto VI,ID
2025-06-08,0,Grand Theft Auto VI,ID
2025-06-15,0,Grand Theft Auto VI,ID
2025-06-22,0,Grand Theft Auto VI,ID
2025-06-29,0,Grand Theft Auto VI,ID
2025-07-06,0,Grand Theft Auto VI,ID
2025-07-13,0,Grand Theft Auto VI,ID
2025-07-20,0,Grand Theft Auto VI,ID
2025-07-27,0,Grand Theft Auto VI,ID
2025-08-03,0,Grand Theft Auto VI,ID
2025-08-10,0,Grand Theft Auto VI,ID
2025-08-17,0,Grand Theft Auto VI,ID
2025-08-24,0,Grand Theft Auto VI,ID
2025-08-31,0,Grand Theft Auto VI,ID
2025-09-07,0,Grand Theft Auto VI,ID
2025-09-14,0,Grand Theft Auto VI,ID
2025-09-21,0,Grand Theft Auto VI,ID
2025-09-28,0,Grand Theft Auto VI,ID
2025-10-05,0,Grand Theft Auto VI,ID
2025-10-12,0,Grand Theft Auto VI,ID
2025-10-19,19,Grand Theft Auto VI,ID
2025-10-26,0,Grand Theft Auto VI,ID
2025-11-02,0,Grand Theft Auto VI,ID
2025-11-09,0,Grand Theft Auto VI,ID
2025-11-16,0,Grand Theft Auto VI,ID
2025-11-23,0,Grand Theft Auto VI,ID
2025-11-30,16,Grand Theft Auto VI,ID
2025-12-07,0,Grand Theft Auto VI,ID
2025-12-14,16,Grand Theft Auto VI,ID
2025-12-21,17,Grand Theft Auto VI,ID
2025-12-28,0,Grand Theft Auto VI,ID
2026-01-04,0,Grand Theft Auto VI,ID
2026-01-11,29,Grand Theft Auto VI,ID
2026-01-18,0,Grand Theft Auto VI,ID
2026-01-25,0,Grand Theft Auto VI,ID
2026-02-01,0,Grand Theft Auto VI,ID
2026-02-08,65,Grand Theft Auto VI,ID
2026-02-15,17,Grand Theft Auto VI,ID
2026-02-22,33,Grand Theft Auto VI,ID
2026-03-01,0,Grand Theft Auto VI,ID
2026-03-08,0,Grand Theft Auto VI,ID
2026-03-15,0,Grand Theft Auto VI,ID
2026-03-22,0,Grand Theft Auto VI,ID
2026-03-29,0,Grand Theft Auto VI,ID
2026-04-05,0,Grand Theft Auto VI,ID
2026-04-12,0,Grand Theft Auto VI,ID
2026-04-19,0,Grand Theft Auto VI,ID
2026-04-26,68,Grand Theft Auto VI,ID
2026-05-03,26,Grand Theft Auto VI,ID
2026-05-10,23,Grand Theft Auto VI,ID
2026-05-17,26,Grand Theft Auto VI,ID
2026-05-24,21,Grand Theft Auto VI,ID
2026-05-31,0,Grand Theft Auto VI,ID
2026-06-07,0,Grand Theft Auto VI,ID
2026-06-14,50,Grand Theft Auto VI,ID
2026-06-21,100,Grand Theft Auto VI,ID
2026-06-28,65,Grand Theft Auto VI,ID
2026-07-05,19,Grand Theft Auto VI,ID
2026-07-12,0,Grand Theft Auto VI,ID
2026-07-19,0,Grand Theft Auto VI,ID
2026-07-26,24,Grand Theft Auto VI,ID
2026-08-02,15,Grand Theft Auto VI,ID
2026-08-09,29,Grand Theft Auto VI,ID
2026-08-16,53,Grand Theft Auto VI,ID
2026-08-23,43,Grand Theft Auto VI,ID
2026-08-30,51,Grand Theft Auto VI,ID
2026-09-06,52,Grand Theft Auto VI,ID
2023-01-01,0,Grand Theft Auto VI,PH
2023-01-08,0,Grand Theft Auto VI,PH
2023-01-15,0,Grand Theft Auto VI,PH
2023-01-22,0,Grand Theft Auto VI,PH
2023-01-29,0,Grand Theft Auto VI,PH
2023-02-05,0,Grand Theft Auto VI,PH
2023-02-12,0,Grand Theft Auto VI,PH
2023-02-19,0,Grand Theft Auto VI,PH
2023-02-26,0,Grand Theft Auto VI,PH
2023-03-05,0,Grand Theft Auto VI,PH
2023-03-12,0,Grand Theft Auto VI,PH
2023-03-19,0,Grand Theft Auto VI,PH
2023-03-26,0,Grand Theft Auto VI,PH
2023-04-02,0,Grand Theft Auto VI,PH
2023-04-09,0,Grand Theft Auto VI,PH
2023-04-16,0,Grand Theft Auto VI,PH
2023-04-23,0,Grand Theft Auto VI,PH
2023-04-30,0,Grand Theft Auto VI,PH
2023-05-07,0,Grand Theft Auto VI,PH
2023-05-14,0,Grand Theft Auto VI,PH
2023-05-21,0,Grand Theft Auto VI,PH
2023-05-28,0,Grand Theft Auto VI,PH
2023-06-04,0,Grand Theft Auto VI,PH
2023-06-11,0,Grand Theft Auto VI,PH
2023-06-18,0,Grand Theft Auto VI,PH
2023-06-25,0,Grand Theft Auto VI,PH
2023-07-02,0,Grand Theft Auto VI,PH
2023-07-09,0,Grand Theft Auto VI,PH
2023-07-16,0,Grand Theft Auto VI,PH
2023-07-23,0,Grand Theft Auto VI,PH
2023-07-30,0,Grand Theft Auto VI,PH
2023-08-06,0,Grand Theft Auto VI,PH
2023-08-13,0,Grand Theft Auto VI,PH
2023-08-20,0,Grand Theft Auto VI,PH
2023-08-27,0,Grand Theft Auto VI,PH
2023-09-03,0,Grand Theft Auto VI,PH
2023-09-10,0,Grand Theft Auto VI,PH
2023-09-17,0,Grand Theft Auto VI,PH
2023-09-24,0,Grand Theft Auto VI,PH
2023-10-01,0,Grand Theft Auto VI,PH
2023-10-08,0,Grand Theft Auto VI,PH
2023-10-15,0,Grand Theft Auto VI,PH
2023-10-22,0,Grand Theft Auto VI,PH
2023-10-29,0,Grand Theft Auto VI,PH
2023-11-05,0,Grand Theft Auto VI,PH
2023-11-12,0,Grand Theft Auto VI,PH
2023-11-19,0,Grand Theft Auto VI,PH
2023-11-26,0,Grand Theft Auto VI,PH
2023-12-03,33,Grand Theft Auto VI,PH
2023-12-10,0,Grand Theft Auto VI,PH
2023-12-17,0,Grand Theft Auto VI,PH
2023-12-24,0,Grand Theft Auto VI,PH
2023-12-31,0,Grand Theft Auto VI,PH
2024-01-07,0,Grand Theft Auto VI,PH
2024-01-14,0,Grand Theft Auto VI,PH
2024-01-21,0,Grand Theft Auto VI,PH
2024-01-28,0,Grand Theft Auto VI,PH
2024-02-04,0,Grand Theft Auto VI,PH
2024-02-11,0,Grand Theft Auto VI,PH
2024-02-18,0,Grand Theft Auto VI,PH
2024-02-25,0,Grand Theft Auto VI,PH
2024-03-03,0,Grand Theft Auto VI,PH
2024-03-10,0,Grand Theft Auto VI,PH
2024-03-17,0,Grand Theft Auto VI,PH
2024-03-24,0,Grand Theft Auto VI,PH
2024-03-31,0,Grand Theft Auto VI,PH
2024-04-07,0,Grand Theft Auto VI,PH
2024-04-14,0,Grand Theft Auto VI,PH
2024-04-21,0,Grand Theft Auto VI,PH
2024-04-28,0,Grand Theft Auto VI,PH
2024-05-05,0,Grand Theft Auto VI,PH
2024-05-12,0,Grand Theft Auto VI,PH
2024-05-19,0,Grand Theft Auto VI,PH
2024-05-26,0,Grand Theft Auto VI,PH
2024-06-02,0,Grand Theft Auto VI,PH
2024-06-09,0,Grand Theft Auto VI,PH
2024-06-16,0,Grand Theft Auto VI,PH
2024-06-23,0,Grand Theft Auto VI,PH
2024-06-30,0,Grand Theft Auto VI,PH
2024-07-07,0,Grand Theft Auto VI,PH
2024-07-14,0,Grand Theft Auto VI,PH
2024-07-21,0,Grand Theft Auto VI,PH
2024-07-28,0,Grand Theft Auto VI,PH
2024-08-04,0,Grand Theft Auto VI,PH
2024-08-11,0,Grand Theft Auto VI,PH
2024-08-18,0,Grand Theft Auto VI,PH
2024-08-25,0,Grand Theft Auto VI,PH
2024-09-01,0,Grand Theft Auto VI,PH
2024-09-08,0,Grand Theft Auto VI,PH
2024-09-15,0,Grand Theft Auto VI,PH
2024-09-22,0,Grand Theft Auto VI,PH
2024-09-29,0,Grand Theft Auto VI,PH
2024-10-06,0,Grand Theft Auto VI,PH
2024-10-13,0,Grand Theft Auto VI,PH
2024-10-20,0,Grand Theft Auto VI,PH
2024-10-27,0,Grand Theft Auto VI,PH
2024-11-03,0,Grand Theft Auto VI,PH
2024-11-10,0,Grand Theft Auto VI,PH
2024-11-17,0,Grand Theft Auto VI,PH
2024-11-24,0,Grand Theft Auto VI,PH
2024-12-01,0,Grand Theft Auto VI,PH
2024-12-08,0,Grand Theft Auto VI,PH
2024-12-15,0,Grand Theft Auto VI,PH
2024-12-22,0,Grand Theft Auto VI,PH
2024-12-29,0,Grand Theft Auto VI,PH
2025-01-05,0,Grand Theft Auto VI,PH
2025-01-12,0,Grand Theft Auto VI,PH
2025-01-19,0,Grand Theft Auto VI,PH
2025-01-26,0,Grand Theft Auto VI,PH
2025-02-02,0,Grand Theft Auto VI,PH
2025-02-09,0,Grand Theft Auto VI,PH
2025-02-16,0,Grand Theft Auto VI,PH
2025-02-23,0,Grand Theft Auto VI,PH
2025-03-02,0,Grand Theft Auto VI,PH
2025-03-09,0,Grand Theft Auto VI,PH
2025-03-16,0,Grand Theft Auto VI,PH
2025-03-23,0,Grand Theft Auto VI,PH
2025-03-30,0,Grand Theft Auto VI,PH
2025-04-06,0,Grand Theft Auto VI,PH
2025-04-13,0,Grand Theft Auto VI,PH
2025-04-20,0,Grand Theft Auto VI,PH
2025-04-27,0,Grand Theft Auto VI,PH
2025-05-04,44,Grand Theft Auto VI,PH
2025-05-11,0,Grand Theft Auto VI,PH
2025-05-18,0,Grand Theft Auto VI,PH
2025-05-25,0,Grand Theft Auto VI,PH
2025-06-01,0,Grand Theft Auto VI,PH
2025-06-08,0,Grand Theft Auto VI,PH
2025-06-15,0,Grand Theft Auto VI,PH
2025-06-22,0,Grand Theft Auto VI,PH
2025-06-29,0,Grand Theft Auto VI,PH
2025-07-06,0,Grand Theft Auto VI,PH
2025-07-13,0,Grand Theft Auto VI,PH
2025-07-20,0,Grand Theft Auto VI,PH
2025-07-27,0,Grand Theft Auto VI,PH
2025-08-03,0,Grand Theft Auto VI,PH
2025-08-10,0,Grand Theft Auto VI,PH
2025-08-17,0,Grand Theft Auto VI,PH
2025-08-24,0,Grand Theft Auto VI,PH
2025-08-31,0,Grand Theft Auto VI,PH
2025-09-07,0,Grand Theft Auto VI,PH
2025-09-14,0,Grand Theft Auto VI,PH
2025-09-21,0,Grand Theft Auto VI,PH
2025-09-28,0,Grand Theft Auto VI,PH
2025-10-05,0,Grand Theft Auto VI,PH
2025-10-12,0,Grand Theft Auto VI,PH
2025-10-19,0,Grand Theft Auto VI,PH
2025-10-26,0,Grand Theft Auto VI,PH
2025-11-02,0,Grand Theft Auto VI,PH
2025-11-09,0,Grand Theft Auto VI,PH
2025-11-16,0,Grand Theft Auto VI,PH
2025-11-23,0,Grand Theft Auto VI,PH
2025-11-30,0,Grand Theft Auto VI,PH
2025-12-07,0,Grand Theft Auto VI,PH
2025-12-14,0,Grand Theft Auto VI,PH
2025-12-21,0,Grand Theft Auto VI,PH
2025-12-28,0,Grand Theft Auto VI,PH
2026-01-04,0,Grand Theft Auto VI,PH
2026-01-11,0,Grand Theft Auto VI,PH
2026-01-18,0,Grand Theft Auto VI,PH
2026-01-25,0,Grand Theft Auto VI,PH
2026-02-01,0,Grand Theft Auto VI,PH
2026-02-08,0,Grand Theft Auto VI,PH
2026-02-15,0,Grand Theft Auto VI,PH
2026-02-22,0,Grand Theft Auto VI,PH
2026-03-01,0,Grand Theft Auto VI,PH
2026-03-08,0,Grand Theft Auto VI,PH
2026-03-15,0,Grand Theft Auto VI,PH
2026-03-22,0,Grand Theft Auto VI,PH
2026-03-29,0,Grand Theft Auto VI,PH
2026-04-05,0,Grand Theft Auto VI,PH
2026-04-12,0,Grand Theft Auto VI,PH
2026-04-19,0,Grand Theft Auto VI,PH
2026-04-26,0,Grand Theft Auto VI,PH
2026-05-03,0,Grand Theft Auto VI,PH
2026-05-10,31,Grand Theft Auto VI,PH
2026-05-17,38,Grand Theft Auto VI,PH
2026-05-24,0,Grand Theft Auto VI,PH
2026-05-31,0,Grand Theft Auto VI,PH
2026-06-07,24,Grand Theft Auto VI,PH
2026-06-14,56,Grand Theft Auto VI,PH
2026-06-21,100,Grand Theft Auto VI,PH
2026-06-28,68,Grand Theft Auto VI,PH
2026-07-05,0,Grand Theft Auto VI,PH
2026-07-12,38,Grand Theft Auto VI,PH
2026-07-19,0,Grand Theft Auto VI,PH
2026-07-26,0,Grand Theft Auto VI,PH
2026-08-02,66,Grand Theft Auto VI,PH
2026-08-09,26,Grand Theft Auto VI,PH
2026-08-16,42,Grand Theft Auto VI,PH
2026-08-23,82,Grand Theft Auto VI,PH
2026-08-30,63,Grand Theft Auto VI,PH
2026-09-06,46,Grand Theft Auto VI,PH
2023-01-01,0,Grand Theft Auto VI,IT
2023-01-08,0,Grand Theft Auto VI,IT
2023-01-15,0,Grand Theft Auto VI,IT
2023-01-22,0,Grand Theft Auto VI,IT
2023-01-29,0,Grand Theft Auto VI,IT
2023-02-05,0,Grand Theft Auto VI,IT
2023-02-12,0,Grand Theft Auto VI,IT
2023-02-19,0,Grand Theft Auto VI,IT
2023-02-26,0,Grand Theft Auto VI,IT
2023-03-05,0,Grand Theft Auto VI,IT
2023-03-12,0,Grand Theft Auto VI,IT
2023-03-19,0,Grand Theft Auto VI,IT
2023-03-26,0,Grand Theft Auto VI,IT
2023-04-02,0,Grand Theft Auto VI,IT
2023-04-09,0,Grand Theft Auto VI,IT
2023-04-16,0,Grand Theft Auto VI,IT
2023-04-23,0,Grand Theft Auto VI,IT
2023-04-30,0,Grand Theft Auto VI,IT
2023-05-07,0,Grand Theft Auto VI,IT
2023-05-14,0,Grand Theft Auto VI,IT
2023-05-21,0,Grand Theft Auto VI,IT
2023-05-28,0,Grand Theft Auto VI,IT
2023-06-04,0,Grand Theft Auto VI,IT
2023-06-11,0,Grand Theft Auto VI,IT
2023-06-18,0,Grand Theft Auto VI,IT
2023-06-25,0,Grand Theft Auto VI,IT
2023-07-02,0,Grand Theft Auto VI,IT
2023-07-09,0,Grand Theft Auto VI,IT
2023-07-16,0,Grand Theft Auto VI,IT
2023-07-23,0,Grand Theft Auto VI,IT
2023-07-30,0,Grand Theft Auto VI,IT
2023-08-06,0,Grand Theft Auto VI,IT
2023-08-13,0,Grand Theft Auto VI,IT
2023-08-20,0,Grand Theft Auto VI,IT
2023-08-27,0,Grand Theft Auto VI,IT
2023-09-03,0,Grand Theft Auto VI,IT
2023-09-10,0,Grand Theft Auto VI,IT
2023-09-17,0,Grand Theft Auto VI,IT
2023-09-24,0,Grand Theft Auto VI,IT
2023-10-01,0,Grand Theft Auto VI,IT
2023-10-08,0,Grand Theft Auto VI,IT
2023-10-15,0,Grand Theft Auto VI,IT
2023-10-22,0,Grand Theft Auto VI,IT
2023-10-29,0,Grand Theft Auto VI,IT
2023-11-05,0,Grand Theft Auto VI,IT
2023-11-12,0,Grand Theft Auto VI,IT
2023-11-19,0,Grand Theft Auto VI,IT
2023-11-26,0,Grand Theft Auto VI,IT
2023-12-03,6,Grand Theft Auto VI,IT
2023-12-10,0,Grand Theft Auto VI,IT
2023-12-17,0,Grand Theft Auto VI,IT
2023-12-24,0,Grand Theft Auto VI,IT
2023-12-31,0,Grand Theft Auto VI,IT
2024-01-07,0,Grand Theft Auto VI,IT
2024-01-14,0,Grand Theft Auto VI,IT
2024-01-21,0,Grand Theft Auto VI,IT
2024-01-28,0,Grand Theft Auto VI,IT
2024-02-04,0,Grand Theft Auto VI,IT
2024-02-11,0,Grand Theft Auto VI,IT
2024-02-18,0,Grand Theft Auto VI,IT
2024-02-25,0,Grand Theft Auto VI,IT
2024-03-03,0,Grand Theft Auto VI,IT
2024-03-10,0,Grand Theft Auto VI,IT
2024-03-17,0,Grand Theft Auto VI,IT
2024-03-24,0,Grand Theft Auto VI,IT
2024-03-31,0,Grand Theft Auto VI,IT
2024-04-07,0,Grand Theft Auto VI,IT
2024-04-14,0,Grand Theft Auto VI,IT
2024-04-21,0,Grand Theft Auto VI,IT
2024-04-28,0,Grand Theft Auto VI,IT
2024-05-05,0,Grand Theft Auto VI,IT
2024-05-12,0,Grand Theft Auto VI,IT
2024-05-19,3,Grand Theft Auto VI,IT
2024-05-26,0,Grand Theft Auto VI,IT
2024-06-02,0,Grand Theft Auto VI,IT
2024-06-09,2,Grand Theft Auto VI,IT
2024-06-16,0,Grand Theft Auto VI,IT
2024-06-23,0,Grand Theft Auto VI,IT
2024-06-30,0,Grand Theft Auto VI,IT
2024-07-07,0,Grand Theft Auto VI,IT
2024-07-14,0,Grand Theft Auto VI,IT
2024-07-21,0,Grand Theft Auto VI,IT
2024-07-28,0,Grand Theft Auto VI,IT
2024-08-04,0,Grand Theft Auto VI,IT
2024-08-11,0,Grand Theft Auto VI,IT
2024-08-18,0,Grand Theft Auto VI,IT
2024-08-25,0,Grand Theft Auto VI,IT
2024-09-01,0,Grand Theft Auto VI,IT
2024-09-08,0,Grand Theft Auto VI,IT
2024-09-15,0,Grand Theft Auto VI,IT
2024-09-22,0,Grand Theft Auto VI,IT
2024-09-29,0,Grand Theft Auto VI,IT
2024-10-06,0,Grand Theft Auto VI,IT
2024-10-13,0,Grand Theft Auto VI,IT
2024-10-20,0,Grand Theft Auto VI,IT
2024-10-27,0,Grand Theft Auto VI,IT
2024-11-03,0,Grand Theft Auto VI,IT
2024-11-10,0,Grand Theft Auto VI,IT
2024-11-17,0,Grand Theft Auto VI,IT
2024-11-24,0,Grand Theft Auto VI,IT
2024-12-01,0,Grand Theft Auto VI,IT
2024-12-08,0,Grand Theft Auto VI,IT
2024-12-15,0,Grand Theft Auto VI,IT
2024-12-22,0,Grand Theft Auto VI,IT
2024-12-29,0,Grand Theft Auto VI,IT
2025-01-05,2,Grand Theft Auto VI,IT
2025-01-12,0,Grand Theft Auto VI,IT
2025-01-19,0,Grand Theft Auto VI,IT
2025-01-26,0,Grand Theft Auto VI,IT
2025-02-02,0,Grand Theft Auto VI,IT
2025-02-09,0,Grand Theft Auto VI,IT
2025-02-16,0,Grand Theft Auto VI,IT
2025-02-23,2,Grand Theft Auto VI,IT
2025-03-02,0,Grand Theft Auto VI,IT
2025-03-09,0,Grand Theft Auto VI,IT
2025-03-16,0,Grand Theft Auto VI,IT
2025-03-23,0,Grand Theft Auto VI,IT
2025-03-30,0,Grand Theft Auto VI,IT
2025-04-06,0,Grand Theft Auto VI,IT
2025-04-13,0,Grand Theft Auto VI,IT
2025-04-20,0,Grand Theft Auto VI,IT
2025-04-27,3,Grand Theft Auto VI,IT
2025-05-04,4,Grand Theft Auto VI,IT
2025-05-11,3,Grand Theft Auto VI,IT
2025-05-18,0,Grand Theft Auto VI,IT
2025-05-25,0,Grand Theft Auto VI,IT
2025-06-01,0,Grand Theft Auto VI,IT
2025-06-08,0,Grand Theft Auto VI,IT
2025-06-15,0,Grand Theft Auto VI,IT
2025-06-22,0,Grand Theft Auto VI,IT
2025-06-29,0,Grand Theft Auto VI,IT
2025-07-06,0,Grand Theft Auto VI,IT
2025-07-13,0,Grand Theft Auto VI,IT
2025-07-20,0,Grand Theft Auto VI,IT
2025-07-27,0,Grand Theft Auto VI,IT
2025-08-03,0,Grand Theft Auto VI,IT
2025-08-10,0,Grand Theft Auto VI,IT
2025-08-17,0,Grand Theft Auto VI,IT
2025-08-24,0,Grand Theft Auto VI,IT
2025-08-31,0,Grand Theft Auto VI,IT
2025-09-07,0,Grand Theft Auto VI,IT
2025-09-14,0,Grand Theft Auto VI,IT
2025-09-21,0,Grand Theft Auto VI,IT
2025-09-28,0,Grand Theft Auto VI,IT
2025-10-05,0,Grand Theft Auto VI,IT
2025-10-12,0,Grand Theft Auto VI,IT
2025-10-19,0,Grand Theft Auto VI,IT
2025-10-26,0,Grand Theft Auto VI,IT
2025-11-02,3,Grand Theft Auto VI,IT
2025-11-09,0,Grand Theft Auto VI,IT
2025-11-16,0,Grand Theft Auto VI,IT
2025-11-23,0,Grand Theft Auto VI,IT
2025-11-30,0,Grand Theft Auto VI,IT
2025-12-07,3,Grand Theft Auto VI,IT
2025-12-14,0,Grand Theft Auto VI,IT
2025-12-21,6,Grand Theft Auto VI,IT
2025-12-28,0,Grand Theft Auto VI,IT
2026-01-04,0,Grand Theft Auto VI,IT
2026-01-11,0,Grand Theft Auto VI,IT
2026-01-18,0,Grand Theft Auto VI,IT
2026-01-25,8,Grand Theft Auto VI,IT
2026-02-01,3,Grand Theft Auto VI,IT
2026-02-08,3,Grand Theft Auto VI,IT
2026-02-15,0,Grand Theft Auto VI,IT
2026-02-22,0,Grand Theft Auto VI,IT
2026-03-01,0,Grand Theft Auto VI,IT
2026-03-08,3,Grand Theft Auto VI,IT
2026-03-15,0,Grand Theft Auto VI,IT
2026-03-22,0,Grand Theft Auto VI,IT
2026-03-29,0,Grand Theft Auto VI,IT
2026-04-05,12,Grand Theft Auto VI,IT
2026-04-12,9,Grand Theft Auto VI,IT
2026-04-19,11,Grand Theft Auto VI,IT
2026-04-26,10,Grand Theft Auto VI,IT
2026-05-03,20,Grand Theft Auto VI,IT
2026-05-10,13,Grand Theft Auto VI,IT
2026-05-17,28,Grand Theft Auto VI,IT
2026-05-24,11,Grand Theft Auto VI,IT
2026-05-31,5,Grand Theft Auto VI,IT
2026-06-07,21,Grand Theft Auto VI,IT
2026-06-14,17,Grand Theft Auto VI,IT
2026-06-21,53,Grand Theft Auto VI,IT
2026-06-28,66,Grand Theft Auto VI,IT
2026-07-05,20,Grand Theft Auto VI,IT
2026-07-12,15,Grand Theft Auto VI,IT
2026-07-19,15,Grand Theft Auto VI,IT
2026-07-26,17,Grand Theft Auto VI,IT
2026-08-02,19,Grand Theft Auto VI,IT
2026-08-09,11,Grand Theft Auto VI,IT
2026-08-16,21,Grand Theft Auto VI,IT
2026-08-23,90,Grand Theft Auto VI,IT
2026-08-30,73,Grand Theft Auto VI,IT
2026-09-06,100,Grand Theft Auto VI,IT
2023-01-01,0,Grand Theft Auto VI,ES
2023-01-08,0,Grand Theft Auto VI,ES
2023-01-15,0,Grand Theft Auto VI,ES
2023-01-22,0,Grand Theft Auto VI,ES
2023-01-29,0,Grand Theft Auto VI,ES
2023-02-05,0,Grand Theft Auto VI,ES
2023-02-12,0,Grand Theft Auto VI,ES
2023-02-19,0,Grand Theft Auto VI,ES
2023-02-26,0,Grand Theft Auto VI,ES
2023-03-05,0,Grand Theft Auto VI,ES
2023-03-12,0,Grand Theft Auto VI,ES
2023-03-19,0,Grand Theft Auto VI,ES
2023-03-26,0,Grand Theft Auto VI,ES
2023-04-02,0,Grand Theft Auto VI,ES
2023-04-09,0,Grand Theft Auto VI,ES
2023-04-16,0,Grand Theft Auto VI,ES
2023-04-23,0,Grand Theft Auto VI,ES
2023-04-30,0,Grand Theft Auto VI,ES
2023-05-07,0,Grand Theft Auto VI,ES
2023-05-14,0,Grand Theft Auto VI,ES
2023-05-21,0,Grand Theft Auto VI,ES
2023-05-28,0,Grand Theft Auto VI,ES
2023-06-04,0,Grand Theft Auto VI,ES
2023-06-11,0,Grand Theft Auto VI,ES
2023-06-18,0,Grand Theft Auto VI,ES
2023-06-25,0,Grand Theft Auto VI,ES
2023-07-02,0,Grand Theft Auto VI,ES
2023-07-09,0,Grand Theft Auto VI,ES
2023-07-16,0,Grand Theft Auto VI,ES
2023-07-23,0,Grand Theft Auto VI,ES
2023-07-30,0,Grand Theft Auto VI,ES
2023-08-06,0,Grand Theft Auto VI,ES
2023-08-13,0,Grand Theft Auto VI,ES
2023-08-20,0,Grand Theft Auto VI,ES
2023-08-27,0,Grand Theft Auto VI,ES
2023-09-03,0,Grand Theft Auto VI,ES
2023-09-10,0,Grand Theft Auto VI,ES
2023-09-17,0,Grand Theft Auto VI,ES
2023-09-24,0,Grand Theft Auto VI,ES
2023-10-01,0,Grand Theft Auto VI,ES
2023-10-08,0,Grand Theft Auto VI,ES
2023-10-15,0,Grand Theft Auto VI,ES
2023-10-22,0,Grand Theft Auto VI,ES
2023-10-29,0,Grand Theft Auto VI,ES
2023-11-05,0,Grand Theft Auto VI,ES
2023-11-12,0,Grand Theft Auto VI,ES
2023-11-19,0,Grand Theft Auto VI,ES
2023-11-26,0,Grand Theft Auto VI,ES
2023-12-03,5,Grand Theft Auto VI,ES
2023-12-10,1,Grand Theft Auto VI,ES
2023-12-17,0,Grand Theft Auto VI,ES
2023-12-24,0,Grand Theft Auto VI,ES
2023-12-31,0,Grand Theft Auto VI,ES
2024-01-07,0,Grand Theft Auto VI,ES
2024-01-14,0,Grand Theft Auto VI,ES
2024-01-21,0,Grand Theft Auto VI,ES
2024-01-28,0,Grand Theft Auto VI,ES
2024-02-04,0,Grand Theft Auto VI,ES
2024-02-11,0,Grand Theft Auto VI,ES
2024-02-18,0,Grand Theft Auto VI,ES
2024-02-25,0,Grand Theft Auto VI,ES
2024-03-03,0,Grand Theft Auto VI,ES
2024-03-10,0,Grand Theft Auto VI,ES
2024-03-17,0,Grand Theft Auto VI,ES
2024-03-24,0,Grand Theft Auto VI,ES
2024-03-31,0,Grand Theft Auto VI,ES
2024-04-07,0,Grand Theft Auto VI,ES
2024-04-14,0,Grand Theft Auto VI,ES
2024-04-21,0,Grand Theft Auto VI,ES
2024-04-28,0,Grand Theft Auto VI,ES
2024-05-05,0,Grand Theft Auto VI,ES
2024-05-12,2,Grand Theft Auto VI,ES
2024-05-19,0,Grand Theft Auto VI,ES
2024-05-26,0,Grand Theft Auto VI,ES
2024-06-02,0,Grand Theft Auto VI,ES
2024-06-09,0,Grand Theft Auto VI,ES
2024-06-16,0,Grand Theft Auto VI,ES
2024-06-23,0,Grand Theft Auto VI,ES
2024-06-30,0,Grand Theft Auto VI,ES
2024-07-07,0,Grand Theft Auto VI,ES
2024-07-14,0,Grand Theft Auto VI,ES
2024-07-21,0,Grand Theft Auto VI,ES
2024-07-28,0,Grand Theft Auto VI,ES
2024-08-04,0,Grand Theft Auto VI,ES
2024-08-11,0,Grand Theft Auto VI,ES
2024-08-18,0,Grand Theft Auto VI,ES
2024-08-25,0,Grand Theft Auto VI,ES
2024-09-01,0,Grand Theft Auto VI,ES
2024-09-08,0,Grand Theft Auto VI,ES
2024-09-15,0,Grand Theft Auto VI,ES
2024-09-22,0,Grand Theft Auto VI,ES
2024-09-29,0,Grand Theft Auto VI,ES
2024-10-06,0,Grand Theft Auto VI,ES
2024-10-13,0,Grand Theft Auto VI,ES
2024-10-20,0,Grand Theft Auto VI,ES
2024-10-27,0,Grand Theft Auto VI,ES
2024-11-03,0,Grand Theft Auto VI,ES
2024-11-10,2,Grand Theft Auto VI,ES
2024-11-17,0,Grand Theft Auto VI,ES
2024-11-24,0,Grand Theft Auto VI,ES
2024-12-01,0,Grand Theft Auto VI,ES
2024-12-08,0,Grand Theft Auto VI,ES
2024-12-15,0,Grand Theft Auto VI,ES
2024-12-22,0,Grand Theft Auto VI,ES
2024-12-29,0,Grand Theft Auto VI,ES
2025-01-05,2,Grand Theft Auto VI,ES
2025-01-12,0,Grand Theft Auto VI,ES
2025-01-19,3,Grand Theft Auto VI,ES
2025-01-26,0,Grand Theft Auto VI,ES
2025-02-02,2,Grand Theft Auto VI,ES
2025-02-09,0,Grand Theft Auto VI,ES
2025-02-16,0,Grand Theft Auto VI,ES
2025-02-23,2,Grand Theft Auto VI,ES
2025-03-02,0,Grand Theft Auto VI,ES
2025-03-09,0,Grand Theft Auto VI,ES
2025-03-16,0,Grand Theft Auto VI,ES
2025-03-23,0,Grand Theft Auto VI,ES
2025-03-30,0,Grand Theft Auto VI,ES
2025-04-06,0,Grand Theft Auto VI,ES
2025-04-13,0,Grand Theft Auto VI,ES
2025-04-20,2,Grand Theft Auto VI,ES
2025-04-27,3,Grand Theft Auto VI,ES
2025-05-04,7,Grand Theft Auto VI,ES
2025-05-11,3,Grand Theft Auto VI,ES
2025-05-18,0,Grand Theft Auto VI,ES
2025-05-25,0,Grand Theft Auto VI,ES
2025-06-01,0,Grand Theft Auto VI,ES
2025-06-08,0,Grand Theft Auto VI,ES
2025-06-15,0,Grand Theft Auto VI,ES
2025-06-22,0,Grand Theft Auto VI,ES
2025-06-29,0,Grand Theft Auto VI,ES
2025-07-06,0,Grand Theft Auto VI,ES
2025-07-13,0,Grand Theft Auto VI,ES
2025-07-20,0,Grand Theft Auto VI,ES
2025-07-27,0,Grand Theft Auto VI,ES
2025-08-03,0,Grand Theft Auto VI,ES
2025-08-10,0,Grand Theft Auto VI,ES
2025-08-17,0,Grand Theft Auto VI,ES
2025-08-24,2,Grand Theft Auto VI,ES
2025-08-31,2,Grand Theft Auto VI,ES
2025-09-07,0,Grand Theft Auto VI,ES
2025-09-14,0,Grand Theft Auto VI,ES
2025-09-21,0,Grand Theft Auto VI,ES
2025-09-28,0,Grand Theft Auto VI,ES
2025-10-05,0,Grand Theft Auto VI,ES
2025-10-12,0,Grand Theft Auto VI,ES
2025-10-19,0,Grand Theft Auto VI,ES
2025-10-26,0,Grand Theft Auto VI,ES
2025-11-02,4,Grand Theft Auto VI,ES
2025-11-09,0,Grand Theft Auto VI,ES
2025-11-16,0,Grand Theft Auto VI,ES
2025-11-23,2,Grand Theft Auto VI,ES
2025-11-30,0,Grand Theft Auto VI,ES
2025-12-07,0,Grand Theft Auto VI,ES
2025-12-14,0,Grand Theft Auto VI,ES
2025-12-21,3,Grand Theft Auto VI,ES
2025-12-28,0,Grand Theft Auto VI,ES
2026-01-04,4,Grand Theft Auto VI,ES
2026-01-11,2,Grand Theft Auto VI,ES
2026-01-18,2,Grand Theft Auto VI,ES
2026-01-25,2,Grand Theft Auto VI,ES
2026-02-01,3,Grand Theft Auto VI,ES
2026-02-08,2,Grand Theft Auto VI,ES
2026-02-15,2,Grand Theft Auto VI,ES
2026-02-22,3,Grand Theft Auto VI,ES
2026-03-01,3,Grand Theft Auto VI,ES
2026-03-08,2,Grand Theft Auto VI,ES
2026-03-15,0,Grand Theft Auto VI,ES
2026-03-22,0,Grand Theft Auto VI,ES
2026-03-29,0,Grand Theft Auto VI,ES
2026-04-05,11,Grand Theft Auto VI,ES
2026-04-12,6,Grand Theft Auto VI,ES
2026-04-19,7,Grand Theft Auto VI,ES
2026-04-26,8,Grand Theft Auto VI,ES
2026-05-03,14,Grand Theft Auto VI,ES
2026-05-10,17,Grand Theft Auto VI,ES
2026-05-17,60,Grand Theft Auto VI,ES
2026-05-24,13,Grand Theft Auto VI,ES
2026-05-31,3,Grand Theft Auto VI,ES
2026-06-07,10,Grand Theft Auto VI,ES
2026-06-14,21,Grand Theft Auto VI,ES
2026-06-21,44,Grand Theft Auto VI,ES
2026-06-28,30,Grand Theft Auto VI,ES
2026-07-05,29,Grand Theft Auto VI,ES
2026-07-12,21,Grand Theft Auto VI,ES
2026-07-19,6,Grand Theft Auto VI,ES
2026-07-26,10,Grand Theft Auto VI,ES
2026-08-02,19,Grand Theft Auto VI,ES
2026-08-09,16,Grand Theft Auto VI,ES
2026-08-16,26,Grand Theft Auto VI,ES
2026-08-23,100,Grand Theft Auto VI,ES
2026-08-30,31,Grand Theft Auto VI,ES
2026-09-06,30,Grand Theft Auto VI,ES
2023-01-01,0,Grand Theft Auto VI,NL
2023-01-08,0,Grand Theft Auto VI,NL
2023-01-15,0,Grand Theft Auto VI,NL
2023-01-22,0,Grand Theft Auto VI,NL
2023-01-29,0,Grand Theft Auto VI,NL
2023-02-05,0,Grand Theft Auto VI,NL
2023-02-12,0,Grand Theft Auto VI,NL
2023-02-19,0,Grand Theft Auto VI,NL
2023-02-26,0,Grand Theft Auto VI,NL
2023-03-05,0,Grand Theft Auto VI,NL
2023-03-12,0,Grand Theft Auto VI,NL
2023-03-19,0,Grand Theft Auto VI,NL
2023-03-26,0,Grand Theft Auto VI,NL
2023-04-02,0,Grand Theft Auto VI,NL
2023-04-09,0,Grand Theft Auto VI,NL
2023-04-16,0,Grand Theft Auto VI,NL
2023-04-23,0,Grand Theft Auto VI,NL
2023-04-30,0,Grand Theft Auto VI,NL
2023-05-07,0,Grand Theft Auto VI,NL
2023-05-14,0,Grand Theft Auto VI,NL
2023-05-21,0,Grand Theft Auto VI,NL
2023-05-28,0,Grand Theft Auto VI,NL
2023-06-04,0,Grand Theft Auto VI,NL
2023-06-11,0,Grand Theft Auto VI,NL
2023-06-18,0,Grand Theft Auto VI,NL
2023-06-25,0,Grand Theft Auto VI,NL
2023-07-02,0,Grand Theft Auto VI,NL
2023-07-09,0,Grand Theft Auto VI,NL
2023-07-16,0,Grand Theft Auto VI,NL
2023-07-23,0,Grand Theft Auto VI,NL
2023-07-30,0,Grand Theft Auto VI,NL
2023-08-06,0,Grand Theft Auto VI,NL
2023-08-13,0,Grand Theft Auto VI,NL
2023-08-20,0,Grand Theft Auto VI,NL
2023-08-27,0,Grand Theft Auto VI,NL
2023-09-03,0,Grand Theft Auto VI,NL
2023-09-10,0,Grand Theft Auto VI,NL
2023-09-17,0,Grand Theft Auto VI,NL
2023-09-24,0,Grand Theft Auto VI,NL
2023-10-01,0,Grand Theft Auto VI,NL
2023-10-08,0,Grand Theft Auto VI,NL
2023-10-15,0,Grand Theft Auto VI,NL
2023-10-22,0,Grand Theft Auto VI,NL
2023-10-29,0,Grand Theft Auto VI,NL
2023-11-05,0,Grand Theft Auto VI,NL
2023-11-12,0,Grand Theft Auto VI,NL
2023-11-19,0,Grand Theft Auto VI,NL
2023-11-26,0,Grand Theft Auto VI,NL
2023-12-03,2,Grand Theft Auto VI,NL
2023-12-10,1,Grand Theft Auto VI,NL
2023-12-17,1,Grand Theft Auto VI,NL
2023-12-24,0,Grand Theft Auto VI,NL
2023-12-31,0,Grand Theft Auto VI,NL
2024-01-07,0,Grand Theft Auto VI,NL
2024-01-14,0,Grand Theft Auto VI,NL
2024-01-21,0,Grand Theft Auto VI,NL
2024-01-28,0,Grand Theft Auto VI,NL
2024-02-04,0,Grand Theft Auto VI,NL
2024-02-11,0,Grand Theft Auto VI,NL
2024-02-18,0,Grand Theft Auto VI,NL
2024-02-25,0,Grand Theft Auto VI,NL
2024-03-03,0,Grand Theft Auto VI,NL
2024-03-10,0,Grand Theft Auto VI,NL
2024-03-17,0,Grand Theft Auto VI,NL
2024-03-24,0,Grand Theft Auto VI,NL
2024-03-31,0,Grand Theft Auto VI,NL
2024-04-07,0,Grand Theft Auto VI,NL
2024-04-14,0,Grand Theft Auto VI,NL
2024-04-21,0,Grand Theft Auto VI,NL
2024-04-28,0,Grand Theft Auto VI,NL
2024-05-05,0,Grand Theft Auto VI,NL
2024-05-12,0,Grand Theft Auto VI,NL
2024-05-19,0,Grand Theft Auto VI,NL
2024-05-26,0,Grand Theft Auto VI,NL
2024-06-02,0,Grand Theft Auto VI,NL
2024-06-09,0,Grand Theft Auto VI,NL
2024-06-16,0,Grand Theft Auto VI,NL
2024-06-23,0,Grand Theft Auto VI,NL
2024-06-30,0,Grand Theft Auto VI,NL
2024-07-07,0,Grand Theft Auto VI,NL
2024-07-14,0,Grand Theft Auto VI,NL
2024-07-21,0,Grand Theft Auto VI,NL
2024-07-28,0,Grand Theft Auto VI,NL
2024-08-04,0,Grand Theft Auto VI,NL
2024-08-11,0,Grand Theft Auto VI,NL
2024-08-18,0,Grand Theft Auto VI,NL
2024-08-25,0,Grand Theft Auto VI,NL
2024-09-01,0,Grand Theft Auto VI,NL
2024-09-08,0,Grand Theft Auto VI,NL
2024-09-15,0,Grand Theft Auto VI,NL
2024-09-22,0,Grand Theft Auto VI,NL
2024-09-29,0,Grand Theft Auto VI,NL
2024-10-06,0,Grand Theft Auto VI,NL
2024-10-13,0,Grand Theft Auto VI,NL
2024-10-20,0,Grand Theft Auto VI,NL
2024-10-27,0,Grand Theft Auto VI,NL
2024-11-03,0,Grand Theft Auto VI,NL
2024-11-10,0,Grand Theft Auto VI,NL
2024-11-17,0,Grand Theft Auto VI,NL
2024-11-24,0,Grand Theft Auto VI,NL
2024-12-01,0,Grand Theft Auto VI,NL
2024-12-08,0,Grand Theft Auto VI,NL
2024-12-15,0,Grand Theft Auto VI,NL
2024-12-22,0,Grand Theft Auto VI,NL
2024-12-29,0,Grand Theft Auto VI,NL
2025-01-05,0,Grand Theft Auto VI,NL
2025-01-12,0,Grand Theft Auto VI,NL
2025-01-19,0,Grand Theft Auto VI,NL
2025-01-26,0,Grand Theft Auto VI,NL
2025-02-02,0,Grand Theft Auto VI,NL
2025-02-09,0,Grand Theft Auto VI,NL
2025-02-16,0,Grand Theft Auto VI,NL
2025-02-23,0,Grand Theft Auto VI,NL
2025-03-02,0,Grand Theft Auto VI,NL
2025-03-09,0,Grand Theft Auto VI,NL
2025-03-16,0,Grand Theft Auto VI,NL
2025-03-23,0,Grand Theft Auto VI,NL
2025-03-30,0,Grand Theft Auto VI,NL
2025-04-06,0,Grand Theft Auto VI,NL
2025-04-13,0,Grand Theft Auto VI,NL
2025-04-20,0,Grand Theft Auto VI,NL
2025-04-27,0,Grand Theft Auto VI,NL
2025-05-04,3,Grand Theft Auto VI,NL
2025-05-11,0,Grand Theft Auto VI,NL
2025-05-18,0,Grand Theft Auto VI,NL
2025-05-25,0,Grand Theft Auto VI,NL
2025-06-01,0,Grand Theft Auto VI,NL
2025-06-08,0,Grand Theft Auto VI,NL
2025-06-15,0,Grand Theft Auto VI,NL
2025-06-22,0,Grand Theft Auto VI,NL
2025-06-29,0,Grand Theft Auto VI,NL
2025-07-06,0,Grand Theft Auto VI,NL
2025-07-13,0,Grand Theft Auto VI,NL
2025-07-20,0,Grand Theft Auto VI,NL
2025-07-27,0,Grand Theft Auto VI,NL
2025-08-03,0,Grand Theft Auto VI,NL
2025-08-10,0,Grand Theft Auto VI,NL
2025-08-17,0,Grand Theft Auto VI,NL
2025-08-24,0,Grand Theft Auto VI,NL
2025-08-31,0,Grand Theft Auto VI,NL
2025-09-07,1,Grand Theft Auto VI,NL
2025-09-14,0,Grand Theft Auto VI,NL
2025-09-21,0,Grand Theft Auto VI,NL
2025-09-28,0,Grand Theft Auto VI,NL
2025-10-05,0,Grand Theft Auto VI,NL
2025-10-12,0,Grand Theft Auto VI,NL
2025-10-19,2,Grand Theft Auto VI,NL
2025-10-26,0,Grand Theft Auto VI,NL
2025-11-02,1,Grand Theft Auto VI,NL
2025-11-09,0,Grand Theft Auto VI,NL
2025-11-16,0,Grand Theft Auto VI,NL
2025-11-23,0,Grand Theft Auto VI,NL
2025-11-30,0,Grand Theft Auto VI,NL
2025-12-07,0,Grand Theft Auto VI,NL
2025-12-14,0,Grand Theft Auto VI,NL
2025-12-21,0,Grand Theft Auto VI,NL
2025-12-28,0,Grand Theft Auto VI,NL
2026-01-04,0,Grand Theft Auto VI,NL
2026-01-11,0,Grand Theft Auto VI,NL
2026-01-18,2,Grand Theft Auto VI,NL
2026-01-25,1,Grand Theft Auto VI,NL
2026-02-01,4,Grand Theft Auto VI,NL
2026-02-08,0,Grand Theft Auto VI,NL
2026-02-15,0,Grand Theft Auto VI,NL
2026-02-22,0,Grand Theft Auto VI,NL
2026-03-01,0,Grand Theft Auto VI,NL
2026-03-08,0,Grand Theft Auto VI,NL
2026-03-15,0,Grand Theft Auto VI,NL
2026-03-22,0,Grand Theft Auto VI,NL
2026-03-29,0,Grand Theft Auto VI,NL
2026-04-05,1,Grand Theft Auto VI,NL
2026-04-12,4,Grand Theft Auto VI,NL
2026-04-19,1,Grand Theft Auto VI,NL
2026-04-26,6,Grand Theft Auto VI,NL
2026-05-03,10,Grand Theft Auto VI,NL
2026-05-10,8,Grand Theft Auto VI,NL
2026-05-17,28,Grand Theft Auto VI,NL
2026-05-24,3,Grand Theft Auto VI,NL
2026-05-31,20,Grand Theft Auto VI,NL
2026-06-07,9,Grand Theft Auto VI,NL
2026-06-14,13,Grand Theft Auto VI,NL
2026-06-21,40,Grand Theft Auto VI,NL
2026-06-28,44,Grand Theft Auto VI,NL
2026-07-05,15,Grand Theft Auto VI,NL
2026-07-12,13,Grand Theft Auto VI,NL
2026-07-19,14,Grand Theft Auto VI,NL
2026-07-26,7,Grand Theft Auto VI,NL
2026-08-02,26,Grand Theft Auto VI,NL
2026-08-09,35,Grand Theft Auto VI,NL
2026-08-16,26,Grand Theft Auto VI,NL
2026-08-23,36,Grand Theft Auto VI,NL
2026-08-30,31,Grand Theft Auto VI,NL
2026-09-06,100,Grand Theft Auto VI,NL
2023-01-01 00:00:00,0,Grand Theft Auto VI,PL
2023-01-08 00:00:00,0,Grand Theft Auto VI,PL
2023-01-15 00:00:00,0,Grand Theft Auto VI,PL
2023-01-22 00:00:00,0,Grand Theft Auto VI,PL
2023-01-29 00:00:00,0,Grand Theft Auto VI,PL
2023-02-05 00:00:00,0,Grand Theft Auto VI,PL
2023-02-12 00:00:00,0,Grand Theft Auto VI,PL
2023-02-19 00:00:00,0,Grand Theft Auto VI,PL
2023-02-26 00:00:00,0,Grand Theft Auto VI,PL
2023-03-05 00:00:00,0,Grand Theft Auto VI,PL
2023-03-12 00:00:00,0,Grand Theft Auto VI,PL
2023-03-19 00:00:00,0,Grand Theft Auto VI,PL
2023-03-26 00:00:00,2,Grand Theft Auto VI,PL
2023-04-02 00:00:00,0,Grand Theft Auto VI,PL
2023-04-09 00:00:00,0,Grand Theft Auto VI,PL
2023-04-16 00:00:00,0,Grand Theft Auto VI,PL
2023-04-23 00:00:00,0,Grand Theft Auto VI,PL
2023-04-30 00:00:00,0,Grand Theft Auto VI,PL
2023-05-07 00:00:00,0,Grand Theft Auto VI,PL
2023-05-14 00:00:00,0,Grand Theft Auto VI,PL
2023-05-21 00:00:00,0,Grand Theft Auto VI,PL
2023-05-28 00:00:00,0,Grand Theft Auto VI,PL
2023-06-04 00:00:00,0,Grand Theft Auto VI,PL
2023-06-11 00:00:00,0,Grand Theft Auto VI,PL
2023-06-18 00:00:00,0,Grand Theft Auto VI,PL
2023-06-25 00:00:00,0,Grand Theft Auto VI,PL
2023-07-02 00:00:00,0,Grand Theft Auto VI,PL
2023-07-09 00:00:00,0,Grand Theft Auto VI,PL
2023-07-16 00:00:00,0,Grand Theft Auto VI,PL
2023-07-23 00:00:00,0,Grand Theft Auto VI,PL
2023-07-30 00:00:00,0,Grand Theft Auto VI,PL
2023-08-06 00:00:00,0,Grand Theft Auto VI,PL
2023-08-13 00:00:00,0,Grand Theft Auto VI,PL
2023-08-20 00:00:00,0,Grand Theft Auto VI,PL
2023-08-27 00:00:00,0,Grand Theft Auto VI,PL
2023-09-03 00:00:00,0,Grand Theft Auto VI,PL
2023-09-10 00:00:00,0,Grand Theft Auto VI,PL
2023-09-17 00:00:00,0,Grand Theft Auto VI,PL
2023-09-24 00:00:00,0,Grand Theft Auto VI,PL
2023-10-01 00:00:00,0,Grand Theft Auto VI,PL
2023-10-08 00:00:00,0,Grand Theft Auto VI,PL
2023-10-15 00:00:00,0,Grand Theft Auto VI,PL
2023-10-22 00:00:00,9,Grand Theft Auto VI,PL
2023-10-29 00:00:00,2,Grand Theft Auto VI,PL
2023-11-05 00:00:00,3,Grand Theft Auto VI,PL
2023-11-12 00:00:00,3,Grand Theft Auto VI,PL
2023-11-19 00:00:00,3,Grand Theft Auto VI,PL
2023-11-26 00:00:00,3,Grand Theft Auto VI,PL
2023-12-03 00:00:00,10,Grand Theft Auto VI,PL
2023-12-10 00:00:00,0,Grand Theft Auto VI,PL
2023-12-17 00:00:00,0,Grand Theft Auto VI,PL
2023-12-24 00:00:00,2,Grand Theft Auto VI,PL
2023-12-31 00:00:00,2,Grand Theft Auto VI,PL
2024-01-07 00:00:00,0,Grand Theft Auto VI,PL
2024-01-14 00:00:00,0,Grand Theft Auto VI,PL
2024-01-21 00:00:00,0,Grand Theft Auto VI,PL
2024-01-28 00:00:00,0,Grand Theft Auto VI,PL
2024-02-04 00:00:00,0,Grand Theft Auto VI,PL
2024-02-11 00:00:00,2,Grand Theft Auto VI,PL
2024-02-18 00:00:00,0,Grand Theft Auto VI,PL
2024-02-25 00:00:00,0,Grand Theft Auto VI,PL
2024-03-03 00:00:00,0,Grand Theft Auto VI,PL
2024-03-10 00:00:00,0,Grand Theft Auto VI,PL
2024-03-17 00:00:00,2,Grand Theft Auto VI,PL
2024-03-24 00:00:00,2,Grand Theft Auto VI,PL
2024-03-31 00:00:00,0,Grand Theft Auto VI,PL
2024-04-07 00:00:00,0,Grand Theft Auto VI,PL
2024-04-14 00:00:00,0,Grand Theft Auto VI,PL
2024-04-21 00:00:00,0,Grand Theft Auto VI,PL
2024-04-28 00:00:00,0,Grand Theft Auto VI,PL
2024-05-05 00:00:00,0,Grand Theft Auto VI,PL
2024-05-12 00:00:00,0,Grand Theft Auto VI,PL
2024-05-19 00:00:00,0,Grand Theft Auto VI,PL
2024-05-26 00:00:00,0,Grand Theft Auto VI,PL
2024-06-02 00:00:00,0,Grand Theft Auto VI,PL
2024-06-09 00:00:00,0,Grand Theft Auto VI,PL
2024-06-16 00:00:00,0,Grand Theft Auto VI,PL
2024-06-23 00:00:00,0,Grand Theft Auto VI,PL
2024-06-30 00:00:00,0,Grand Theft Auto VI,PL
2024-07-07 00:00:00,0,Grand Theft Auto VI,PL
2024-07-14 00:00:00,0,Grand Theft Auto VI,PL
2024-07-21 00:00:00,0,Grand Theft Auto VI,PL
2024-07-28 00:00:00,0,Grand Theft Auto VI,PL
2024-08-04 00:00:00,0,Grand Theft Auto VI,PL
2024-08-11 00:00:00,0,Grand Theft Auto VI,PL
2024-08-18 00:00:00,0,Grand Theft Auto VI,PL
2024-08-25 00:00:00,0,Grand Theft Auto VI,PL
2024-09-01 00:00:00,0,Grand Theft Auto VI,PL
2024-09-08 00:00:00,0,Grand Theft Auto VI,PL
2024-09-15 00:00:00,0,Grand Theft Auto VI,PL
2024-09-22 00:00:00,0,Grand Theft Auto VI,PL
2024-09-29 00:00:00,0,Grand Theft Auto VI,PL
2024-10-06 00:00:00,0,Grand Theft Auto VI,PL
2024-10-13 00:00:00,0,Grand Theft Auto VI,PL
2024-10-20 00:00:00,0,Grand Theft Auto VI,PL
2024-10-27 00:00:00,0,Grand Theft Auto VI,PL
2024-11-03 00:00:00,0,Grand Theft Auto VI,PL
2024-11-10 00:00:00,0,Grand Theft Auto VI,PL
2024-11-17 00:00:00,0,Grand Theft Auto VI,PL
2024-11-24 00:00:00,0,Grand Theft Auto VI,PL
2024-12-01 00:00:00,0,Grand Theft Auto VI,PL
2024-12-08 00:00:00,0,Grand Theft Auto VI,PL
2024-12-15 00:00:00,0,Grand Theft Auto VI,PL
2024-12-22 00:00:00,0,Grand Theft Auto VI,PL
2024-12-29 00:00:00,6,Grand Theft Auto VI,PL
2025-01-05 00:00:00,0,Grand Theft Auto VI,PL
2025-01-12 00:00:00,0,Grand Theft Auto VI,PL
2025-01-19 00:00:00,0,Grand Theft Auto VI,PL
2025-01-26 00:00:00,0,Grand Theft Auto VI,PL
2025-02-02 00:00:00,0,Grand Theft Auto VI,PL
2025-02-09 00:00:00,0,Grand Theft Auto VI,PL
2025-02-16 00:00:00,0,Grand Theft Auto VI,PL
2025-02-23 00:00:00,0,Grand Theft Auto VI,PL
2025-03-02 00:00:00,0,Grand Theft Auto VI,PL
2025-03-09 00:00:00,0,Grand Theft Auto VI,PL
2025-03-16 00:00:00,0,Grand Theft Auto VI,PL
2025-03-23 00:00:00,0,Grand Theft Auto VI,PL
2025-03-30 00:00:00,0,Grand Theft Auto VI,PL
2025-04-06 00:00:00,0,Grand Theft Auto VI,PL
2025-04-13 00:00:00,0,Grand Theft Auto VI,PL
2025-04-20 00:00:00,0,Grand Theft Auto VI,PL
2025-04-27 00:00:00,5,Grand Theft Auto VI,PL
2025-05-04 00:00:00,11,Grand Theft Auto VI,PL
2025-05-11 00:00:00,2,Grand Theft Auto VI,PL
2025-05-18 00:00:00,3,Grand Theft Auto VI,PL
2025-05-25 00:00:00,0,Grand Theft Auto VI,PL
2025-06-01 00:00:00,0,Grand Theft Auto VI,PL
2025-06-08 00:00:00,0,Grand Theft Auto VI,PL
2025-06-15 00:00:00,0,Grand Theft Auto VI,PL
2025-06-22 00:00:00,0,Grand Theft Auto VI,PL
2025-06-29 00:00:00,0,Grand Theft Auto VI,PL
2025-07-06 00:00:00,0,Grand Theft Auto VI,PL
2025-07-13 00:00:00,0,Grand Theft Auto VI,PL
2025-07-20 00:00:00,0,Grand Theft Auto VI,PL
2025-07-27 00:00:00,3,Grand Theft Auto VI,PL
2025-08-03 00:00:00,0,Grand Theft Auto VI,PL
2025-08-10 00:00:00,0,Grand Theft Auto VI,PL
2025-08-17 00:00:00,3,Grand Theft Auto VI,PL
2025-08-24 00:00:00,0,Grand Theft Auto VI,PL
2025-08-31 00:00:00,0,Grand Theft Auto VI,PL
2025-09-07 00:00:00,0,Grand Theft Auto VI,PL
2025-09-14 00:00:00,0,Grand Theft Auto VI,PL
2025-09-21 00:00:00,0,Grand Theft Auto VI,PL
2025-09-28 00:00:00,0,Grand Theft Auto VI,PL
2025-10-05 00:00:00,0,Grand Theft Auto VI,PL
2025-10-12 00:00:00,3,Grand Theft Auto VI,PL
2025-10-19 00:00:00,0,Grand Theft Auto VI,PL
2025-10-26 00:00:00,0,Grand Theft Auto VI,PL
2025-11-02 00:00:00,3,Grand Theft Auto VI,PL
2025-11-09 00:00:00,3,Grand Theft Auto VI,PL
2025-11-16 00:00:00,0,Grand Theft Auto VI,PL
2025-11-23 00:00:00,0,Grand Theft Auto VI,PL
2025-11-30 00:00:00,0,Grand Theft Auto VI,PL
2025-12-07 00:00:00,0,Grand Theft Auto VI,PL
2025-12-14 00:00:00,0,Grand Theft Auto VI,PL
2025-12-21 00:00:00,4,Grand Theft Auto VI,PL
2025-12-28 00:00:00,3,Grand Theft Auto VI,PL
2026-01-04 00:00:00,2,Grand Theft Auto VI,PL
2026-01-11 00:00:00,3,Grand Theft Auto VI,PL
2026-01-18 00:00:00,3,Grand Theft Auto VI,PL
2026-01-25 00:00:00,0,Grand Theft Auto VI,PL
2026-02-01 00:00:00,0,Grand Theft Auto VI,PL
2026-02-08 00:00:00,0,Grand Theft Auto VI,PL
2026-02-15 00:00:00,0,Grand Theft Auto VI,PL
2026-02-22 00:00:00,5,Grand Theft Auto VI,PL
2026-03-01 00:00:00,0,Grand Theft Auto VI,PL
2026-03-08 00:00:00,2,Grand Theft Auto VI,PL
2026-03-15 00:00:00,0,Grand Theft Auto VI,PL
2026-03-22 00:00:00,0,Grand Theft Auto VI,PL
2026-03-29 00:00:00,0,Grand Theft Auto VI,PL
2026-04-05 00:00:00,18,Grand Theft Auto VI,PL
2026-04-12 00:00:00,6,Grand Theft Auto VI,PL
2026-04-19 00:00:00,4,Grand Theft Auto VI,PL
2026-04-26 00:00:00,7,Grand Theft Auto VI,PL
2026-05-03 00:00:00,11,Grand Theft Auto VI,PL
2026-05-10 00:00:00,24,Grand Theft Auto VI,PL
2026-05-17 00:00:00,36,Grand Theft Auto VI,PL
2026-05-24 00:00:00,23,Grand Theft Auto VI,PL
2026-05-31 00:00:00,17,Grand Theft Auto VI,PL
2026-06-07 00:00:00,6,Grand Theft Auto VI,PL
2026-06-14 00:00:00,22,Grand Theft Auto VI,PL
2026-06-21 00:00:00,83,Grand Theft Auto VI,PL
2026-06-28 00:00:00,36,Grand Theft Auto VI,PL
2026-07-05 00:00:00,17,Grand Theft Auto VI,PL
2026-07-12 00:00:00,30,Grand Theft Auto VI,PL
2026-07-19 00:00:00,8,Grand Theft Auto VI,PL
2026-07-26 00:00:00,17,Grand Theft Auto VI,PL
2026-08-02 00:00:00,15,Grand Theft Auto VI,PL
2026-08-09 00:00:00,21,Grand Theft Auto VI,PL
2026-08-16 00:00:00,26,Grand Theft Auto VI,PL
2026-08-23 00:00:00,78,Grand Theft Auto VI,PL
2026-08-30 00:00:00,100,Grand Theft Auto VI,PL
2026-09-06 00:00:00,56,Grand Theft Auto VI,PL
2023-01-01 00:00:00,0,Grand Theft Auto VI,TR
2023-01-08 00:00:00,0,Grand Theft Auto VI,TR
2023-01-15 00:00:00,0,Grand Theft Auto VI,TR
2023-01-22 00:00:00,0,Grand Theft Auto VI,TR
2023-01-29 00:00:00,0,Grand Theft Auto VI,TR
2023-02-05 00:00:00,0,Grand Theft Auto VI,TR
2023-02-12 00:00:00,0,Grand Theft Auto VI,TR
2023-02-19 00:00:00,0,Grand Theft Auto VI,TR
2023-02-26 00:00:00,0,Grand Theft Auto VI,TR
2023-03-05 00:00:00,0,Grand Theft Auto VI,TR
2023-03-12 00:00:00,0,Grand Theft Auto VI,TR
2023-03-19 00:00:00,0,Grand Theft Auto VI,TR
2023-03-26 00:00:00,0,Grand Theft Auto VI,TR
2023-04-02 00:00:00,0,Grand Theft Auto VI,TR
2023-04-09 00:00:00,0,Grand Theft Auto VI,TR
2023-04-16 00:00:00,0,Grand Theft Auto VI,TR
2023-04-23 00:00:00,0,Grand Theft Auto VI,TR
2023-04-30 00:00:00,0,Grand Theft Auto VI,TR
2023-05-07 00:00:00,0,Grand Theft Auto VI,TR
2023-05-14 00:00:00,0,Grand Theft Auto VI,TR
2023-05-21 00:00:00,0,Grand Theft Auto VI,TR
2023-05-28 00:00:00,0,Grand Theft Auto VI,TR
2023-06-04 00:00:00,0,Grand Theft Auto VI,TR
2023-06-11 00:00:00,0,Grand Theft Auto VI,TR
2023-06-18 00:00:00,0,Grand Theft Auto VI,TR
2023-06-25 00:00:00,0,Grand Theft Auto VI,TR
2023-07-02 00:00:00,0,Grand Theft Auto VI,TR
2023-07-09 00:00:00,0,Grand Theft Auto VI,TR
2023-07-16 00:00:00,0,Grand Theft Auto VI,TR
2023-07-23 00:00:00,0,Grand Theft Auto VI,TR
2023-07-30 00:00:00,0,Grand Theft Auto VI,TR
2023-08-06 00:00:00,0,Grand Theft Auto VI,TR
2023-08-13 00:00:00,0,Grand Theft Auto VI,TR
2023-08-20 00:00:00,0,Grand Theft Auto VI,TR
2023-08-27 00:00:00,0,Grand Theft Auto VI,TR
2023-09-03 00:00:00,0,Grand Theft Auto VI,TR
2023-09-10 00:00:00,0,Grand Theft Auto VI,TR
2023-09-17 00:00:00,0,Grand Theft Auto VI,TR
2023-09-24 00:00:00,0,Grand Theft Auto VI,TR
2023-10-01 00:00:00,0,Grand Theft Auto VI,TR
2023-10-08 00:00:00,0,Grand Theft Auto VI,TR
2023-10-15 00:00:00,0,Grand Theft Auto VI,TR
2023-10-22 00:00:00,0,Grand Theft Auto VI,TR
2023-10-29 00:00:00,0,Grand Theft Auto VI,TR
2023-11-05 00:00:00,0,Grand Theft Auto VI,TR
2023-11-12 00:00:00,0,Grand Theft Auto VI,TR
2023-11-19 00:00:00,0,Grand Theft Auto VI,TR
2023-11-26 00:00:00,0,Grand Theft Auto VI,TR
2023-12-03 00:00:00,13,Grand Theft Auto VI,TR
2023-12-10 00:00:00,5,Grand Theft Auto VI,TR
2023-12-17 00:00:00,4,Grand Theft Auto VI,TR
2023-12-24 00:00:00,2,Grand Theft Auto VI,TR
2023-12-31 00:00:00,3,Grand Theft Auto VI,TR
2024-01-07 00:00:00,2,Grand Theft Auto VI,TR
2024-01-14 00:00:00,0,Grand Theft Auto VI,TR
2024-01-21 00:00:00,0,Grand Theft Auto VI,TR
2024-01-28 00:00:00,0,Grand Theft Auto VI,TR
2024-02-04 00:00:00,3,Grand Theft Auto VI,TR
2024-02-11 00:00:00,0,Grand Theft Auto VI,TR
2024-02-18 00:00:00,0,Grand Theft Auto VI,TR
2024-02-25 00:00:00,3,Grand Theft Auto VI,TR
2024-03-03 00:00:00,0,Grand Theft Auto VI,TR
2024-03-10 00:00:00,0,Grand Theft Auto VI,TR
2024-03-17 00:00:00,2,Grand Theft Auto VI,TR
2024-03-24 00:00:00,0,Grand Theft Auto VI,TR
2024-03-31 00:00:00,2,Grand Theft Auto VI,TR
2024-04-07 00:00:00,5,Grand Theft Auto VI,TR
2024-04-14 00:00:00,0,Grand Theft Auto VI,TR
2024-04-21 00:00:00,0,Grand Theft Auto VI,TR
2024-04-28 00:00:00,0,Grand Theft Auto VI,TR
2024-05-05 00:00:00,0,Grand Theft Auto VI,TR
2024-05-12 00:00:00,0,Grand Theft Auto VI,TR
2024-05-19 00:00:00,0,Grand Theft Auto VI,TR
2024-05-26 00:00:00,0,Grand Theft Auto VI,TR
2024-06-02 00:00:00,0,Grand Theft Auto VI,TR
2024-06-09 00:00:00,0,Grand Theft Auto VI,TR
2024-06-16 00:00:00,0,Grand Theft Auto VI,TR
2024-06-23 00:00:00,2,Grand Theft Auto VI,TR
2024-06-30 00:00:00,0,Grand Theft Auto VI,TR
2024-07-07 00:00:00,0,Grand Theft Auto VI,TR
2024-07-14 00:00:00,0,Grand Theft Auto VI,TR
2024-07-21 00:00:00,0,Grand Theft Auto VI,TR
2024-07-28 00:00:00,2,Grand Theft Auto VI,TR
2024-08-04 00:00:00,0,Grand Theft Auto VI,TR
2024-08-11 00:00:00,2,Grand Theft Auto VI,TR
2024-08-18 00:00:00,0,Grand Theft Auto VI,TR
2024-08-25 00:00:00,0,Grand Theft Auto VI,TR
2024-09-01 00:00:00,0,Grand Theft Auto VI,TR
2024-09-08 00:00:00,0,Grand Theft Auto VI,TR
2024-09-15 00:00:00,0,Grand Theft Auto VI,TR
2024-09-22 00:00:00,0,Grand Theft Auto VI,TR
2024-09-29 00:00:00,0,Grand Theft Auto VI,TR
2024-10-06 00:00:00,0,Grand Theft Auto VI,TR
2024-10-13 00:00:00,2,Grand Theft Auto VI,TR
2024-10-20 00:00:00,0,Grand Theft Auto VI,TR
2024-10-27 00:00:00,0,Grand Theft Auto VI,TR
2024-11-03 00:00:00,0,Grand Theft Auto VI,TR
2024-11-10 00:00:00,0,Grand Theft Auto VI,TR
2024-11-17 00:00:00,0,Grand Theft Auto VI,TR
2024-11-24 00:00:00,0,Grand Theft Auto VI,TR
2024-12-01 00:00:00,0,Grand Theft Auto VI,TR
2024-12-08 00:00:00,0,Grand Theft Auto VI,TR
2024-12-15 00:00:00,3,Grand Theft Auto VI,TR
2024-12-22 00:00:00,0,Grand Theft Auto VI,TR
2024-12-29 00:00:00,0,Grand Theft Auto VI,TR
2025-01-05 00:00:00,0,Grand Theft Auto VI,TR
2025-01-12 00:00:00,3,Grand Theft Auto VI,TR
2025-01-19 00:00:00,0,Grand Theft Auto VI,TR
2025-01-26 00:00:00,0,Grand Theft Auto VI,TR
2025-02-02 00:00:00,0,Grand Theft Auto VI,TR
2025-02-09 00:00:00,0,Grand Theft Auto VI,TR
2025-02-16 00:00:00,0,Grand Theft Auto VI,TR
2025-02-23 00:00:00,0,Grand Theft Auto VI,TR
2025-03-02 00:00:00,0,Grand Theft Auto VI,TR
2025-03-09 00:00:00,0,Grand Theft Auto VI,TR
2025-03-16 00:00:00,0,Grand Theft Auto VI,TR
2025-03-23 00:00:00,0,Grand Theft Auto VI,TR
2025-03-30 00:00:00,0,Grand Theft Auto VI,TR
2025-04-06 00:00:00,0,Grand Theft Auto VI,TR
2025-04-13 00:00:00,0,Grand Theft Auto VI,TR
2025-04-20 00:00:00,0,Grand Theft Auto VI,TR
2025-04-27 00:00:00,0,Grand Theft Auto VI,TR
2025-05-04 00:00:00,8,Grand Theft Auto VI,TR
2025-05-11 00:00:00,0,Grand Theft Auto VI,TR
2025-05-18 00:00:00,0,Grand Theft Auto VI,TR
2025-05-25 00:00:00,0,Grand Theft Auto VI,TR
2025-06-01 00:00:00,0,Grand Theft Auto VI,TR
2025-06-08 00:00:00,0,Grand Theft Auto VI,TR
2025-06-15 00:00:00,0,Grand Theft Auto VI,TR
2025-06-22 00:00:00,0,Grand Theft Auto VI,TR
2025-06-29 00:00:00,0,Grand Theft Auto VI,TR
2025-07-06 00:00:00,0,Grand Theft Auto VI,TR
2025-07-13 00:00:00,0,Grand Theft Auto VI,TR
2025-07-20 00:00:00,0,Grand Theft Auto VI,TR
2025-07-27 00:00:00,0,Grand Theft Auto VI,TR
2025-08-03 00:00:00,0,Grand Theft Auto VI,TR
2025-08-10 00:00:00,0,Grand Theft Auto VI,TR
2025-08-17 00:00:00,0,Grand Theft Auto VI,TR
2025-08-24 00:00:00,0,Grand Theft Auto VI,TR
2025-08-31 00:00:00,0,Grand Theft Auto VI,TR
2025-09-07 00:00:00,0,Grand Theft Auto VI,TR
2025-09-14 00:00:00,0,Grand Theft Auto VI,TR
2025-09-21 00:00:00,0,Grand Theft Auto VI,TR
2025-09-28 00:00:00,0,Grand Theft Auto VI,TR
2025-10-05 00:00:00,0,Grand Theft Auto VI,TR
2025-10-12 00:00:00,0,Grand Theft Auto VI,TR
2025-10-19 00:00:00,0,Grand Theft Auto VI,TR
2025-10-26 00:00:00,0,Grand Theft Auto VI,TR
2025-11-02 00:00:00,0,Grand Theft Auto VI,TR
2025-11-09 00:00:00,3,Grand Theft Auto VI,TR
2025-11-16 00:00:00,0,Grand Theft Auto VI,TR
2025-11-23 00:00:00,0,Grand Theft Auto VI,TR
2025-11-30 00:00:00,4,Grand Theft Auto VI,TR
2025-12-07 00:00:00,0,Grand Theft Auto VI,TR
2025-12-14 00:00:00,3,Grand Theft Auto VI,TR
2025-12-21 00:00:00,0,Grand Theft Auto VI,TR
2025-12-28 00:00:00,0,Grand Theft Auto VI,TR
2026-01-04 00:00:00,6,Grand Theft Auto VI,TR
2026-01-11 00:00:00,6,Grand Theft Auto VI,TR
2026-01-18 00:00:00,7,Grand Theft Auto VI,TR
2026-01-25 00:00:00,10,Grand Theft Auto VI,TR
2026-02-01 00:00:00,9,Grand Theft Auto VI,TR
2026-02-08 00:00:00,3,Grand Theft Auto VI,TR
2026-02-15 00:00:00,0,Grand Theft Auto VI,TR
2026-02-22 00:00:00,39,Grand Theft Auto VI,TR
2026-03-01 00:00:00,3,Grand Theft Auto VI,TR
2026-03-08 00:00:00,2,Grand Theft Auto VI,TR
2026-03-15 00:00:00,3,Grand Theft Auto VI,TR
2026-03-22 00:00:00,3,Grand Theft Auto VI,TR
2026-03-29 00:00:00,0,Grand Theft Auto VI,TR
2026-04-05 00:00:00,35,Grand Theft Auto VI,TR
2026-04-12 00:00:00,12,Grand Theft Auto VI,TR
2026-04-19 00:00:00,58,Grand Theft Auto VI,TR
2026-04-26 00:00:00,31,Grand Theft Auto VI,TR
2026-05-03 00:00:00,49,Grand Theft Auto VI,TR
2026-05-10 00:00:00,30,Grand Theft Auto VI,TR
2026-05-17 00:00:00,32,Grand Theft Auto VI,TR
2026-05-24 00:00:00,8,Grand Theft Auto VI,TR
2026-05-31 00:00:00,6,Grand Theft Auto VI,TR
2026-06-07 00:00:00,5,Grand Theft Auto VI,TR
2026-06-14 00:00:00,20,Grand Theft Auto VI,TR
2026-06-21 00:00:00,70,Grand Theft Auto VI,TR
2026-06-28 00:00:00,51,Grand Theft Auto VI,TR
2026-07-05 00:00:00,42,Grand Theft Auto VI,TR
2026-07-12 00:00:00,17,Grand Theft Auto VI,TR
2026-07-19 00:00:00,15,Grand Theft Auto VI,TR
2026-07-26 00:00:00,21,Grand Theft Auto VI,TR
2026-08-02 00:00:00,89,Grand Theft Auto VI,TR
2026-08-09 00:00:00,19,Grand Theft Auto VI,TR
2026-08-16 00:00:00,50,Grand Theft Auto VI,TR
2026-08-23 00:00:00,94,Grand Theft Auto VI,TR
2026-08-30 00:00:00,58,Grand Theft Auto VI,TR
2026-09-06 00:00:00,100,Grand Theft Auto VI,TR
2023-01-01,0,Grand Theft Auto VI,AR
2023-01-08,0,Grand Theft Auto VI,AR
2023-01-15,0,Grand Theft Auto VI,AR
2023-01-22,0,Grand Theft Auto VI,AR
2023-01-29,0,Grand Theft Auto VI,AR
2023-02-05,0,Grand Theft Auto VI,AR
2023-02-12,0,Grand Theft Auto VI,AR
2023-02-19,0,Grand Theft Auto VI,AR
2023-02-26,0,Grand Theft Auto VI,AR
2023-03-05,0,Grand Theft Auto VI,AR
2023-03-12,0,Grand Theft Auto VI,AR
2023-03-19,0,Grand Theft Auto VI,AR
2023-03-26,0,Grand Theft Auto VI,AR
2023-04-02,0,Grand Theft Auto VI,AR
2023-04-09,0,Grand Theft Auto VI,AR
2023-04-16,0,Grand Theft Auto VI,AR
2023-04-23,0,Grand Theft Auto VI,AR
2023-04-30,0,Grand Theft Auto VI,AR
2023-05-07,0,Grand Theft Auto VI,AR
2023-05-14,0,Grand Theft Auto VI,AR
2023-05-21,0,Grand Theft Auto VI,AR
2023-05-28,0,Grand Theft Auto VI,AR
2023-06-04,0,Grand Theft Auto VI,AR
2023-06-11,0,Grand Theft Auto VI,AR
2023-06-18,0,Grand Theft Auto VI,AR
2023-06-25,0,Grand Theft Auto VI,AR
2023-07-02,0,Grand Theft Auto VI,AR
2023-07-09,0,Grand Theft Auto VI,AR
2023-07-16,0,Grand Theft Auto VI,AR
2023-07-23,0,Grand Theft Auto VI,AR
2023-07-30,0,Grand Theft Auto VI,AR
2023-08-06,0,Grand Theft Auto VI,AR
2023-08-13,0,Grand Theft Auto VI,AR
2023-08-20,0,Grand Theft Auto VI,AR
2023-08-27,0,Grand Theft Auto VI,AR
2023-09-03,0,Grand Theft Auto VI,AR
2023-09-10,0,Grand Theft Auto VI,AR
2023-09-17,0,Grand Theft Auto VI,AR
2023-09-24,0,Grand Theft Auto VI,AR
2023-10-01,0,Grand Theft Auto VI,AR
2023-10-08,0,Grand Theft Auto VI,AR
2023-10-15,0,Grand Theft Auto VI,AR
2023-10-22,0,Grand Theft Auto VI,AR
2023-10-29,0,Grand Theft Auto VI,AR
2023-11-05,0,Grand Theft Auto VI,AR
2023-11-12,0,Grand Theft Auto VI,AR
2023-11-19,0,Grand Theft Auto VI,AR
2023-11-26,0,Grand Theft Auto VI,AR
2023-12-03,8,Grand Theft Auto VI,AR
2023-12-10,0,Grand Theft Auto VI,AR
2023-12-17,0,Grand Theft Auto VI,AR
2023-12-24,0,Grand Theft Auto VI,AR
2023-12-31,0,Grand Theft Auto VI,AR
2024-01-07,0,Grand Theft Auto VI,AR
2024-01-14,0,Grand Theft Auto VI,AR
2024-01-21,0,Grand Theft Auto VI,AR
2024-01-28,0,Grand Theft Auto VI,AR
2024-02-04,0,Grand Theft Auto VI,AR
2024-02-11,0,Grand Theft Auto VI,AR
2024-02-18,0,Grand Theft Auto VI,AR
2024-02-25,0,Grand Theft Auto VI,AR
2024-03-03,0,Grand Theft Auto VI,AR
2024-03-10,0,Grand Theft Auto VI,AR
2024-03-17,0,Grand Theft Auto VI,AR
2024-03-24,0,Grand Theft Auto VI,AR
2024-03-31,0,Grand Theft Auto VI,AR
2024-04-07,0,Grand Theft Auto VI,AR
2024-04-14,0,Grand Theft Auto VI,AR
2024-04-21,0,Grand Theft Auto VI,AR
2024-04-28,0,Grand Theft Auto VI,AR
2024-05-05,0,Grand Theft Auto VI,AR
2024-05-12,0,Grand Theft Auto VI,AR
2024-05-19,0,Grand Theft Auto VI,AR
2024-05-26,0,Grand Theft Auto VI,AR
2024-06-02,0,Grand Theft Auto VI,AR
2024-06-09,0,Grand Theft Auto VI,AR
2024-06-16,0,Grand Theft Auto VI,AR
2024-06-23,0,Grand Theft Auto VI,AR
2024-06-30,0,Grand Theft Auto VI,AR
2024-07-07,0,Grand Theft Auto VI,AR
2024-07-14,0,Grand Theft Auto VI,AR
2024-07-21,0,Grand Theft Auto VI,AR
2024-07-28,0,Grand Theft Auto VI,AR
2024-08-04,0,Grand Theft Auto VI,AR
2024-08-11,0,Grand Theft Auto VI,AR
2024-08-18,0,Grand Theft Auto VI,AR
2024-08-25,0,Grand Theft Auto VI,AR
2024-09-01,0,Grand Theft Auto VI,AR
2024-09-08,0,Grand Theft Auto VI,AR
2024-09-15,0,Grand Theft Auto VI,AR
2024-09-22,0,Grand Theft Auto VI,AR
2024-09-29,0,Grand Theft Auto VI,AR
2024-10-06,0,Grand Theft Auto VI,AR
2024-10-13,0,Grand Theft Auto VI,AR
2024-10-20,0,Grand Theft Auto VI,AR
2024-10-27,0,Grand Theft Auto VI,AR
2024-11-03,0,Grand Theft Auto VI,AR
2024-11-10,0,Grand Theft Auto VI,AR
2024-11-17,0,Grand Theft Auto VI,AR
2024-11-24,0,Grand Theft Auto VI,AR
2024-12-01,0,Grand Theft Auto VI,AR
2024-12-08,0,Grand Theft Auto VI,AR
2024-12-15,0,Grand Theft Auto VI,AR
2024-12-22,0,Grand Theft Auto VI,AR
2024-12-29,0,Grand Theft Auto VI,AR
2025-01-05,0,Grand Theft Auto VI,AR
2025-01-12,0,Grand Theft Auto VI,AR
2025-01-19,0,Grand Theft Auto VI,AR
2025-01-26,0,Grand Theft Auto VI,AR
2025-02-02,0,Grand Theft Auto VI,AR
2025-02-09,0,Grand Theft Auto VI,AR
2025-02-16,0,Grand Theft Auto VI,AR
2025-02-23,0,Grand Theft Auto VI,AR
2025-03-02,0,Grand Theft Auto VI,AR
2025-03-09,0,Grand Theft Auto VI,AR
2025-03-16,0,Grand Theft Auto VI,AR
2025-03-23,0,Grand Theft Auto VI,AR
2025-03-30,0,Grand Theft Auto VI,AR
2025-04-06,0,Grand Theft Auto VI,AR
2025-04-13,0,Grand Theft Auto VI,AR
2025-04-20,0,Grand Theft Auto VI,AR
2025-04-27,0,Grand Theft Auto VI,AR
2025-05-04,11,Grand Theft Auto VI,AR
2025-05-11,0,Grand Theft Auto VI,AR
2025-05-18,0,Grand Theft Auto VI,AR
2025-05-25,0,Grand Theft Auto VI,AR
2025-06-01,0,Grand Theft Auto VI,AR
2025-06-08,0,Grand Theft Auto VI,AR
2025-06-15,0,Grand Theft Auto VI,AR
2025-06-22,0,Grand Theft Auto VI,AR
2025-06-29,0,Grand Theft Auto VI,AR
2025-07-06,0,Grand Theft Auto VI,AR
2025-07-13,0,Grand Theft Auto VI,AR
2025-07-20,0,Grand Theft Auto VI,AR
2025-07-27,0,Grand Theft Auto VI,AR
2025-08-03,0,Grand Theft Auto VI,AR
2025-08-10,0,Grand Theft Auto VI,AR
2025-08-17,0,Grand Theft Auto VI,AR
2025-08-24,0,Grand Theft Auto VI,AR
2025-08-31,0,Grand Theft Auto VI,AR
2025-09-07,0,Grand Theft Auto VI,AR
2025-09-14,0,Grand Theft Auto VI,AR
2025-09-21,0,Grand Theft Auto VI,AR
2025-09-28,0,Grand Theft Auto VI,AR
2025-10-05,0,Grand Theft Auto VI,AR
2025-10-12,0,Grand Theft Auto VI,AR
2025-10-19,0,Grand Theft Auto VI,AR
2025-10-26,0,Grand Theft Auto VI,AR
2025-11-02,0,Grand Theft Auto VI,AR
2025-11-09,0,Grand Theft Auto VI,AR
2025-11-16,0,Grand Theft Auto VI,AR
2025-11-23,0,Grand Theft Auto VI,AR
2025-11-30,0,Grand Theft Auto VI,AR
2025-12-07,0,Grand Theft Auto VI,AR
2025-12-14,0,Grand Theft Auto VI,AR
2025-12-21,0,Grand Theft Auto VI,AR
2025-12-28,0,Grand Theft Auto VI,AR
2026-01-04,0,Grand Theft Auto VI,AR
2026-01-11,0,Grand Theft Auto VI,AR
2026-01-18,0,Grand Theft Auto VI,AR
2026-01-25,0,Grand Theft Auto VI,AR
2026-02-01,0,Grand Theft Auto VI,AR
2026-02-08,0,Grand Theft Auto VI,AR
2026-02-15,11,Grand Theft Auto VI,AR
2026-02-22,0,Grand Theft Auto VI,AR
2026-03-01,0,Grand Theft Auto VI,AR
2026-03-08,0,Grand Theft Auto VI,AR
2026-03-15,0,Grand Theft Auto VI,AR
2026-03-22,0,Grand Theft Auto VI,AR
2026-03-29,0,Grand Theft Auto VI,AR
2026-04-05,15,Grand Theft Auto VI,AR
2026-04-12,8,Grand Theft Auto VI,AR
2026-04-19,14,Grand Theft Auto VI,AR
2026-04-26,100,Grand Theft Auto VI,AR
2026-05-03,25,Grand Theft Auto VI,AR
2026-05-10,19,Grand Theft Auto VI,AR
2026-05-17,99,Grand Theft Auto VI,AR
2026-05-24,24,Grand Theft Auto VI,AR
2026-05-31,0,Grand Theft Auto VI,AR
2026-06-07,9,Grand Theft Auto VI,AR
2026-06-14,29,Grand Theft Auto VI,AR
2026-06-21,41,Grand Theft Auto VI,AR
2026-06-28,34,Grand Theft Auto VI,AR
2026-07-05,35,Grand Theft Auto VI,AR
2026-07-12,16,Grand Theft Auto VI,AR
2026-07-19,10,Grand Theft Auto VI,AR
2026-07-26,23,Grand Theft Auto VI,AR
2026-08-02,27,Grand Theft Auto VI,AR
2026-08-09,15,Grand Theft Auto VI,AR
2026-08-16,21,Grand Theft Auto VI,AR
2026-08-23,75,Grand Theft Auto VI,AR
2026-08-30,25,Grand Theft Auto VI,AR
2026-09-06,49,Grand Theft Auto VI,AR
2023-01-01,0,Grand Theft Auto VI,ZA
2023-01-08,0,Grand Theft Auto VI,ZA
2023-01-15,0,Grand Theft Auto VI,ZA
2023-01-22,0,Grand Theft Auto VI,ZA
2023-01-29,0,Grand Theft Auto VI,ZA
2023-02-05,0,Grand Theft Auto VI,ZA
2023-02-12,0,Grand Theft Auto VI,ZA
2023-02-19,0,Grand Theft Auto VI,ZA
2023-02-26,0,Grand Theft Auto VI,ZA
2023-03-05,0,Grand Theft Auto VI,ZA
2023-03-12,0,Grand Theft Auto VI,ZA
2023-03-19,0,Grand Theft Auto VI,ZA
2023-03-26,0,Grand Theft Auto VI,ZA
2023-04-02,0,Grand Theft Auto VI,ZA
2023-04-09,0,Grand Theft Auto VI,ZA
2023-04-16,0,Grand Theft Auto VI,ZA
2023-04-23,0,Grand Theft Auto VI,ZA
2023-04-30,0,Grand Theft Auto VI,ZA
2023-05-07,0,Grand Theft Auto VI,ZA
2023-05-14,0,Grand Theft Auto VI,ZA
2023-05-21,0,Grand Theft Auto VI,ZA
2023-05-28,0,Grand Theft Auto VI,ZA
2023-06-04,0,Grand Theft Auto VI,ZA
2023-06-11,0,Grand Theft Auto VI,ZA
2023-06-18,0,Grand Theft Auto VI,ZA
2023-06-25,0,Grand Theft Auto VI,ZA
2023-07-02,0,Grand Theft Auto VI,ZA
2023-07-09,0,Grand Theft Auto VI,ZA
2023-07-16,0,Grand Theft Auto VI,ZA
2023-07-23,0,Grand Theft Auto VI,ZA
2023-07-30,0,Grand Theft Auto VI,ZA
2023-08-06,0,Grand Theft Auto VI,ZA
2023-08-13,0,Grand Theft Auto VI,ZA
2023-08-20,0,Grand Theft Auto VI,ZA
2023-08-27,0,Grand Theft Auto VI,ZA
2023-09-03,0,Grand Theft Auto VI,ZA
2023-09-10,0,Grand Theft Auto VI,ZA
2023-09-17,0,Grand Theft Auto VI,ZA
2023-09-24,0,Grand Theft Auto VI,ZA
2023-10-01,0,Grand Theft Auto VI,ZA
2023-10-08,0,Grand Theft Auto VI,ZA
2023-10-15,0,Grand Theft Auto VI,ZA
2023-10-22,0,Grand Theft Auto VI,ZA
2023-10-29,0,Grand Theft Auto VI,ZA
2023-11-05,0,Grand Theft Auto VI,ZA
2023-11-12,0,Grand Theft Auto VI,ZA
2023-11-19,0,Grand Theft Auto VI,ZA
2023-11-26,0,Grand Theft Auto VI,ZA
2023-12-03,11,Grand Theft Auto VI,ZA
2023-12-10,0,Grand Theft Auto VI,ZA
2023-12-17,0,Grand Theft Auto VI,ZA
2023-12-24,0,Grand Theft Auto VI,ZA
2023-12-31,0,Grand Theft Auto VI,ZA
2024-01-07,0,Grand Theft Auto VI,ZA
2024-01-14,0,Grand Theft Auto VI,ZA
2024-01-21,0,Grand Theft Auto VI,ZA
2024-01-28,0,Grand Theft Auto VI,ZA
2024-02-04,0,Grand Theft Auto VI,ZA
2024-02-11,0,Grand Theft Auto VI,ZA
2024-02-18,0,Grand Theft Auto VI,ZA
2024-02-25,0,Grand Theft Auto VI,ZA
2024-03-03,0,Grand Theft Auto VI,ZA
2024-03-10,0,Grand Theft Auto VI,ZA
2024-03-17,0,Grand Theft Auto VI,ZA
2024-03-24,0,Grand Theft Auto VI,ZA
2024-03-31,0,Grand Theft Auto VI,ZA
2024-04-07,0,Grand Theft Auto VI,ZA
2024-04-14,0,Grand Theft Auto VI,ZA
2024-04-21,0,Grand Theft Auto VI,ZA
2024-04-28,0,Grand Theft Auto VI,ZA
2024-05-05,0,Grand Theft Auto VI,ZA
2024-05-12,0,Grand Theft Auto VI,ZA
2024-05-19,0,Grand Theft Auto VI,ZA
2024-05-26,0,Grand Theft Auto VI,ZA
2024-06-02,0,Grand Theft Auto VI,ZA
2024-06-09,0,Grand Theft Auto VI,ZA
2024-06-16,0,Grand Theft Auto VI,ZA
2024-06-23,0,Grand Theft Auto VI,ZA
2024-06-30,0,Grand Theft Auto VI,ZA
2024-07-07,0,Grand Theft Auto VI,ZA
2024-07-14,0,Grand Theft Auto VI,ZA
2024-07-21,8,Grand Theft Auto VI,ZA
2024-07-28,0,Grand Theft Auto VI,ZA
2024-08-04,0,Grand Theft Auto VI,ZA
2024-08-11,0,Grand Theft Auto VI,ZA
2024-08-18,0,Grand Theft Auto VI,ZA
2024-08-25,0,Grand Theft Auto VI,ZA
2024-09-01,0,Grand Theft Auto VI,ZA
2024-09-08,0,Grand Theft Auto VI,ZA
2024-09-15,0,Grand Theft Auto VI,ZA
2024-09-22,0,Grand Theft Auto VI,ZA
2024-09-29,0,Grand Theft Auto VI,ZA
2024-10-06,0,Grand Theft Auto VI,ZA
2024-10-13,0,Grand Theft Auto VI,ZA
2024-10-20,0,Grand Theft Auto VI,ZA
2024-10-27,0,Grand Theft Auto VI,ZA
2024-11-03,0,Grand Theft Auto VI,ZA
2024-11-10,0,Grand Theft Auto VI,ZA
2024-11-17,0,Grand Theft Auto VI,ZA
2024-11-24,0,Grand Theft Auto VI,ZA
2024-12-01,0,Grand Theft Auto VI,ZA
2024-12-08,0,Grand Theft Auto VI,ZA
2024-12-15,8,Grand Theft Auto VI,ZA
2024-12-22,0,Grand Theft Auto VI,ZA
2024-12-29,0,Grand Theft Auto VI,ZA
2025-01-05,0,Grand Theft Auto VI,ZA
2025-01-12,0,Grand Theft Auto VI,ZA
2025-01-19,0,Grand Theft Auto VI,ZA
2025-01-26,0,Grand Theft Auto VI,ZA
2025-02-02,0,Grand Theft Auto VI,ZA
2025-02-09,0,Grand Theft Auto VI,ZA
2025-02-16,0,Grand Theft Auto VI,ZA
2025-02-23,0,Grand Theft Auto VI,ZA
2025-03-02,0,Grand Theft Auto VI,ZA
2025-03-09,0,Grand Theft Auto VI,ZA
2025-03-16,0,Grand Theft Auto VI,ZA
2025-03-23,0,Grand Theft Auto VI,ZA
2025-03-30,0,Grand Theft Auto VI,ZA
2025-04-06,0,Grand Theft Auto VI,ZA
2025-04-13,0,Grand Theft Auto VI,ZA
2025-04-20,0,Grand Theft Auto VI,ZA
2025-04-27,0,Grand Theft Auto VI,ZA
2025-05-04,16,Grand Theft Auto VI,ZA
2025-05-11,8,Grand Theft Auto VI,ZA
2025-05-18,0,Grand Theft Auto VI,ZA
2025-05-25,0,Grand Theft Auto VI,ZA
2025-06-01,0,Grand Theft Auto VI,ZA
2025-06-08,0,Grand Theft Auto VI,ZA
2025-06-15,0,Grand Theft Auto VI,ZA
2025-06-22,9,Grand Theft Auto VI,ZA
2025-06-29,0,Grand Theft Auto VI,ZA
2025-07-06,0,Grand Theft Auto VI,ZA
2025-07-13,0,Grand Theft Auto VI,ZA
2025-07-20,0,Grand Theft Auto VI,ZA
2025-07-27,0,Grand Theft Auto VI,ZA
2025-08-03,0,Grand Theft Auto VI,ZA
2025-08-10,6,Grand Theft Auto VI,ZA
2025-08-17,0,Grand Theft Auto VI,ZA
2025-08-24,0,Grand Theft Auto VI,ZA
2025-08-31,0,Grand Theft Auto VI,ZA
2025-09-07,0,Grand Theft Auto VI,ZA
2025-09-14,0,Grand Theft Auto VI,ZA
2025-09-21,0,Grand Theft Auto VI,ZA
2025-09-28,0,Grand Theft Auto VI,ZA
2025-10-05,0,Grand Theft Auto VI,ZA
2025-10-12,0,Grand Theft Auto VI,ZA
2025-10-19,0,Grand Theft Auto VI,ZA
2025-10-26,0,Grand Theft Auto VI,ZA
2025-11-02,0,Grand Theft Auto VI,ZA
2025-11-09,0,Grand Theft Auto VI,ZA
2025-11-16,0,Grand Theft Auto VI,ZA
2025-11-23,0,Grand Theft Auto VI,ZA
2025-11-30,0,Grand Theft Auto VI,ZA
2025-12-07,8,Grand Theft Auto VI,ZA
2025-12-14,0,Grand Theft Auto VI,ZA
2025-12-21,0,Grand Theft Auto VI,ZA
2025-12-28,0,Grand Theft Auto VI,ZA
2026-01-04,0,Grand Theft Auto VI,ZA
2026-01-11,0,Grand Theft Auto VI,ZA
2026-01-18,0,Grand Theft Auto VI,ZA
2026-01-25,0,Grand Theft Auto VI,ZA
2026-02-01,0,Grand Theft Auto VI,ZA
2026-02-08,0,Grand Theft Auto VI,ZA
2026-02-15,0,Grand Theft Auto VI,ZA
2026-02-22,8,Grand Theft Auto VI,ZA
2026-03-01,0,Grand Theft Auto VI,ZA
2026-03-08,0,Grand Theft Auto VI,ZA
2026-03-15,0,Grand Theft Auto VI,ZA
2026-03-22,9,Grand Theft Auto VI,ZA
2026-03-29,0,Grand Theft Auto VI,ZA
2026-04-05,14,Grand Theft Auto VI,ZA
2026-04-12,10,Grand Theft Auto VI,ZA
2026-04-19,18,Grand Theft Auto VI,ZA
2026-04-26,9,Grand Theft Auto VI,ZA
2026-05-03,9,Grand Theft Auto VI,ZA
2026-05-10,23,Grand Theft Auto VI,ZA
2026-05-17,12,Grand Theft Auto VI,ZA
2026-05-24,7,Grand Theft Auto VI,ZA
2026-05-31,6,Grand Theft Auto VI,ZA
2026-06-07,20,Grand Theft Auto VI,ZA
2026-06-14,61,Grand Theft Auto VI,ZA
2026-06-21,100,Grand Theft Auto VI,ZA
2026-06-28,24,Grand Theft Auto VI,ZA
2026-07-05,8,Grand Theft Auto VI,ZA
2026-07-12,28,Grand Theft Auto VI,ZA
2026-07-19,12,Grand Theft Auto VI,ZA
2026-07-26,8,Grand Theft Auto VI,ZA
2026-08-02,20,Grand Theft Auto VI,ZA
2026-08-09,21,Grand Theft Auto VI,ZA
2026-08-16,31,Grand Theft Auto VI,ZA
2026-08-23,60,Grand Theft Auto VI,ZA
2026-08-30,48,Grand Theft Auto VI,ZA
2026-09-06,32,Grand Theft Auto VI,ZA
2023-01-01,0,Grand Theft Auto VI,SA
2023-01-08,0,Grand Theft Auto VI,SA
2023-01-15,0,Grand Theft Auto VI,SA
2023-01-22,0,Grand Theft Auto VI,SA
2023-01-29,0,Grand Theft Auto VI,SA
2023-02-05,0,Grand Theft Auto VI,SA
2023-02-12,0,Grand Theft Auto VI,SA
2023-02-19,0,Grand Theft Auto VI,SA
2023-02-26,0,Grand Theft Auto VI,SA
2023-03-05,0,Grand Theft Auto VI,SA
2023-03-12,0,Grand Theft Auto VI,SA
2023-03-19,0,Grand Theft Auto VI,SA
2023-03-26,0,Grand Theft Auto VI,SA
2023-04-02,0,Grand Theft Auto VI,SA
2023-04-09,0,Grand Theft Auto VI,SA
2023-04-16,0,Grand Theft Auto VI,SA
2023-04-23,0,Grand Theft Auto VI,SA
2023-04-30,0,Grand Theft Auto VI,SA
2023-05-07,0,Grand Theft Auto VI,SA
2023-05-14,0,Grand Theft Auto VI,SA
2023-05-21,0,Grand Theft Auto VI,SA
2023-05-28,0,Grand Theft Auto VI,SA
2023-06-04,0,Grand Theft Auto VI,SA
2023-06-11,0,Grand Theft Auto VI,SA
2023-06-18,0,Grand Theft Auto VI,SA
2023-06-25,0,Grand Theft Auto VI,SA
2023-07-02,0,Grand Theft Auto VI,SA
2023-07-09,0,Grand Theft Auto VI,SA
2023-07-16,0,Grand Theft Auto VI,SA
2023-07-23,0,Grand Theft Auto VI,SA
2023-07-30,0,Grand Theft Auto VI,SA
2023-08-06,0,Grand Theft Auto VI,SA
2023-08-13,0,Grand Theft Auto VI,SA
2023-08-20,0,Grand Theft Auto VI,SA
2023-08-27,0,Grand Theft Auto VI,SA
2023-09-03,0,Grand Theft Auto VI,SA
2023-09-10,0,Grand Theft Auto VI,SA
2023-09-17,0,Grand Theft Auto VI,SA
2023-09-24,0,Grand Theft Auto VI,SA
2023-10-01,0,Grand Theft Auto VI,SA
2023-10-08,0,Grand Theft Auto VI,SA
2023-10-15,0,Grand Theft Auto VI,SA
2023-10-22,0,Grand Theft Auto VI,SA
2023-10-29,0,Grand Theft Auto VI,SA
2023-11-05,0,Grand Theft Auto VI,SA
2023-11-12,0,Grand Theft Auto VI,SA
2023-11-19,0,Grand Theft Auto VI,SA
2023-11-26,0,Grand Theft Auto VI,SA
2023-12-03,0,Grand Theft Auto VI,SA
2023-12-10,0,Grand Theft Auto VI,SA
2023-12-17,0,Grand Theft Auto VI,SA
2023-12-24,0,Grand Theft Auto VI,SA
2023-12-31,0,Grand Theft Auto VI,SA
2024-01-07,0,Grand Theft Auto VI,SA
2024-01-14,0,Grand Theft Auto VI,SA
2024-01-21,0,Grand Theft Auto VI,SA
2024-01-28,0,Grand Theft Auto VI,SA
2024-02-04,0,Grand Theft Auto VI,SA
2024-02-11,0,Grand Theft Auto VI,SA
2024-02-18,0,Grand Theft Auto VI,SA
2024-02-25,0,Grand Theft Auto VI,SA
2024-03-03,0,Grand Theft Auto VI,SA
2024-03-10,0,Grand Theft Auto VI,SA
2024-03-17,0,Grand Theft Auto VI,SA
2024-03-24,0,Grand Theft Auto VI,SA
2024-03-31,0,Grand Theft Auto VI,SA
2024-04-07,0,Grand Theft Auto VI,SA
2024-04-14,0,Grand Theft Auto VI,SA
2024-04-21,0,Grand Theft Auto VI,SA
2024-04-28,0,Grand Theft Auto VI,SA
2024-05-05,0,Grand Theft Auto VI,SA
2024-05-12,0,Grand Theft Auto VI,SA
2024-05-19,0,Grand Theft Auto VI,SA
2024-05-26,0,Grand Theft Auto VI,SA
2024-06-02,0,Grand Theft Auto VI,SA
2024-06-09,0,Grand Theft Auto VI,SA
2024-06-16,0,Grand Theft Auto VI,SA
2024-06-23,0,Grand Theft Auto VI,SA
2024-06-30,0,Grand Theft Auto VI,SA
2024-07-07,0,Grand Theft Auto VI,SA
2024-07-14,0,Grand Theft Auto VI,SA
2024-07-21,0,Grand Theft Auto VI,SA
2024-07-28,0,Grand Theft Auto VI,SA
2024-08-04,0,Grand Theft Auto VI,SA
2024-08-11,0,Grand Theft Auto VI,SA
2024-08-18,0,Grand Theft Auto VI,SA
2024-08-25,0,Grand Theft Auto VI,SA
2024-09-01,0,Grand Theft Auto VI,SA
2024-09-08,0,Grand Theft Auto VI,SA
2024-09-15,0,Grand Theft Auto VI,SA
2024-09-22,0,Grand Theft Auto VI,SA
2024-09-29,0,Grand Theft Auto VI,SA
2024-10-06,0,Grand Theft Auto VI,SA
2024-10-13,0,Grand Theft Auto VI,SA
2024-10-20,0,Grand Theft Auto VI,SA
2024-10-27,0,Grand Theft Auto VI,SA
2024-11-03,0,Grand Theft Auto VI,SA
2024-11-10,0,Grand Theft Auto VI,SA
2024-11-17,9,Grand Theft Auto VI,SA
2024-11-24,0,Grand Theft Auto VI,SA
2024-12-01,0,Grand Theft Auto VI,SA
2024-12-08,0,Grand Theft Auto VI,SA
2024-12-15,0,Grand Theft Auto VI,SA
2024-12-22,0,Grand Theft Auto VI,SA
2024-12-29,0,Grand Theft Auto VI,SA
2025-01-05,0,Grand Theft Auto VI,SA
2025-01-12,0,Grand Theft Auto VI,SA
2025-01-19,0,Grand Theft Auto VI,SA
2025-01-26,0,Grand Theft Auto VI,SA
2025-02-02,0,Grand Theft Auto VI,SA
2025-02-09,0,Grand Theft Auto VI,SA
2025-02-16,0,Grand Theft Auto VI,SA
2025-02-23,0,Grand Theft Auto VI,SA
2025-03-02,0,Grand Theft Auto VI,SA
2025-03-09,0,Grand Theft Auto VI,SA
2025-03-16,0,Grand Theft Auto VI,SA
2025-03-23,0,Grand Theft Auto VI,SA
2025-03-30,0,Grand Theft Auto VI,SA
2025-04-06,0,Grand Theft Auto VI,SA
2025-04-13,0,Grand Theft Auto VI,SA
2025-04-20,0,Grand Theft Auto VI,SA
2025-04-27,0,Grand Theft Auto VI,SA
2025-05-04,21,Grand Theft Auto VI,SA
2025-05-11,0,Grand Theft Auto VI,SA
2025-05-18,0,Grand Theft Auto VI,SA
2025-05-25,0,Grand Theft Auto VI,SA
2025-06-01,0,Grand Theft Auto VI,SA
2025-06-08,0,Grand Theft Auto VI,SA
2025-06-15,0,Grand Theft Auto VI,SA
2025-06-22,0,Grand Theft Auto VI,SA
2025-06-29,0,Grand Theft Auto VI,SA
2025-07-06,0,Grand Theft Auto VI,SA
2025-07-13,0,Grand Theft Auto VI,SA
2025-07-20,0,Grand Theft Auto VI,SA
2025-07-27,0,Grand Theft Auto VI,SA
2025-08-03,0,Grand Theft Auto VI,SA
2025-08-10,0,Grand Theft Auto VI,SA
2025-08-17,0,Grand Theft Auto VI,SA
2025-08-24,0,Grand Theft Auto VI,SA
2025-08-31,0,Grand Theft Auto VI,SA
2025-09-07,0,Grand Theft Auto VI,SA
2025-09-14,0,Grand Theft Auto VI,SA
2025-09-21,0,Grand Theft Auto VI,SA
2025-09-28,0,Grand Theft Auto VI,SA
2025-10-05,0,Grand Theft Auto VI,SA
2025-10-12,0,Grand Theft Auto VI,SA
2025-10-19,0,Grand Theft Auto VI,SA
2025-10-26,0,Grand Theft Auto VI,SA
2025-11-02,0,Grand Theft Auto VI,SA
2025-11-09,0,Grand Theft Auto VI,SA
2025-11-16,0,Grand Theft Auto VI,SA
2025-11-23,0,Grand Theft Auto VI,SA
2025-11-30,0,Grand Theft Auto VI,SA
2025-12-07,0,Grand Theft Auto VI,SA
2025-12-14,0,Grand Theft Auto VI,SA
2025-12-21,0,Grand Theft Auto VI,SA
2025-12-28,0,Grand Theft Auto VI,SA
2026-01-04,0,Grand Theft Auto VI,SA
2026-01-11,0,Grand Theft Auto VI,SA
2026-01-18,0,Grand Theft Auto VI,SA
2026-01-25,0,Grand Theft Auto VI,SA
2026-02-01,0,Grand Theft Auto VI,SA
2026-02-08,0,Grand Theft Auto VI,SA
2026-02-15,0,Grand Theft Auto VI,SA
2026-02-22,0,Grand Theft Auto VI,SA
2026-03-01,0,Grand Theft Auto VI,SA
2026-03-08,0,Grand Theft Auto VI,SA
2026-03-15,0,Grand Theft Auto VI,SA
2026-03-22,0,Grand Theft Auto VI,SA
2026-03-29,0,Grand Theft Auto VI,SA
2026-04-05,9,Grand Theft Auto VI,SA
2026-04-12,0,Grand Theft Auto VI,SA
2026-04-19,0,Grand Theft Auto VI,SA
2026-04-26,0,Grand Theft Auto VI,SA
2026-05-03,0,Grand Theft Auto VI,SA
2026-05-10,9,Grand Theft Auto VI,SA
2026-05-17,11,Grand Theft Auto VI,SA
2026-05-24,12,Grand Theft Auto VI,SA
2026-05-31,0,Grand Theft Auto VI,SA
2026-06-07,0,Grand Theft Auto VI,SA
2026-06-14,30,Grand Theft Auto VI,SA
2026-06-21,100,Grand Theft Auto VI,SA
2026-06-28,20,Grand Theft Auto VI,SA
2026-07-05,0,Grand Theft Auto VI,SA
2026-07-12,11,Grand Theft Auto VI,SA
2026-07-19,0,Grand Theft Auto VI,SA
2026-07-26,20,Grand Theft Auto VI,SA
2026-08-02,10,Grand Theft Auto VI,SA
2026-08-09,10,Grand Theft Auto VI,SA
2026-08-16,23,Grand Theft Auto VI,SA
2026-08-23,28,Grand Theft Auto VI,SA
2026-08-30,20,Grand Theft Auto VI,SA
2026-09-06,12,Grand Theft Auto VI,SA
2023-01-01,0,Grand Theft Auto VI,TH
2023-01-08,0,Grand Theft Auto VI,TH
2023-01-15,0,Grand Theft Auto VI,TH
2023-01-22,0,Grand Theft Auto VI,TH
2023-01-29,0,Grand Theft Auto VI,TH
2023-02-05,0,Grand Theft Auto VI,TH
2023-02-12,0,Grand Theft Auto VI,TH
2023-02-19,0,Grand Theft Auto VI,TH
2023-02-26,0,Grand Theft Auto VI,TH
2023-03-05,0,Grand Theft Auto VI,TH
2023-03-12,0,Grand Theft Auto VI,TH
2023-03-19,0,Grand Theft Auto VI,TH
2023-03-26,0,Grand Theft Auto VI,TH
2023-04-02,0,Grand Theft Auto VI,TH
2023-04-09,0,Grand Theft Auto VI,TH
2023-04-16,0,Grand Theft Auto VI,TH
2023-04-23,0,Grand Theft Auto VI,TH
2023-04-30,0,Grand Theft Auto VI,TH
2023-05-07,0,Grand Theft Auto VI,TH
2023-05-14,0,Grand Theft Auto VI,TH
2023-05-21,0,Grand Theft Auto VI,TH
2023-05-28,0,Grand Theft Auto VI,TH
2023-06-04,0,Grand Theft Auto VI,TH
2023-06-11,0,Grand Theft Auto VI,TH
2023-06-18,0,Grand Theft Auto VI,TH
2023-06-25,0,Grand Theft Auto VI,TH
2023-07-02,0,Grand Theft Auto VI,TH
2023-07-09,0,Grand Theft Auto VI,TH
2023-07-16,0,Grand Theft Auto VI,TH
2023-07-23,0,Grand Theft Auto VI,TH
2023-07-30,0,Grand Theft Auto VI,TH
2023-08-06,0,Grand Theft Auto VI,TH
2023-08-13,0,Grand Theft Auto VI,TH
2023-08-20,0,Grand Theft Auto VI,TH
2023-08-27,0,Grand Theft Auto VI,TH
2023-09-03,0,Grand Theft Auto VI,TH
2023-09-10,0,Grand Theft Auto VI,TH
2023-09-17,0,Grand Theft Auto VI,TH
2023-09-24,0,Grand Theft Auto VI,TH
2023-10-01,0,Grand Theft Auto VI,TH
2023-10-08,0,Grand Theft Auto VI,TH
2023-10-15,0,Grand Theft Auto VI,TH
2023-10-22,0,Grand Theft Auto VI,TH
2023-10-29,0,Grand Theft Auto VI,TH
2023-11-05,0,Grand Theft Auto VI,TH
2023-11-12,0,Grand Theft Auto VI,TH
2023-11-19,0,Grand Theft Auto VI,TH
2023-11-26,0,Grand Theft Auto VI,TH
2023-12-03,100,Grand Theft Auto VI,TH
2023-12-10,0,Grand Theft Auto VI,TH
2023-12-17,0,Grand Theft Auto VI,TH
2023-12-24,0,Grand Theft Auto VI,TH
2023-12-31,0,Grand Theft Auto VI,TH
2024-01-07,0,Grand Theft Auto VI,TH
2024-01-14,0,Grand Theft Auto VI,TH
2024-01-21,0,Grand Theft Auto VI,TH
2024-01-28,0,Grand Theft Auto VI,TH
2024-02-04,0,Grand Theft Auto VI,TH
2024-02-11,0,Grand Theft Auto VI,TH
2024-02-18,0,Grand Theft Auto VI,TH
2024-02-25,0,Grand Theft Auto VI,TH
2024-03-03,0,Grand Theft Auto VI,TH
2024-03-10,0,Grand Theft Auto VI,TH
2024-03-17,0,Grand Theft Auto VI,TH
2024-03-24,0,Grand Theft Auto VI,TH
2024-03-31,0,Grand Theft Auto VI,TH
2024-04-07,0,Grand Theft Auto VI,TH
2024-04-14,0,Grand Theft Auto VI,TH
2024-04-21,0,Grand Theft Auto VI,TH
2024-04-28,0,Grand Theft Auto VI,TH
2024-05-05,0,Grand Theft Auto VI,TH
2024-05-12,0,Grand Theft Auto VI,TH
2024-05-19,0,Grand Theft Auto VI,TH
2024-05-26,0,Grand Theft Auto VI,TH
2024-06-02,0,Grand Theft Auto VI,TH
2024-06-09,0,Grand Theft Auto VI,TH
2024-06-16,0,Grand Theft Auto VI,TH
2024-06-23,0,Grand Theft Auto VI,TH
2024-06-30,0,Grand Theft Auto VI,TH
2024-07-07,0,Grand Theft Auto VI,TH
2024-07-14,0,Grand Theft Auto VI,TH
2024-07-21,0,Grand Theft Auto VI,TH
2024-07-28,0,Grand Theft Auto VI,TH
2024-08-04,0,Grand Theft Auto VI,TH
2024-08-11,0,Grand Theft Auto VI,TH
2024-08-18,0,Grand Theft Auto VI,TH
2024-08-25,0,Grand Theft Auto VI,TH
2024-09-01,0,Grand Theft Auto VI,TH
2024-09-08,0,Grand Theft Auto VI,TH
2024-09-15,0,Grand Theft Auto VI,TH
2024-09-22,0,Grand Theft Auto VI,TH
2024-09-29,0,Grand Theft Auto VI,TH
2024-10-06,0,Grand Theft Auto VI,TH
2024-10-13,0,Grand Theft Auto VI,TH
2024-10-20,0,Grand Theft Auto VI,TH
2024-10-27,0,Grand Theft Auto VI,TH
2024-11-03,0,Grand Theft Auto VI,TH
2024-11-10,0,Grand Theft Auto VI,TH
2024-11-17,0,Grand Theft Auto VI,TH
2024-11-24,0,Grand Theft Auto VI,TH
2024-12-01,0,Grand Theft Auto VI,TH
2024-12-08,0,Grand Theft Auto VI,TH
2024-12-15,0,Grand Theft Auto VI,TH
2024-12-22,0,Grand Theft Auto VI,TH
2024-12-29,0,Grand Theft Auto VI,TH
2025-01-05,0,Grand Theft Auto VI,TH
2025-01-12,0,Grand Theft Auto VI,TH
2025-01-19,0,Grand Theft Auto VI,TH
2025-01-26,0,Grand Theft Auto VI,TH
2025-02-02,0,Grand Theft Auto VI,TH
2025-02-09,0,Grand Theft Auto VI,TH
2025-02-16,0,Grand Theft Auto VI,TH
2025-02-23,0,Grand Theft Auto VI,TH
2025-03-02,0,Grand Theft Auto VI,TH
2025-03-09,0,Grand Theft Auto VI,TH
2025-03-16,0,Grand Theft Auto VI,TH
2025-03-23,0,Grand Theft Auto VI,TH
2025-03-30,0,Grand Theft Auto VI,TH
2025-04-06,0,Grand Theft Auto VI,TH
2025-04-13,0,Grand Theft Auto VI,TH
2025-04-20,0,Grand Theft Auto VI,TH
2025-04-27,0,Grand Theft Auto VI,TH
2025-05-04,14,Grand Theft Auto VI,TH
2025-05-11,0,Grand Theft Auto VI,TH
2025-05-18,0,Grand Theft Auto VI,TH
2025-05-25,0,Grand Theft Auto VI,TH
2025-06-01,0,Grand Theft Auto VI,TH
2025-06-08,0,Grand Theft Auto VI,TH
2025-06-15,0,Grand Theft Auto VI,TH
2025-06-22,0,Grand Theft Auto VI,TH
2025-06-29,0,Grand Theft Auto VI,TH
2025-07-06,0,Grand Theft Auto VI,TH
2025-07-13,0,Grand Theft Auto VI,TH
2025-07-20,0,Grand Theft Auto VI,TH
2025-07-27,0,Grand Theft Auto VI,TH
2025-08-03,0,Grand Theft Auto VI,TH
2025-08-10,0,Grand Theft Auto VI,TH
2025-08-17,0,Grand Theft Auto VI,TH
2025-08-24,0,Grand Theft Auto VI,TH
2025-08-31,0,Grand Theft Auto VI,TH
2025-09-07,0,Grand Theft Auto VI,TH
2025-09-14,0,Grand Theft Auto VI,TH
2025-09-21,0,Grand Theft Auto VI,TH
2025-09-28,0,Grand Theft Auto VI,TH
2025-10-05,0,Grand Theft Auto VI,TH
2025-10-12,0,Grand Theft Auto VI,TH
2025-10-19,0,Grand Theft Auto VI,TH
2025-10-26,0,Grand Theft Auto VI,TH
2025-11-02,0,Grand Theft Auto VI,TH
2025-11-09,0,Grand Theft Auto VI,TH
2025-11-16,0,Grand Theft Auto VI,TH
2025-11-23,0,Grand Theft Auto VI,TH
2025-11-30,0,Grand Theft Auto VI,TH
2025-12-07,0,Grand Theft Auto VI,TH
2025-12-14,0,Grand Theft Auto VI,TH
2025-12-21,0,Grand Theft Auto VI,TH
2025-12-28,0,Grand Theft Auto VI,TH
2026-01-04,0,Grand Theft Auto VI,TH
2026-01-11,0,Grand Theft Auto VI,TH
2026-01-18,0,Grand Theft Auto VI,TH
2026-01-25,0,Grand Theft Auto VI,TH
2026-02-01,0,Grand Theft Auto VI,TH
2026-02-08,0,Grand Theft Auto VI,TH
2026-02-15,0,Grand Theft Auto VI,TH
2026-02-22,0,Grand Theft Auto VI,TH
2026-03-01,0,Grand Theft Auto VI,TH
2026-03-08,0,Grand Theft Auto VI,TH
2026-03-15,0,Grand Theft Auto VI,TH
2026-03-22,0,Grand Theft Auto VI,TH
2026-03-29,0,Grand Theft Auto VI,TH
2026-04-05,0,Grand Theft Auto VI,TH
2026-04-12,0,Grand Theft Auto VI,TH
2026-04-19,0,Grand Theft Auto VI,TH
2026-04-26,0,Grand Theft Auto VI,TH
2026-05-03,0,Grand Theft Auto VI,TH
2026-05-10,0,Grand Theft Auto VI,TH
2026-05-17,0,Grand Theft Auto VI,TH
2026-05-24,0,Grand Theft Auto VI,TH
2026-05-31,0,Grand Theft Auto VI,TH
2026-06-07,0,Grand Theft Auto VI,TH
2026-06-14,36,Grand Theft Auto VI,TH
2026-06-21,82,Grand Theft Auto VI,TH
2026-06-28,19,Grand Theft Auto VI,TH
2026-07-05,0,Grand Theft Auto VI,TH
2026-07-12,0,Grand Theft Auto VI,TH
2026-07-19,0,Grand Theft Auto VI,TH
2026-07-26,15,Grand Theft Auto VI,TH
2026-08-02,0,Grand Theft Auto VI,TH
2026-08-09,0,Grand Theft Auto VI,TH
2026-08-16,13,Grand Theft Auto VI,TH
2026-08-23,27,Grand Theft Auto VI,TH
2026-08-30,20,Grand Theft Auto VI,TH
2026-09-06,14,Grand Theft Auto VI,TH
2023-01-01,0,Grand Theft Auto VI,VN
2023-01-08,0,Grand Theft Auto VI,VN
2023-01-15,0,Grand Theft Auto VI,VN
2023-01-22,0,Grand Theft Auto VI,VN
2023-01-29,0,Grand Theft Auto VI,VN
2023-02-05,0,Grand Theft Auto VI,VN
2023-02-12,0,Grand Theft Auto VI,VN
2023-02-19,0,Grand Theft Auto VI,VN
2023-02-26,0,Grand Theft Auto VI,VN
2023-03-05,0,Grand Theft Auto VI,VN
2023-03-12,0,Grand Theft Auto VI,VN
2023-03-19,0,Grand Theft Auto VI,VN
2023-03-26,0,Grand Theft Auto VI,VN
2023-04-02,0,Grand Theft Auto VI,VN
2023-04-09,0,Grand Theft Auto VI,VN
2023-04-16,0,Grand Theft Auto VI,VN
2023-04-23,0,Grand Theft Auto VI,VN
2023-04-30,0,Grand Theft Auto VI,VN
2023-05-07,0,Grand Theft Auto VI,VN
2023-05-14,0,Grand Theft Auto VI,VN
2023-05-21,0,Grand Theft Auto VI,VN
2023-05-28,0,Grand Theft Auto VI,VN
2023-06-04,0,Grand Theft Auto VI,VN
2023-06-11,0,Grand Theft Auto VI,VN
2023-06-18,0,Grand Theft Auto VI,VN
2023-06-25,0,Grand Theft Auto VI,VN
2023-07-02,0,Grand Theft Auto VI,VN
2023-07-09,0,Grand Theft Auto VI,VN
2023-07-16,0,Grand Theft Auto VI,VN
2023-07-23,0,Grand Theft Auto VI,VN
2023-07-30,0,Grand Theft Auto VI,VN
2023-08-06,0,Grand Theft Auto VI,VN
2023-08-13,0,Grand Theft Auto VI,VN
2023-08-20,0,Grand Theft Auto VI,VN
2023-08-27,0,Grand Theft Auto VI,VN
2023-09-03,0,Grand Theft Auto VI,VN
2023-09-10,0,Grand Theft Auto VI,VN
2023-09-17,0,Grand Theft Auto VI,VN
2023-09-24,0,Grand Theft Auto VI,VN
2023-10-01,0,Grand Theft Auto VI,VN
2023-10-08,0,Grand Theft Auto VI,VN
2023-10-15,0,Grand Theft Auto VI,VN
2023-10-22,0,Grand Theft Auto VI,VN
2023-10-29,0,Grand Theft Auto VI,VN
2023-11-05,0,Grand Theft Auto VI,VN
2023-11-12,0,Grand Theft Auto VI,VN
2023-11-19,0,Grand Theft Auto VI,VN
2023-11-26,0,Grand Theft Auto VI,VN
2023-12-03,30,Grand Theft Auto VI,VN
2023-12-10,0,Grand Theft Auto VI,VN
2023-12-17,0,Grand Theft Auto VI,VN
2023-12-24,0,Grand Theft Auto VI,VN
2023-12-31,0,Grand Theft Auto VI,VN
2024-01-07,0,Grand Theft Auto VI,VN
2024-01-14,0,Grand Theft Auto VI,VN
2024-01-21,0,Grand Theft Auto VI,VN
2024-01-28,0,Grand Theft Auto VI,VN
2024-02-04,0,Grand Theft Auto VI,VN
2024-02-11,0,Grand Theft Auto VI,VN
2024-02-18,0,Grand Theft Auto VI,VN
2024-02-25,0,Grand Theft Auto VI,VN
2024-03-03,0,Grand Theft Auto VI,VN
2024-03-10,0,Grand Theft Auto VI,VN
2024-03-17,0,Grand Theft Auto VI,VN
2024-03-24,0,Grand Theft Auto VI,VN
2024-03-31,0,Grand Theft Auto VI,VN
2024-04-07,0,Grand Theft Auto VI,VN
2024-04-14,0,Grand Theft Auto VI,VN
2024-04-21,0,Grand Theft Auto VI,VN
2024-04-28,0,Grand Theft Auto VI,VN
2024-05-05,0,Grand Theft Auto VI,VN
2024-05-12,0,Grand Theft Auto VI,VN
2024-05-19,0,Grand Theft Auto VI,VN
2024-05-26,0,Grand Theft Auto VI,VN
2024-06-02,0,Grand Theft Auto VI,VN
2024-06-09,0,Grand Theft Auto VI,VN
2024-06-16,0,Grand Theft Auto VI,VN
2024-06-23,0,Grand Theft Auto VI,VN
2024-06-30,0,Grand Theft Auto VI,VN
2024-07-07,0,Grand Theft Auto VI,VN
2024-07-14,0,Grand Theft Auto VI,VN
2024-07-21,0,Grand Theft Auto VI,VN
2024-07-28,0,Grand Theft Auto VI,VN
2024-08-04,0,Grand Theft Auto VI,VN
2024-08-11,0,Grand Theft Auto VI,VN
2024-08-18,0,Grand Theft Auto VI,VN
2024-08-25,0,Grand Theft Auto VI,VN
2024-09-01,0,Grand Theft Auto VI,VN
2024-09-08,0,Grand Theft Auto VI,VN
2024-09-15,0,Grand Theft Auto VI,VN
2024-09-22,0,Grand Theft Auto VI,VN
2024-09-29,0,Grand Theft Auto VI,VN
2024-10-06,0,Grand Theft Auto VI,VN
2024-10-13,0,Grand Theft Auto VI,VN
2024-10-20,0,Grand Theft Auto VI,VN
2024-10-27,0,Grand Theft Auto VI,VN
2024-11-03,0,Grand Theft Auto VI,VN
2024-11-10,0,Grand Theft Auto VI,VN
2024-11-17,0,Grand Theft Auto VI,VN
2024-11-24,0,Grand Theft Auto VI,VN
2024-12-01,0,Grand Theft Auto VI,VN
2024-12-08,0,Grand Theft Auto VI,VN
2024-12-15,0,Grand Theft Auto VI,VN
2024-12-22,0,Grand Theft Auto VI,VN
2024-12-29,0,Grand Theft Auto VI,VN
2025-01-05,0,Grand Theft Auto VI,VN
2025-01-12,0,Grand Theft Auto VI,VN
2025-01-19,0,Grand Theft Auto VI,VN
2025-01-26,0,Grand Theft Auto VI,VN
2025-02-02,0,Grand Theft Auto VI,VN
2025-02-09,0,Grand Theft Auto VI,VN
2025-02-16,0,Grand Theft Auto VI,VN
2025-02-23,0,Grand Theft Auto VI,VN
2025-03-02,0,Grand Theft Auto VI,VN
2025-03-09,0,Grand Theft Auto VI,VN
2025-03-16,0,Grand Theft Auto VI,VN
2025-03-23,0,Grand Theft Auto VI,VN
2025-03-30,0,Grand Theft Auto VI,VN
2025-04-06,0,Grand Theft Auto VI,VN
2025-04-13,0,Grand Theft Auto VI,VN
2025-04-20,0,Grand Theft Auto VI,VN
2025-04-27,0,Grand Theft Auto VI,VN
2025-05-04,80,Grand Theft Auto VI,VN
2025-05-11,0,Grand Theft Auto VI,VN
2025-05-18,0,Grand Theft Auto VI,VN
2025-05-25,54,Grand Theft Auto VI,VN
2025-06-01,0,Grand Theft Auto VI,VN
2025-06-08,0,Grand Theft Auto VI,VN
2025-06-15,0,Grand Theft Auto VI,VN
2025-06-22,0,Grand Theft Auto VI,VN
2025-06-29,0,Grand Theft Auto VI,VN
2025-07-06,0,Grand Theft Auto VI,VN
2025-07-13,0,Grand Theft Auto VI,VN
2025-07-20,0,Grand Theft Auto VI,VN
2025-07-27,0,Grand Theft Auto VI,VN
2025-08-03,0,Grand Theft Auto VI,VN
2025-08-10,0,Grand Theft Auto VI,VN
2025-08-17,0,Grand Theft Auto VI,VN
2025-08-24,0,Grand Theft Auto VI,VN
2025-08-31,0,Grand Theft Auto VI,VN
2025-09-07,0,Grand Theft Auto VI,VN
2025-09-14,0,Grand Theft Auto VI,VN
2025-09-21,0,Grand Theft Auto VI,VN
2025-09-28,0,Grand Theft Auto VI,VN
2025-10-05,0,Grand Theft Auto VI,VN
2025-10-12,0,Grand Theft Auto VI,VN
2025-10-19,0,Grand Theft Auto VI,VN
2025-10-26,0,Grand Theft Auto VI,VN
2025-11-02,0,Grand Theft Auto VI,VN
2025-11-09,0,Grand Theft Auto VI,VN
2025-11-16,0,Grand Theft Auto VI,VN
2025-11-23,0,Grand Theft Auto VI,VN
2025-11-30,0,Grand Theft Auto VI,VN
2025-12-07,0,Grand Theft Auto VI,VN
2025-12-14,0,Grand Theft Auto VI,VN
2025-12-21,0,Grand Theft Auto VI,VN
2025-12-28,0,Grand Theft Auto VI,VN
2026-01-04,0,Grand Theft Auto VI,VN
2026-01-11,0,Grand Theft Auto VI,VN
2026-01-18,0,Grand Theft Auto VI,VN
2026-01-25,0,Grand Theft Auto VI,VN
2026-02-01,0,Grand Theft Auto VI,VN
2026-02-08,0,Grand Theft Auto VI,VN
2026-02-15,0,Grand Theft Auto VI,VN
2026-02-22,0,Grand Theft Auto VI,VN
2026-03-01,0,Grand Theft Auto VI,VN
2026-03-08,33,Grand Theft Auto VI,VN
2026-03-15,0,Grand Theft Auto VI,VN
2026-03-22,0,Grand Theft Auto VI,VN
2026-03-29,45,Grand Theft Auto VI,VN
2026-04-05,0,Grand Theft Auto VI,VN
2026-04-12,0,Grand Theft Auto VI,VN
2026-04-19,0,Grand Theft Auto VI,VN
2026-04-26,0,Grand Theft Auto VI,VN
2026-05-03,0,Grand Theft Auto VI,VN
2026-05-10,59,Grand Theft Auto VI,VN
2026-05-17,0,Grand Theft Auto VI,VN
2026-05-24,0,Grand Theft Auto VI,VN
2026-05-31,0,Grand Theft Auto VI,VN
2026-06-07,0,Grand Theft Auto VI,VN
2026-06-14,0,Grand Theft Auto VI,VN
2026-06-21,100,Grand Theft Auto VI,VN
2026-06-28,63,Grand Theft Auto VI,VN
2026-07-05,0,Grand Theft Auto VI,VN
2026-07-12,0,Grand Theft Auto VI,VN
2026-07-19,0,Grand Theft Auto VI,VN
2026-07-26,0,Grand Theft Auto VI,VN
2026-08-02,0,Grand Theft Auto VI,VN
2026-08-09,0,Grand Theft Auto VI,VN
2026-08-16,0,Grand Theft Auto VI,VN
2026-08-23,39,Grand Theft Auto VI,VN
2026-08-30,68,Grand Theft Auto VI,VN
2026-09-06,95,Grand Theft Auto VI,VN
2023-01-01,0,Grand Theft Auto VI,MY
2023-01-08,0,Grand Theft Auto VI,MY
2023-01-15,0,Grand Theft Auto VI,MY
2023-01-22,0,Grand Theft Auto VI,MY
2023-01-29,0,Grand Theft Auto VI,MY
2023-02-05,0,Grand Theft Auto VI,MY
2023-02-12,0,Grand Theft Auto VI,MY
2023-02-19,0,Grand Theft Auto VI,MY
2023-02-26,0,Grand Theft Auto VI,MY
2023-03-05,0,Grand Theft Auto VI,MY
2023-03-12,0,Grand Theft Auto VI,MY
2023-03-19,0,Grand Theft Auto VI,MY
2023-03-26,0,Grand Theft Auto VI,MY
2023-04-02,0,Grand Theft Auto VI,MY
2023-04-09,0,Grand Theft Auto VI,MY
2023-04-16,0,Grand Theft Auto VI,MY
2023-04-23,0,Grand Theft Auto VI,MY
2023-04-30,0,Grand Theft Auto VI,MY
2023-05-07,0,Grand Theft Auto VI,MY
2023-05-14,0,Grand Theft Auto VI,MY
2023-05-21,0,Grand Theft Auto VI,MY
2023-05-28,0,Grand Theft Auto VI,MY
2023-06-04,0,Grand Theft Auto VI,MY
2023-06-11,0,Grand Theft Auto VI,MY
2023-06-18,0,Grand Theft Auto VI,MY
2023-06-25,0,Grand Theft Auto VI,MY
2023-07-02,0,Grand Theft Auto VI,MY
2023-07-09,0,Grand Theft Auto VI,MY
2023-07-16,0,Grand Theft Auto VI,MY
2023-07-23,0,Grand Theft Auto VI,MY
2023-07-30,0,Grand Theft Auto VI,MY
2023-08-06,0,Grand Theft Auto VI,MY
2023-08-13,0,Grand Theft Auto VI,MY
2023-08-20,0,Grand Theft Auto VI,MY
2023-08-27,0,Grand Theft Auto VI,MY
2023-09-03,0,Grand Theft Auto VI,MY
2023-09-10,19,Grand Theft Auto VI,MY
2023-09-17,0,Grand Theft Auto VI,MY
2023-09-24,0,Grand Theft Auto VI,MY
2023-10-01,0,Grand Theft Auto VI,MY
2023-10-08,0,Grand Theft Auto VI,MY
2023-10-15,0,Grand Theft Auto VI,MY
2023-10-22,0,Grand Theft Auto VI,MY
2023-10-29,0,Grand Theft Auto VI,MY
2023-11-05,0,Grand Theft Auto VI,MY
2023-11-12,0,Grand Theft Auto VI,MY
2023-11-19,0,Grand Theft Auto VI,MY
2023-11-26,0,Grand Theft Auto VI,MY
2023-12-03,0,Grand Theft Auto VI,MY
2023-12-10,0,Grand Theft Auto VI,MY
2023-12-17,0,Grand Theft Auto VI,MY
2023-12-24,0,Grand Theft Auto VI,MY
2023-12-31,0,Grand Theft Auto VI,MY
2024-01-07,0,Grand Theft Auto VI,MY
2024-01-14,0,Grand Theft Auto VI,MY
2024-01-21,0,Grand Theft Auto VI,MY
2024-01-28,0,Grand Theft Auto VI,MY
2024-02-04,0,Grand Theft Auto VI,MY
2024-02-11,0,Grand Theft Auto VI,MY
2024-02-18,0,Grand Theft Auto VI,MY
2024-02-25,0,Grand Theft Auto VI,MY
2024-03-03,0,Grand Theft Auto VI,MY
2024-03-10,0,Grand Theft Auto VI,MY
2024-03-17,0,Grand Theft Auto VI,MY
2024-03-24,0,Grand Theft Auto VI,MY
2024-03-31,0,Grand Theft Auto VI,MY
2024-04-07,0,Grand Theft Auto VI,MY
2024-04-14,0,Grand Theft Auto VI,MY
2024-04-21,0,Grand Theft Auto VI,MY
2024-04-28,0,Grand Theft Auto VI,MY
2024-05-05,0,Grand Theft Auto VI,MY
2024-05-12,0,Grand Theft Auto VI,MY
2024-05-19,0,Grand Theft Auto VI,MY
2024-05-26,0,Grand Theft Auto VI,MY
2024-06-02,0,Grand Theft Auto VI,MY
2024-06-09,0,Grand Theft Auto VI,MY
2024-06-16,0,Grand Theft Auto VI,MY
2024-06-23,0,Grand Theft Auto VI,MY
2024-06-30,0,Grand Theft Auto VI,MY
2024-07-07,0,Grand Theft Auto VI,MY
2024-07-14,0,Grand Theft Auto VI,MY
2024-07-21,0,Grand Theft Auto VI,MY
2024-07-28,0,Grand Theft Auto VI,MY
2024-08-04,0,Grand Theft Auto VI,MY
2024-08-11,0,Grand Theft Auto VI,MY
2024-08-18,0,Grand Theft Auto VI,MY
2024-08-25,0,Grand Theft Auto VI,MY
2024-09-01,0,Grand Theft Auto VI,MY
2024-09-08,0,Grand Theft Auto VI,MY
2024-09-15,0,Grand Theft Auto VI,MY
2024-09-22,0,Grand Theft Auto VI,MY
2024-09-29,0,Grand Theft Auto VI,MY
2024-10-06,0,Grand Theft Auto VI,MY
2024-10-13,0,Grand Theft Auto VI,MY
2024-10-20,0,Grand Theft Auto VI,MY
2024-10-27,0,Grand Theft Auto VI,MY
2024-11-03,0,Grand Theft Auto VI,MY
2024-11-10,0,Grand Theft Auto VI,MY
2024-11-17,0,Grand Theft Auto VI,MY
2024-11-24,0,Grand Theft Auto VI,MY
2024-12-01,0,Grand Theft Auto VI,MY
2024-12-08,0,Grand Theft Auto VI,MY
2024-12-15,0,Grand Theft Auto VI,MY
2024-12-22,0,Grand Theft Auto VI,MY
2024-12-29,0,Grand Theft Auto VI,MY
2025-01-05,0,Grand Theft Auto VI,MY
2025-01-12,0,Grand Theft Auto VI,MY
2025-01-19,26,Grand Theft Auto VI,MY
2025-01-26,0,Grand Theft Auto VI,MY
2025-02-02,0,Grand Theft Auto VI,MY
2025-02-09,0,Grand Theft Auto VI,MY
2025-02-16,0,Grand Theft Auto VI,MY
2025-02-23,0,Grand Theft Auto VI,MY
2025-03-02,0,Grand Theft Auto VI,MY
2025-03-09,0,Grand Theft Auto VI,MY
2025-03-16,0,Grand Theft Auto VI,MY
2025-03-23,0,Grand Theft Auto VI,MY
2025-03-30,0,Grand Theft Auto VI,MY
2025-04-06,0,Grand Theft Auto VI,MY
2025-04-13,0,Grand Theft Auto VI,MY
2025-04-20,0,Grand Theft Auto VI,MY
2025-04-27,0,Grand Theft Auto VI,MY
2025-05-04,33,Grand Theft Auto VI,MY
2025-05-11,0,Grand Theft Auto VI,MY
2025-05-18,0,Grand Theft Auto VI,MY
2025-05-25,0,Grand Theft Auto VI,MY
2025-06-01,0,Grand Theft Auto VI,MY
2025-06-08,0,Grand Theft Auto VI,MY
2025-06-15,0,Grand Theft Auto VI,MY
2025-06-22,0,Grand Theft Auto VI,MY
2025-06-29,0,Grand Theft Auto VI,MY
2025-07-06,0,Grand Theft Auto VI,MY
2025-07-13,0,Grand Theft Auto VI,MY
2025-07-20,0,Grand Theft Auto VI,MY
2025-07-27,0,Grand Theft Auto VI,MY
2025-08-03,0,Grand Theft Auto VI,MY
2025-08-10,0,Grand Theft Auto VI,MY
2025-08-17,0,Grand Theft Auto VI,MY
2025-08-24,25,Grand Theft Auto VI,MY
2025-08-31,0,Grand Theft Auto VI,MY
2025-09-07,0,Grand Theft Auto VI,MY
2025-09-14,0,Grand Theft Auto VI,MY
2025-09-21,0,Grand Theft Auto VI,MY
2025-09-28,0,Grand Theft Auto VI,MY
2025-10-05,0,Grand Theft Auto VI,MY
2025-10-12,0,Grand Theft Auto VI,MY
2025-10-19,0,Grand Theft Auto VI,MY
2025-10-26,0,Grand Theft Auto VI,MY
2025-11-02,0,Grand Theft Auto VI,MY
2025-11-09,0,Grand Theft Auto VI,MY
2025-11-16,0,Grand Theft Auto VI,MY
2025-11-23,0,Grand Theft Auto VI,MY
2025-11-30,0,Grand Theft Auto VI,MY
2025-12-07,0,Grand Theft Auto VI,MY
2025-12-14,0,Grand Theft Auto VI,MY
2025-12-21,0,Grand Theft Auto VI,MY
2025-12-28,0,Grand Theft Auto VI,MY
2026-01-04,0,Grand Theft Auto VI,MY
2026-01-11,0,Grand Theft Auto VI,MY
2026-01-18,0,Grand Theft Auto VI,MY
2026-01-25,0,Grand Theft Auto VI,MY
2026-02-01,43,Grand Theft Auto VI,MY
2026-02-08,0,Grand Theft Auto VI,MY
2026-02-15,0,Grand Theft Auto VI,MY
2026-02-22,0,Grand Theft Auto VI,MY
2026-03-01,0,Grand Theft Auto VI,MY
2026-03-08,0,Grand Theft Auto VI,MY
2026-03-15,0,Grand Theft Auto VI,MY
2026-03-22,0,Grand Theft Auto VI,MY
2026-03-29,0,Grand Theft Auto VI,MY
2026-04-05,0,Grand Theft Auto VI,MY
2026-04-12,0,Grand Theft Auto VI,MY
2026-04-19,0,Grand Theft Auto VI,MY
2026-04-26,0,Grand Theft Auto VI,MY
2026-05-03,0,Grand Theft Auto VI,MY
2026-05-10,23,Grand Theft Auto VI,MY
2026-05-17,0,Grand Theft Auto VI,MY
2026-05-24,0,Grand Theft Auto VI,MY
2026-05-31,0,Grand Theft Auto VI,MY
2026-06-07,0,Grand Theft Auto VI,MY
2026-06-14,42,Grand Theft Auto VI,MY
2026-06-21,100,Grand Theft Auto VI,MY
2026-06-28,27,Grand Theft Auto VI,MY
2026-07-05,0,Grand Theft Auto VI,MY
2026-07-12,0,Grand Theft Auto VI,MY
2026-07-19,0,Grand Theft Auto VI,MY
2026-07-26,0,Grand Theft Auto VI,MY
2026-08-02,37,Grand Theft Auto VI,MY
2026-08-09,0,Grand Theft Auto VI,MY
2026-08-16,49,Grand Theft Auto VI,MY
2026-08-23,60,Grand Theft Auto VI,MY
2026-08-30,44,Grand Theft Auto VI,MY
2026-09-06,43,Grand Theft Auto VI,MY
2023-01-01 00:00:00,0,Grand Theft Auto VI,SG
2023-01-08 00:00:00,0,Grand Theft Auto VI,SG
2023-01-15 00:00:00,0,Grand Theft Auto VI,SG
2023-01-22 00:00:00,0,Grand Theft Auto VI,SG
2023-01-29 00:00:00,0,Grand Theft Auto VI,SG
2023-02-05 00:00:00,0,Grand Theft Auto VI,SG
2023-02-12 00:00:00,0,Grand Theft Auto VI,SG
2023-02-19 00:00:00,0,Grand Theft Auto VI,SG
2023-02-26 00:00:00,0,Grand Theft Auto VI,SG
2023-03-05 00:00:00,0,Grand Theft Auto VI,SG
2023-03-12 00:00:00,0,Grand Theft Auto VI,SG
2023-03-19 00:00:00,0,Grand Theft Auto VI,SG
2023-03-26 00:00:00,0,Grand Theft Auto VI,SG
2023-04-02 00:00:00,0,Grand Theft Auto VI,SG
2023-04-09 00:00:00,0,Grand Theft Auto VI,SG
2023-04-16 00:00:00,0,Grand Theft Auto VI,SG
2023-04-23 00:00:00,0,Grand Theft Auto VI,SG
2023-04-30 00:00:00,0,Grand Theft Auto VI,SG
2023-05-07 00:00:00,0,Grand Theft Auto VI,SG
2023-05-14 00:00:00,0,Grand Theft Auto VI,SG
2023-05-21 00:00:00,0,Grand Theft Auto VI,SG
2023-05-28 00:00:00,0,Grand Theft Auto VI,SG
2023-06-04 00:00:00,0,Grand Theft Auto VI,SG
2023-06-11 00:00:00,0,Grand Theft Auto VI,SG
2023-06-18 00:00:00,0,Grand Theft Auto VI,SG
2023-06-25 00:00:00,0,Grand Theft Auto VI,SG
2023-07-02 00:00:00,0,Grand Theft Auto VI,SG
2023-07-09 00:00:00,0,Grand Theft Auto VI,SG
2023-07-16 00:00:00,0,Grand Theft Auto VI,SG
2023-07-23 00:00:00,0,Grand Theft Auto VI,SG
2023-07-30 00:00:00,0,Grand Theft Auto VI,SG
2023-08-06 00:00:00,0,Grand Theft Auto VI,SG
2023-08-13 00:00:00,0,Grand Theft Auto VI,SG
2023-08-20 00:00:00,0,Grand Theft Auto VI,SG
2023-08-27 00:00:00,0,Grand Theft Auto VI,SG
2023-09-03 00:00:00,0,Grand Theft Auto VI,SG
2023-09-10 00:00:00,0,Grand Theft Auto VI,SG
2023-09-17 00:00:00,0,Grand Theft Auto VI,SG
2023-09-24 00:00:00,0,Grand Theft Auto VI,SG
2023-10-01 00:00:00,0,Grand Theft Auto VI,SG
2023-10-08 00:00:00,0,Grand Theft Auto VI,SG
2023-10-15 00:00:00,0,Grand Theft Auto VI,SG
2023-10-22 00:00:00,0,Grand Theft Auto VI,SG
2023-10-29 00:00:00,23,Grand Theft Auto VI,SG
2023-11-05 00:00:00,0,Grand Theft Auto VI,SG
2023-11-12 00:00:00,0,Grand Theft Auto VI,SG
2023-11-19 00:00:00,0,Grand Theft Auto VI,SG
2023-11-26 00:00:00,0,Grand Theft Auto VI,SG
2023-12-03 00:00:00,0,Grand Theft Auto VI,SG
2023-12-10 00:00:00,0,Grand Theft Auto VI,SG
2023-12-17 00:00:00,0,Grand Theft Auto VI,SG
2023-12-24 00:00:00,0,Grand Theft Auto VI,SG
2023-12-31 00:00:00,0,Grand Theft Auto VI,SG
2024-01-07 00:00:00,0,Grand Theft Auto VI,SG
2024-01-14 00:00:00,0,Grand Theft Auto VI,SG
2024-01-21 00:00:00,0,Grand Theft Auto VI,SG
2024-01-28 00:00:00,0,Grand Theft Auto VI,SG
2024-02-04 00:00:00,0,Grand Theft Auto VI,SG
2024-02-11 00:00:00,0,Grand Theft Auto VI,SG
2024-02-18 00:00:00,0,Grand Theft Auto VI,SG
2024-02-25 00:00:00,0,Grand Theft Auto VI,SG
2024-03-03 00:00:00,0,Grand Theft Auto VI,SG
2024-03-10 00:00:00,0,Grand Theft Auto VI,SG
2024-03-17 00:00:00,0,Grand Theft Auto VI,SG
2024-03-24 00:00:00,0,Grand Theft Auto VI,SG
2024-03-31 00:00:00,0,Grand Theft Auto VI,SG
2024-04-07 00:00:00,0,Grand Theft Auto VI,SG
2024-04-14 00:00:00,0,Grand Theft Auto VI,SG
2024-04-21 00:00:00,0,Grand Theft Auto VI,SG
2024-04-28 00:00:00,0,Grand Theft Auto VI,SG
2024-05-05 00:00:00,0,Grand Theft Auto VI,SG
2024-05-12 00:00:00,0,Grand Theft Auto VI,SG
2024-05-19 00:00:00,0,Grand Theft Auto VI,SG
2024-05-26 00:00:00,0,Grand Theft Auto VI,SG
2024-06-02 00:00:00,0,Grand Theft Auto VI,SG
2024-06-09 00:00:00,0,Grand Theft Auto VI,SG
2024-06-16 00:00:00,0,Grand Theft Auto VI,SG
2024-06-23 00:00:00,0,Grand Theft Auto VI,SG
2024-06-30 00:00:00,0,Grand Theft Auto VI,SG
2024-07-07 00:00:00,0,Grand Theft Auto VI,SG
2024-07-14 00:00:00,0,Grand Theft Auto VI,SG
2024-07-21 00:00:00,0,Grand Theft Auto VI,SG
2024-07-28 00:00:00,0,Grand Theft Auto VI,SG
2024-08-04 00:00:00,0,Grand Theft Auto VI,SG
2024-08-11 00:00:00,0,Grand Theft Auto VI,SG
2024-08-18 00:00:00,0,Grand Theft Auto VI,SG
2024-08-25 00:00:00,0,Grand Theft Auto VI,SG
2024-09-01 00:00:00,0,Grand Theft Auto VI,SG
2024-09-08 00:00:00,0,Grand Theft Auto VI,SG
2024-09-15 00:00:00,0,Grand Theft Auto VI,SG
2024-09-22 00:00:00,0,Grand Theft Auto VI,SG
2024-09-29 00:00:00,0,Grand Theft Auto VI,SG
2024-10-06 00:00:00,0,Grand Theft Auto VI,SG
2024-10-13 00:00:00,0,Grand Theft Auto VI,SG
2024-10-20 00:00:00,0,Grand Theft Auto VI,SG
2024-10-27 00:00:00,0,Grand Theft Auto VI,SG
2024-11-03 00:00:00,0,Grand Theft Auto VI,SG
2024-11-10 00:00:00,0,Grand Theft Auto VI,SG
2024-11-17 00:00:00,0,Grand Theft Auto VI,SG
2024-11-24 00:00:00,0,Grand Theft Auto VI,SG
2024-12-01 00:00:00,0,Grand Theft Auto VI,SG
2024-12-08 00:00:00,0,Grand Theft Auto VI,SG
2024-12-15 00:00:00,0,Grand Theft Auto VI,SG
2024-12-22 00:00:00,0,Grand Theft Auto VI,SG
2024-12-29 00:00:00,0,Grand Theft Auto VI,SG
2025-01-05 00:00:00,0,Grand Theft Auto VI,SG
2025-01-12 00:00:00,0,Grand Theft Auto VI,SG
2025-01-19 00:00:00,0,Grand Theft Auto VI,SG
2025-01-26 00:00:00,0,Grand Theft Auto VI,SG
2025-02-02 00:00:00,0,Grand Theft Auto VI,SG
2025-02-09 00:00:00,0,Grand Theft Auto VI,SG
2025-02-16 00:00:00,0,Grand Theft Auto VI,SG
2025-02-23 00:00:00,0,Grand Theft Auto VI,SG
2025-03-02 00:00:00,0,Grand Theft Auto VI,SG
2025-03-09 00:00:00,0,Grand Theft Auto VI,SG
2025-03-16 00:00:00,0,Grand Theft Auto VI,SG
2025-03-23 00:00:00,0,Grand Theft Auto VI,SG
2025-03-30 00:00:00,0,Grand Theft Auto VI,SG
2025-04-06 00:00:00,0,Grand Theft Auto VI,SG
2025-04-13 00:00:00,0,Grand Theft Auto VI,SG
2025-04-20 00:00:00,0,Grand Theft Auto VI,SG
2025-04-27 00:00:00,0,Grand Theft Auto VI,SG
2025-05-04 00:00:00,0,Grand Theft Auto VI,SG
2025-05-11 00:00:00,0,Grand Theft Auto VI,SG
2025-05-18 00:00:00,0,Grand Theft Auto VI,SG
2025-05-25 00:00:00,0,Grand Theft Auto VI,SG
2025-06-01 00:00:00,0,Grand Theft Auto VI,SG
2025-06-08 00:00:00,0,Grand Theft Auto VI,SG
2025-06-15 00:00:00,0,Grand Theft Auto VI,SG
2025-06-22 00:00:00,0,Grand Theft Auto VI,SG
2025-06-29 00:00:00,0,Grand Theft Auto VI,SG
2025-07-06 00:00:00,0,Grand Theft Auto VI,SG
2025-07-13 00:00:00,0,Grand Theft Auto VI,SG
2025-07-20 00:00:00,0,Grand Theft Auto VI,SG
2025-07-27 00:00:00,0,Grand Theft Auto VI,SG
2025-08-03 00:00:00,0,Grand Theft Auto VI,SG
2025-08-10 00:00:00,0,Grand Theft Auto VI,SG
2025-08-17 00:00:00,0,Grand Theft Auto VI,SG
2025-08-24 00:00:00,0,Grand Theft Auto VI,SG
2025-08-31 00:00:00,0,Grand Theft Auto VI,SG
2025-09-07 00:00:00,0,Grand Theft Auto VI,SG
2025-09-14 00:00:00,0,Grand Theft Auto VI,SG
2025-09-21 00:00:00,0,Grand Theft Auto VI,SG
2025-09-28 00:00:00,0,Grand Theft Auto VI,SG
2025-10-05 00:00:00,0,Grand Theft Auto VI,SG
2025-10-12 00:00:00,0,Grand Theft Auto VI,SG
2025-10-19 00:00:00,0,Grand Theft Auto VI,SG
2025-10-26 00:00:00,0,Grand Theft Auto VI,SG
2025-11-02 00:00:00,0,Grand Theft Auto VI,SG
2025-11-09 00:00:00,0,Grand Theft Auto VI,SG
2025-11-16 00:00:00,0,Grand Theft Auto VI,SG
2025-11-23 00:00:00,0,Grand Theft Auto VI,SG
2025-11-30 00:00:00,0,Grand Theft Auto VI,SG
2025-12-07 00:00:00,0,Grand Theft Auto VI,SG
2025-12-14 00:00:00,0,Grand Theft Auto VI,SG
2025-12-21 00:00:00,0,Grand Theft Auto VI,SG
2025-12-28 00:00:00,0,Grand Theft Auto VI,SG
2026-01-04 00:00:00,0,Grand Theft Auto VI,SG
2026-01-11 00:00:00,0,Grand Theft Auto VI,SG
2026-01-18 00:00:00,0,Grand Theft Auto VI,SG
2026-01-25 00:00:00,0,Grand Theft Auto VI,SG
2026-02-01 00:00:00,0,Grand Theft Auto VI,SG
2026-02-08 00:00:00,0,Grand Theft Auto VI,SG
2026-02-15 00:00:00,0,Grand Theft Auto VI,SG
2026-02-22 00:00:00,0,Grand Theft Auto VI,SG
2026-03-01 00:00:00,0,Grand Theft Auto VI,SG
2026-03-08 00:00:00,0,Grand Theft Auto VI,SG
2026-03-15 00:00:00,0,Grand Theft Auto VI,SG
2026-03-22 00:00:00,0,Grand Theft Auto VI,SG
2026-03-29 00:00:00,0,Grand Theft Auto VI,SG
2026-04-05 00:00:00,0,Grand Theft Auto VI,SG
2026-04-12 00:00:00,0,Grand Theft Auto VI,SG
2026-04-19 00:00:00,0,Grand Theft Auto VI,SG
2026-04-26 00:00:00,0,Grand Theft Auto VI,SG
2026-05-03 00:00:00,0,Grand Theft Auto VI,SG
2026-05-10 00:00:00,0,Grand Theft Auto VI,SG
2026-05-17 00:00:00,0,Grand Theft Auto VI,SG
2026-05-24 00:00:00,0,Grand Theft Auto VI,SG
2026-05-31 00:00:00,0,Grand Theft Auto VI,SG
2026-06-07 00:00:00,0,Grand Theft Auto VI,SG
2026-06-14 00:00:00,36,Grand Theft Auto VI,SG
2026-06-21 00:00:00,100,Grand Theft Auto VI,SG
2026-06-28 00:00:00,48,Grand Theft Auto VI,SG
2026-07-05 00:00:00,24,Grand Theft Auto VI,SG
2026-07-12 00:00:00,0,Grand Theft Auto VI,SG
2026-07-19 00:00:00,0,Grand Theft Auto VI,SG
2026-07-26 00:00:00,0,Grand Theft Auto VI,SG
2026-08-02 00:00:00,0,Grand Theft Auto VI,SG
2026-08-09 00:00:00,0,Grand Theft Auto VI,SG
2026-08-16 00:00:00,0,Grand Theft Auto VI,SG
2026-08-23 00:00:00,28,Grand Theft Auto VI,SG
2026-08-30 00:00:00,19,Grand Theft Auto VI,SG
2026-09-06 00:00:00,6,Grand Theft Auto VI,SG
